form	lemma	upos	feats	count	share	status
può	potere	AUX	Mood=Ind|Number=Sing|Person=3|Tense=Pres|VerbForm=Fin	481	0.992	analysis_absent
come	come	ADP	_	454	0.657	analysis_absent
ad	a	ADP	_	443	0.982	analysis_absent
ed	e	CCONJ	_	273	1.000	analysis_absent
primo	primo	ADJ	Gender=Masc|NumType=Ord|Number=Sing	218	0.991	analysis_absent
presidente	presidente	NOUN	Gender=Masc|Number=Sing	206	0.783	analysis_absent
possono	potere	AUX	Mood=Ind|Number=Plur|Person=3|Tense=Pres|VerbForm=Fin	199	1.000	analysis_absent
deve	dovere	AUX	Mood=Ind|Number=Sing|Person=3|Tense=Pres|VerbForm=Fin	198	0.985	analysis_absent
dove	dove	ADV	_	173	0.956	analysis_absent
tutti	tutto	DET	Gender=Masc|Number=Plur|PronType=Tot	160	0.637	analysis_absent
Che	che	DET	PronType=Int	155	0.829	analysis_absent
prima	primo	ADJ	Gender=Fem|NumType=Ord|Number=Sing	155	0.467	analysis_absent
c'	ci	PRON	Clitic=Yes|PronType=Prs	145	1.000	analysis_absent
alcuni	alcuno	DET	Gender=Masc|Number=Plur|PronType=Ind	110	0.815	analysis_absent
visto	vedere	VERB	Gender=Masc|Number=Sing|Tense=Past|VerbForm=Part	109	0.948	analysis_absent
prima	prima	ADV	ExtPos=ADP	105	0.316	analysis_absent
cosa	cosa	PRON	Number=Sing|PronType=Int	98	0.387	analysis_absent
fino	fino	ADV	ExtPos=ADP	94	0.895	analysis_absent
tale	tale	DET	Number=Sing|PronType=Dem	87	0.888	analysis_absent
devono	dovere	AUX	Mood=Ind|Number=Plur|Person=3|Tense=Pres|VerbForm=Fin	86	0.966	analysis_absent
fine	fine	NOUN	Gender=Fem|Number=Sing	86	0.688	analysis_absent
quella	quello	PRON	Gender=Fem|Number=Sing|PronType=Dem	85	0.759	analysis_absent
tutti	tutto	PRON	Gender=Masc|Number=Plur|PronType=Ind	82	0.327	analysis_absent
tutte	tutto	DET	Gender=Fem|Number=Plur|PronType=Tot	81	0.844	analysis_absent
altri	altro	PRON	Gender=Masc|Number=Plur|PronType=Ind	76	0.335	analysis_absent
maggiore	maggiore	ADJ	Degree=Cmp|Number=Sing	76	0.974	analysis_absent
quelli	quello	PRON	Gender=Masc|Number=Plur|PronType=Dem	76	1.000	analysis_absent
piano	piano	NOUN	Gender=Masc|Number=Sing	74	0.937	analysis_absent
se	se	PRON	Clitic=Yes|Person=3|PronType=Prs	73	0.136	analysis_absent
secondo	secondo	ADJ	Gender=Masc|NumType=Ord|Number=Sing	73	0.390	analysis_absent
via	via	NOUN	Gender=Fem|Number=Sing	71	0.696	analysis_absent
maggio	maggio	NOUN	Gender=Masc|Number=Sing	69	1.000	analysis_absent
potrebbe	potere	AUX	Mood=Cnd|Number=Sing|Person=3|Tense=Pres|VerbForm=Fin	68	1.000	analysis_absent
terzo	terzo	ADJ	Gender=Masc|NumType=Ord|Number=Sing	68	0.932	analysis_absent
quelle	quello	PRON	Gender=Fem|Number=Plur|PronType=Dem	65	0.855	analysis_absent
tutto	tutto	DET	Gender=Masc|Number=Sing|PronType=Tot	65	0.314	analysis_absent
informazioni	informazione	NOUN	Gender=Fem|Number=Plur	64	1.000	analysis_absent
giugno	giugno	NOUN	Gender=Masc|Number=Sing	56	1.000	analysis_absent
ben	bene	ADV	_	55	1.000	analysis_absent
quanto	quanto	ADV	_	54	0.316	analysis_absent
tutta	tutto	DET	Gender=Fem|Number=Sing|PronType=Tot	53	0.736	analysis_absent
maggior	maggiore	ADJ	Degree=Cmp|Number=Sing	51	0.797	analysis_absent
quali	quale	PRON	Number=Plur|PronType=Rel	50	0.617	analysis_absent
comunque	comunque	ADV	_	49	0.980	analysis_absent
migliore	migliore	ADJ	Degree=Cmp|Number=Sing	48	1.000	analysis_absent
possa	potere	AUX	Mood=Sub|Number=Sing|Person=3|Tense=Pres|VerbForm=Fin	48	1.000	analysis_absent
possiamo	potere	AUX	Mood=Ind|Number=Plur|Person=1|Tense=Pres|VerbForm=Fin	47	0.959	analysis_absent
chi	chi	PRON	PronType=Rel	45	0.357	analysis_absent
primi	primo	ADJ	Gender=Masc|NumType=Ord|Number=Plur	45	1.000	analysis_absent
sta	stare	AUX	Mood=Ind|Number=Sing|Person=3|Tense=Pres|VerbForm=Fin	45	0.714	analysis_absent
seconda	secondo	ADJ	Gender=Fem|NumType=Ord|Number=Sing	44	0.863	analysis_absent
particolare	particolare	NOUN	Gender=Masc|Number=Sing	43	0.597	analysis_absent
disco	disco	NOUN	Gender=Masc|Number=Sing	42	1.000	analysis_absent
diversi	diverso	DET	Gender=Masc|Number=Plur|PronType=Ind	42	0.689	analysis_absent
cui	cui	DET	PronType=Rel	41	0.100	analysis_absent
questa	questo	PRON	Gender=Fem|Number=Sing|PronType=Dem	41	0.199	analysis_absent
rispetto	rispetto	NOUN	ExtPos=ADP|Gender=Masc|Number=Sing	41	0.612	analysis_absent
aprile	aprile	NOUN	Gender=Masc|Number=Sing	40	1.000	analysis_absent
azioni	azione	NOUN	Gender=Fem|Number=Plur	40	1.000	analysis_absent
età	età	NOUN	Gender=Fem	39	1.000	analysis_absent
alcune	alcuno	DET	Gender=Fem|Number=Plur|PronType=Ind	38	0.927	analysis_absent
azione	azione	NOUN	Gender=Fem|Number=Sing	38	1.000	analysis_absent
febbraio	febbraio	NOUN	Gender=Masc|Number=Sing	38	1.000	analysis_absent
inferiore	inferiore	ADJ	Degree=Cmp|Number=Sing	38	1.000	analysis_absent
dicembre	dicembre	NOUN	Gender=Masc|Number=Sing	37	1.000	analysis_absent
tali	tale	DET	Number=Plur|PronType=Dem	37	0.661	analysis_absent
cos'	cos'	PRON	Number=Sing|PronType=Int	36	0.643	analysis_absent
gennaio	gennaio	NOUN	Gender=Masc|Number=Sing	36	1.000	analysis_absent
insieme	insieme	ADV	ExtPos=ADP	36	0.480	analysis_absent
vi	vi	PRON	Clitic=Yes|PronType=Prs	36	0.343	analysis_absent
alcuna	alcuno	DET	Gender=Fem|Number=Sing|PronType=Ind	35	1.000	analysis_absent
po'	poco	ADV	_	35	0.648	analysis_absent
vuole	volere	AUX	Mood=Ind|Number=Sing|Person=3|Tense=Pres|VerbForm=Fin	35	0.648	analysis_absent
dovrebbe	dovere	AUX	Mood=Cnd|Number=Sing|Person=3|Tense=Pres|VerbForm=Fin	34	0.971	analysis_absent
lei	lei	PRON	Number=Sing|Person=3|PronType=Prs	34	0.642	analysis_absent
ottobre	ottobre	NOUN	Gender=Masc|Number=Sing	34	1.000	analysis_absent
poter	potere	AUX	VerbForm=Inf	34	1.000	analysis_absent
davanti	davanti	ADV	ExtPos=ADP	33	0.917	analysis_absent
essa	esso	PRON	Gender=Fem|Number=Sing|Person=3|PronType=Prs	33	0.846	analysis_absent
grazie	grazie	NOUN	ExtPos=ADP	33	0.892	analysis_absent
n.	numero	NOUN	Gender=Masc	33	0.971	analysis_absent
potuto	potere	AUX	Gender=Masc|Number=Sing|Tense=Past|VerbForm=Part	33	1.000	analysis_absent
prime	primo	ADJ	Gender=Fem|NumType=Ord|Number=Plur	33	0.917	analysis_absent
dei	di	DET	Gender=Masc|Number=Plur|PronType=Ind	32	0.889	analysis_absent
dovrebbero	dovere	AUX	Mood=Cnd|Number=Plur|Person=3|Tense=Pres|VerbForm=Fin	31	1.000	analysis_absent
pari	pari	ADJ	_	31	0.816	analysis_absent
superiore	superiore	ADJ	Degree=Cmp|Number=Sing	31	0.969	analysis_absent
giudice	giudice	NOUN	Gender=Masc|Number=Sing	30	1.000	analysis_absent
marzo	marzo	NOUN	Gender=Masc|Number=Sing	30	1.000	analysis_absent
me	me	PRON	Number=Sing|Person=1|PronType=Prs	30	0.750	analysis_absent
buon	buono	ADJ	Gender=Masc|Number=Sing	29	1.000	analysis_absent
dovuto	dovere	AUX	Gender=Masc|Number=Sing|Tense=Past|VerbForm=Part	29	0.784	analysis_absent
km	chilometro	NOUN	Gender=Masc	29	0.935	analysis_absent
previsto	prevedere	VERB	Gender=Masc|Number=Sing|Tense=Past|VerbForm=Part	29	0.935	analysis_absent
servente	servente	ADJ	Number=Sing	29	0.967	analysis_absent
molti	molto	PRON	Gender=Masc|Number=Plur|PronType=Ind	28	0.241	analysis_absent
sabato	sabato	NOUN	Gender=Masc|Number=Sing	28	1.000	analysis_absent
salvo	salvo	ADP	ExtPos=SCONJ	28	0.459	analysis_absent
ultimi	ultimo	ADJ	Gender=Masc|NumType=Ord|Number=Plur	28	0.444	analysis_absent
ultimo	ultimo	ADJ	Gender=Masc|NumType=Ord|Number=Sing	28	0.491	analysis_absent
essi	esso	PRON	Gender=Masc|Number=Plur|Person=3|PronType=Prs	27	0.794	analysis_absent
minore	minore	ADJ	Degree=Cmp|Number=Sing	27	0.964	analysis_absent
novembre	novembre	NOUN	Gender=Masc|Number=Sing	27	1.000	analysis_absent
qualcosa	qualcosa	PRON	Number=Sing|PronType=Ind	27	1.000	analysis_absent
stanno	stare	AUX	Mood=Ind|Number=Plur|Person=3|Tense=Pres|VerbForm=Fin	27	0.750	analysis_absent
vicino	vicino	ADV	ExtPos=ADP	27	0.293	analysis_absent
chi	chi	PRON	PronType=Int	26	0.206	analysis_absent
settembre	settembre	NOUN	Gender=Masc|Number=Sing	26	1.000	analysis_absent
alcuni	alcuno	PRON	Gender=Masc|Number=Plur|PronType=Ind	25	0.185	analysis_absent
altra	altro	PRON	Gender=Fem|Number=Sing|PronType=Ind	25	0.197	analysis_absent
auto	auto	NOUN	Gender=Fem	25	0.833	analysis_absent
delle	di	DET	Gender=Fem|Number=Plur|PronType=Ind	25	0.893	analysis_absent
questi	questo	PRON	Gender=Masc|Number=Plur|PronType=Dem	25	0.203	analysis_absent
potrà	potere	AUX	Mood=Ind|Number=Sing|Person=3|Tense=Fut|VerbForm=Fin	24	1.000	analysis_absent
generale	generale	NOUN	Gender=Masc|Number=Sing	23	0.274	analysis_absent
giudici	giudice	NOUN	Gender=Masc|Number=Plur	23	1.000	analysis_absent
luglio	luglio	NOUN	Gender=Masc|Number=Sing	23	1.000	analysis_absent
potrebbero	potere	AUX	Mood=Cnd|Number=Plur|Person=3|Tense=Pres|VerbForm=Fin	23	1.000	analysis_absent
tal	tale	DET	Number=Sing|PronType=Dem	23	0.920	analysis_absent
conformità	conformità	NOUN	Gender=Fem	22	1.000	analysis_absent
migliori	migliore	ADJ	Degree=Cmp|Number=Plur	22	1.000	analysis_absent
vista	vedere	VERB	Gender=Fem|Number=Sing|Tense=Past|VerbForm=Part	22	0.220	analysis_absent
L.	lira	NOUN	Gender=Fem	21	0.875	analysis_absent
intorno	intorno	ADV	ExtPos=ADP	21	0.875	analysis_absent
maggiori	maggiore	ADJ	Degree=Cmp|Number=Plur	21	1.000	analysis_absent
od	o	CCONJ	_	21	1.000	analysis_absent
principi	principio	NOUN	Gender=Masc|Number=Plur	21	0.875	analysis_absent
s'	si	PRON	Clitic=Yes|Person=3|PronType=Prs	21	0.913	analysis_absent
signora	signore	NOUN	Gender=Fem|Number=Sing	21	1.000	analysis_absent
II	II	ADJ	NumType=Ord|Number=Sing	20	0.690	analysis_absent
cos'	cosa	PRON	Number=Sing|PronType=Int	20	0.357	analysis_absent
dovrà	dovere	AUX	Mood=Ind|Number=Sing|Person=3|Tense=Fut|VerbForm=Fin	20	1.000	analysis_absent
esse	esso	PRON	Gender=Fem|Number=Plur|Person=3|PronType=Prs	20	0.833	analysis_absent
puoi	potere	AUX	Mood=Ind|Number=Sing|Person=2|Tense=Pres|VerbForm=Fin	20	0.870	analysis_absent
qualunque	qualunque	DET	Number=Sing|PronType=Ind	20	0.833	analysis_absent
realtà	realtà	NOUN	Gender=Fem|Number=Sing	20	0.488	analysis_absent
ultima	ultimo	ADJ	Gender=Fem|NumType=Ord|Number=Sing	20	0.417	analysis_absent
alcun	alcuno	DET	Gender=Masc|Number=Sing|PronType=Ind	19	0.679	analysis_absent
po'	poco	PRON	Number=Sing|PronType=Ind	19	0.352	analysis_absent
va	andare	AUX	Mood=Ind|Number=Sing|Person=3|Tense=Pres|VerbForm=Fin	19	0.345	analysis_absent
voluto	volere	AUX	Gender=Masc|Number=Sing|Tense=Past|VerbForm=Part	19	0.792	analysis_absent
fini	fine	NOUN	Gender=Masc|Number=Plur	18	0.667	analysis_absent
fuori	fuori	ADV	ExtPos=ADP	18	0.333	analysis_absent
presidenti	presidente	NOUN	Gender=Masc|Number=Plur	18	1.000	analysis_absent
sud	sud	NOUN	Gender=Masc|Number=Sing	18	0.900	analysis_absent
terza	terzo	ADJ	Gender=Fem|NumType=Ord|Number=Sing	18	0.947	analysis_absent
voce	voce	NOUN	Gender=Fem|Number=Sing	18	1.000	analysis_absent
vuol	volere	AUX	Mood=Ind|Number=Sing|Person=3|Tense=Pres|VerbForm=Fin	18	1.000	analysis_absent
albanesi	albanese	NOUN	Number=Plur	17	0.500	analysis_absent
altre	altro	PRON	Gender=Fem|Number=Plur|PronType=Ind	17	0.130	analysis_absent
attorno	attorno	ADV	ExtPos=ADP	17	0.895	analysis_absent
dobbiamo	dovere	AUX	Mood=Ind|Number=Plur|Person=1|Tense=Pres|VerbForm=Fin	17	1.000	analysis_absent
immagine	immagine	NOUN	Gender=Fem|Number=Sing	17	1.000	analysis_absent
informazione	informazione	NOUN	Gender=Fem|Number=Sing	17	1.000	analysis_absent
oltre	oltre	ADV	ExtPos=ADP	17	0.195	analysis_absent
quali	quale	DET	Number=Plur|PronType=Int	17	0.210	analysis_absent
quarto	quarto	ADJ	Gender=Masc|NumType=Ord|Number=Sing	17	0.739	analysis_absent
regista	regista	NOUN	Gender=Masc|Number=Sing	17	0.708	analysis_absent
vogliono	volere	AUX	Mood=Ind|Number=Plur|Person=3|Tense=Pres|VerbForm=Fin	17	0.607	analysis_absent
diverse	diverso	DET	Gender=Fem|Number=Plur|PronType=Ind	16	0.444	analysis_absent
poteva	potere	AUX	Mood=Ind|Number=Sing|Person=3|Tense=Imp|VerbForm=Fin	16	1.000	analysis_absent
pur	pure	ADV	_	16	0.800	analysis_absent
vorrei	volere	AUX	Mood=Cnd|Number=Sing|Person=1|Tense=Pres|VerbForm=Fin	16	0.889	analysis_absent
Festival	Festival	NOUN	Gender=Masc	15	0.556	analysis_absent
Guerra	guerra	NOUN	Gender=Fem|Number=Sing	15	0.882	analysis_absent
concessa	concedere	VERB	Gender=Fem|Number=Sing|Tense=Past|VerbForm=Part	15	1.000	analysis_absent
nulla	nulla	PRON	Number=Sing|PronType=Ind	15	0.429	analysis_absent
potranno	potere	AUX	Mood=Ind|Number=Plur|Person=3|Tense=Fut|VerbForm=Fin	15	1.000	analysis_absent
previsti	prevedere	VERB	Gender=Masc|Number=Plur|Tense=Past|VerbForm=Part	15	0.938	analysis_absent
attrice	attore	NOUN	Gender=Fem|Number=Sing	14	1.000	analysis_absent
commissario	commissario	NOUN	Number=Sing	14	0.636	analysis_absent
essendo	essere	AUX	VerbForm=Ger	14	1.000	analysis_absent
immagini	immagine	NOUN	Gender=Fem|Number=Plur	14	1.000	analysis_absent
serba	serbo	ADJ	Gender=Fem|Number=Sing	14	1.000	analysis_absent
standard	standard	NOUN	Gender=Masc	14	0.875	analysis_absent
tutte	tutto	PRON	Gender=Fem|Number=Plur|PronType=Ind	14	0.146	analysis_absent
visti	vedere	VERB	Gender=Masc|Number=Plur|Tense=Past|VerbForm=Part	14	0.875	analysis_absent
Giusto	giusto	ADJ	Gender=Masc|Number=Sing	13	0.765	analysis_absent
anch'	anche	ADV	_	13	0.929	analysis_absent
certe	certo	DET	Gender=Fem|Number=Plur|PronType=Ind	13	1.000	analysis_absent
ciclista	ciclista	NOUN	Number=Sing	13	1.000	analysis_absent
debba	dovere	AUX	Mood=Sub|Number=Sing|Person=3|Tense=Pres|VerbForm=Fin	13	1.000	analysis_absent
dovranno	dovere	AUX	Mood=Ind|Number=Plur|Person=3|Tense=Fut|VerbForm=Fin	13	1.000	analysis_absent
figlia	figlio	NOUN	Gender=Fem|Number=Sing	13	0.419	analysis_absent
gran	grande	ADJ	Number=Sing	13	0.481	analysis_absent
mittente	mittente	NOUN	Number=Sing	13	1.000	analysis_absent
nord	nord	NOUN	Gender=Masc|Number=Sing	13	0.812	analysis_absent
nostro	nostro	ADJ	Gender=Masc|Number=Sing	13	0.206	analysis_absent
perso	perdere	VERB	Gender=Masc|Number=Sing|Tense=Past|VerbForm=Part	13	0.684	analysis_absent
possano	potere	AUX	Mood=Sub|Number=Plur|Person=3|Tense=Pres|VerbForm=Fin	13	1.000	analysis_absent
potevano	potere	AUX	Mood=Ind|Number=Plur|Person=3|Tense=Imp|VerbForm=Fin	13	1.000	analysis_absent
prevista	prevedere	VERB	Gender=Fem|Number=Sing|Tense=Past|VerbForm=Part	13	0.867	analysis_absent
queste	questo	PRON	Gender=Fem|Number=Plur|PronType=Dem	13	0.141	analysis_absent
radio	radio	NOUN	Gender=Fem	13	0.765	analysis_absent
serbo	serbo	ADJ	Gender=Masc|Number=Sing	13	0.765	analysis_absent
ultime	ultimo	ADJ	Gender=Fem|NumType=Ord|Number=Plur	13	0.565	analysis_absent
...	.	PUNCT	_	12	0.141	analysis_absent
Città	città	NOUN	Gender=Fem	12	0.667	analysis_absent
accanto	accanto	ADV	ExtPos=ADP	12	0.857	analysis_absent
assieme	assieme	ADV	ExtPos=ADP	12	0.857	analysis_absent
baseball	baseball	NOUN	Gender=Masc|Number=Sing	12	1.000	analysis_absent
certi	certo	DET	Gender=Masc|Number=Plur|PronType=Ind	12	0.800	analysis_absent
ciascun	ciascuno	DET	Gender=Masc|Number=Sing|PronType=Ind	12	0.923	analysis_absent
degli	di	DET	Gender=Masc|Number=Plur|PronType=Ind	12	1.000	analysis_absent
dover	dovere	AUX	VerbForm=Inf	12	1.000	analysis_absent
leader	leader	NOUN	Gender=Masc	12	0.245	analysis_absent
metro	metro	NOUN	Gender=Masc|Number=Sing	12	1.000	analysis_absent
quinto	quinto	ADJ	Gender=Masc|NumType=Ord|Number=Sing	12	1.000	analysis_absent
salvo	salvo	ADJ	Number=Sing	12	0.197	analysis_absent
stiamo	stare	AUX	Mood=Ind|Number=Plur|Person=1|Tense=Pres|VerbForm=Fin	12	0.706	analysis_absent
superiori	superiore	ADJ	Degree=Cmp|Number=Plur	12	0.923	analysis_absent
terzi	terzo	ADJ	Gender=Masc|NumType=Ord|Number=Plur	12	0.667	analysis_absent
III	III	ADJ	NumType=Ord|Number=Sing	11	0.733	analysis_absent
benissimo	bene	ADV	Degree=Abs	11	1.000	analysis_absent
generali	generale	NOUN	Gender=Masc|Number=Plur	11	0.407	analysis_absent
lungo	lungo	NOUN	Gender=Masc|Number=Sing	11	0.149	analysis_absent
media	media	NOUN	Gender=Fem|Number=Sing	11	0.379	analysis_absent
no	no	ADV	PronType=Neg	11	0.500	analysis_absent
numerosi	numeroso	DET	Gender=Masc|Number=Plur|PronType=Ind	11	0.579	analysis_absent
tali	tali	ADJ	Number=Plur	11	0.196	analysis_absent
voci	voce	NOUN	Gender=Fem|Number=Plur	11	1.000	analysis_absent
Croce	croce	NOUN	Gender=Fem|Number=Sing	10	0.769	analysis_absent
determinate	determinato	DET	Gender=Fem|Number=Plur|PronType=Ind	10	0.714	analysis_absent
devi	dovere	AUX	Mood=Ind|Number=Sing|Person=2|Tense=Pres|VerbForm=Fin	10	0.909	analysis_absent
devo	dovere	AUX	Mood=Ind|Number=Sing|Person=1|Tense=Pres|VerbForm=Fin	10	1.000	analysis_absent
dinanzi	dinanzi	ADV	ExtPos=ADP	10	1.000	analysis_absent
e-mail	e-mail	NOUN	_	10	1.000	analysis_absent
europea	Europea	PROPN	_	10	0.169	analysis_absent
posizioni	posizione	NOUN	Gender=Fem	10	1.000	analysis_absent
previste	prevedere	VERB	Gender=Fem|Number=Plur|Tense=Past|VerbForm=Part	10	0.833	analysis_absent
sanità	sanità	NOUN	Gender=Fem	10	0.909	analysis_absent
sesto	sesto	ADJ	Gender=Masc|NumType=Ord|Number=Sing	10	1.000	analysis_absent
varie	vario	DET	Gender=Fem|Number=Plur|PronType=Ind	10	0.476	analysis_absent
IV	IV	ADJ	NumType=Ord|Number=Sing	9	0.818	analysis_absent
Italiano	italiano	ADJ	Gender=Masc|Number=Sing	9	0.900	analysis_absent
caccia	caccia	NOUN	Gender=Fem|Number=Sing	9	0.750	analysis_absent
discusso	discutere	VERB	Gender=Masc|Number=Sing|Tense=Past|VerbForm=Part	9	0.900	analysis_absent
don	don	NOUN	Gender=Masc|Number=Sing	9	0.529	analysis_absent
entrambi	entrambi	DET	Gender=Masc|Number=Plur|PronType=Tot	9	0.643	analysis_absent
europea	europea	PROPN	_	9	0.153	analysis_absent
intenzione	intenzione	NOUN	Gender=Fem	9	1.000	analysis_absent
lavoratrici	lavoratore	NOUN	Gender=Fem|Number=Plur	9	1.000	analysis_absent
licenziante	licenziante	NOUN	Gender=Masc|Number=Sing	9	1.000	analysis_absent
nessun	nessuno	DET	Gender=Masc|Number=Sing|PronType=Ind	9	0.692	analysis_absent
nessuna	nessuna	DET	Gender=Fem|Number=Sing|PronType=Ind	9	0.474	analysis_absent
perciò	perciò	SCONJ	_	9	0.562	analysis_absent
posso	potere	AUX	Mood=Ind|Number=Sing|Person=1|Tense=Pres|VerbForm=Fin	9	0.818	analysis_absent
precedenti	precedente	NOUN	Gender=Masc|Number=Plur	9	0.220	analysis_absent
riguardo	riguardo	NOUN	ExtPos=ADP|Gender=Masc|Number=Sing	9	0.281	analysis_absent
sino	sino	ADV	ExtPos=ADP	9	0.900	analysis_absent
volte	volte	NOUN	Gender=Fem|Number=Plur	9	0.114	analysis_absent
atletica	atletica	NOUN	Number=Sing	8	1.000	analysis_absent
ciascuna	ciascuno	DET	Gender=Fem|Number=Sing|PronType=Ind	8	0.667	analysis_absent
civili	civile	NOUN	Number=Plur	8	0.364	analysis_absent
concesso	concedere	VERB	Gender=Masc|Number=Sing|Tense=Past|VerbForm=Part	8	0.889	analysis_absent
derivata	derivata	ADJ	Gender=Fem|Number=Sing	8	0.615	analysis_absent
direttrici	direttrice	ADJ	Gender=Fem|Number=Plur	8	0.500	analysis_absent
disabili	disabili	ADJ	Number=Plur	8	0.889	analysis_absent
doveva	dovere	AUX	Mood=Ind|Number=Sing|Person=3|Tense=Imp|VerbForm=Fin	8	1.000	analysis_absent
dovremmo	dovere	AUX	Mood=Cnd|Number=Plur|Person=1|Tense=Pres|VerbForm=Fin	8	1.000	analysis_absent
ivi	ivi	ADV	_	8	1.000	analysis_absent
locale	locale	NOUN	Gender=Masc|Number=Sing	8	0.258	analysis_absent
me	me	PRON	Clitic=Yes|Number=Sing|Person=1|PronType=Prs	8	0.200	analysis_absent
molte	molto	PRON	Gender=Fem|Number=Plur|PronType=Ind	8	0.114	analysis_absent
musulmani	musulmano	NOUN	Gender=Masc|Number=Plur	8	1.000	analysis_absent
nessuna	nessuno	DET	Gender=Fem|Number=Sing|PronType=Ind	8	0.421	analysis_absent
password	password	NOUN	_	8	1.000	analysis_absent
quel	quello	PRON	Gender=Masc|Number=Sing|PronType=Dem	8	0.136	analysis_absent
vice	vice	ADJ	_	8	0.727	analysis_absent
vogliamo	volere	AUX	Mood=Ind|Number=Plur|Person=1|Tense=Pres|VerbForm=Fin	8	0.800	analysis_absent
voleva	volere	AUX	Mood=Ind|Number=Sing|Person=3|Tense=Imp|VerbForm=Fin	8	0.800	analysis_absent
Fra	fra	ADP	_	7	0.875	analysis_absent
V	V	ADJ	NumType=Ord|Number=Sing	7	0.500	analysis_absent
VI	VI	ADJ	NumType=Ord|Number=Sing	7	0.636	analysis_absent
bambina	bambino	NOUN	Gender=Fem|Number=Sing	7	0.778	analysis_absent
bel	bello	ADJ	Gender=Masc|Number=Sing	7	0.875	analysis_absent
chiunque	chiunque	PRON	Number=Sing|PronType=Ind	7	0.700	analysis_absent
es.	esempio	NOUN	_	7	1.000	analysis_absent
facilità	facilità	NOUN	Gender=Fem	7	1.000	analysis_absent
lontano	lontano	ADV	_	7	0.350	analysis_absent
miglior	migliore	ADJ	Degree=Cmp|Number=Sing	7	0.636	analysis_absent
militari	militare	NOUN	Number=Plur	7	0.250	analysis_absent
moto	moto	NOUN	Gender=Fem	7	0.636	analysis_absent
relatrice	relatore	NOUN	Gender=Fem|Number=Sing	7	1.000	analysis_absent
stava	stare	AUX	Mood=Ind|Number=Sing|Person=3|Tense=Imp|VerbForm=Fin	7	0.636	analysis_absent
stavano	stare	AUX	Mood=Ind|Number=Plur|Person=3|Tense=Imp|VerbForm=Fin	7	1.000	analysis_absent
successo	succedere	VERB	Gender=Masc|Number=Sing|Tense=Past|VerbForm=Part	7	0.121	analysis_absent
sè	sè	PRON	Person=3|PronType=Prs	7	0.636	analysis_absent
sé	sé	PRON	Person=3|PronType=Prs	7	0.875	analysis_absent
ufficiali	ufficiale	NOUN	Gender=Masc|Number=Plur	7	0.500	analysis_absent
uni	uno	PRON	Gender=Masc|Number=Plur|Person=3|PronType=Prs	7	0.875	analysis_absent
voglio	volere	AUX	Mood=Ind|Number=Sing|Person=1|Tense=Pres|VerbForm=Fin	7	0.636	analysis_absent
voler	volere	AUX	VerbForm=Inf	7	0.875	analysis_absent
&	&	SYM	_	6	0.857	analysis_absent
Giorno	Giorno	NOUN	Gender=Masc|Number=Sing	6	1.000	analysis_absent
Mar	mare	NOUN	Gender=Masc|Number=Sing	6	0.545	analysis_absent
agenti	agente	NOUN	Gender=Masc|Number=Plur	6	0.333	analysis_absent
appena	appena	SCONJ	_	6	0.171	analysis_absent
artt.	articolo	NOUN	Gender=Masc|Number=Plur	6	1.000	analysis_absent
basato	basato	ADJ	Gender=Masc|Number=Sing	6	0.857	analysis_absent
cittadina	cittadino	NOUN	Gender=Fem|Number=Sing	6	0.545	analysis_absent
coma	coma	NOUN	Gender=Masc	6	1.000	analysis_absent
combustibile	combustibile	NOUN	Number=Sing	6	1.000	analysis_absent
de	de	PROPN	_	6	0.111	analysis_absent
dovesse	dovere	AUX	Mood=Sub|Number=Sing|Person=3|Tense=Imp|VerbForm=Fin	6	1.000	analysis_absent
elettricista	elettricista	NOUN	Number=Sing	6	1.000	analysis_absent
ennesimo	ennesimo	ADJ	Gender=Masc|NumType=Ord|Number=Sing	6	1.000	analysis_absent
entrambe	entrambi	DET	Gender=Fem|Number=Plur|PronType=Tot	6	1.000	analysis_absent
inferiori	inferiore	ADJ	Degree=Cmp|Number=Plur	6	1.000	analysis_absent
intero	intero	NOUN	Gender=Masc|Number=Sing	6	0.273	analysis_absent
militare	militare	NOUN	Number=Sing	6	0.111	analysis_absent
n'	ne	PRON	Clitic=Yes|PronType=Prs	6	1.000	analysis_absent
niente	niente	PRON	Number=Sing|PronType=Ind	6	0.353	analysis_absent
no	no	INTJ	Polarity=Neg	6	0.273	analysis_absent
particolari	particolare	NOUN	Gender=Masc|Number=Plur	6	0.300	analysis_absent
perso	perso	VERB	Gender=Masc|Number=Sing|Tense=Past|VerbForm=Part	6	0.316	analysis_absent
pianeta	pianeta	NOUN	Number=Sing	6	1.000	analysis_absent
pm	pm	NOUN	Gender=Masc	6	0.750	analysis_absent
polittico	polittico	NOUN	Gender=Masc|Number=Sing	6	1.000	analysis_absent
popolarità	popolarità	NOUN	Gender=Fem	6	1.000	analysis_absent
post	post	ADJ	_	6	0.500	analysis_absent
punk	punk	NOUN	_	6	1.000	analysis_absent
quarta	quarto	ADJ	Gender=Fem|NumType=Ord|Number=Sing	6	1.000	analysis_absent
scoli	scolo	NOUN	Gender=Masc|Number=Plur	6	1.000	analysis_absent
sepolto	seppellire	VERB	Gender=Masc|Number=Sing|Tense=Past|VerbForm=Part	6	0.750	analysis_absent
signore	signore	NOUN	Gender=Fem|Number=Plur	6	0.667	analysis_absent
vanno	andare	AUX	Mood=Ind|Number=Plur|Person=3|Tense=Pres|VerbForm=Fin	6	0.207	analysis_absent
vari	vario	DET	Gender=Masc|Number=Plur|PronType=Ind	6	0.222	analysis_absent
*	*	PUNCT	_	5	1.000	analysis_absent
Codice	Codice	NOUN	Gender=Masc|Number=Sing	5	0.833	analysis_absent
D'	da	ADP	_	5	0.312	analysis_absent
Dio	dio	NOUN	Gender=Masc|Number=Sing	5	0.625	analysis_absent
Esso	esso	PRON	Gender=Masc|Number=Sing|Person=3|PronType=Prs	5	1.000	analysis_absent
Muro	muro	NOUN	Gender=Masc|Number=Sing	5	0.714	analysis_absent
Piazza	piazza	NOUN	Gender=Fem|Number=Sing	5	0.714	analysis_absent
Rossa	rossa	ADJ	Gender=Fem|Number=Sing	5	0.385	analysis_absent
Unite	unito	ADJ	Gender=Fem|Number=Plur	5	0.200	analysis_absent
albanese	albanese	NOUN	Number=Sing	5	0.114	analysis_absent
autista	autista	NOUN	Number=Sing	5	1.000	analysis_absent
cardiopatici	cardiopatico	NOUN	Gender=Masc|Number=Plur	5	1.000	analysis_absent
centrali	centrale	NOUN	Gender=Fem|Number=Plur	5	0.312	analysis_absent
comuni	comune	NOUN	Gender=Masc|Number=Plur	5	0.135	analysis_absent
concessi	concedere	VERB	Gender=Masc|Number=Plur|Tense=Past|VerbForm=Part	5	0.833	analysis_absent
connazionali	connazionale	NOUN	Number=Plur	5	1.000	analysis_absent
direttrici	direttore	NOUN	Gender=Fem|Number=Plur	5	0.312	analysis_absent
don	don	PROPN	_	5	0.294	analysis_absent
dovevano	dovere	AUX	Mood=Ind|Number=Plur|Person=3|Tense=Imp|VerbForm=Fin	5	1.000	analysis_absent
eco	eco	NOUN	Gender=Fem	5	0.417	analysis_absent
internet	internet	NOUN	_	5	0.714	analysis_absent
metal	metal	NOUN	_	5	0.833	analysis_absent
ovunque	ovunque	ADV	_	5	1.000	analysis_absent
pari	pari	NOUN	Gender=Masc|Number=Sing	5	0.132	analysis_absent
raccolto	raccolto	NOUN	Gender=Masc|Number=Sing	5	0.417	analysis_absent
ragazza	ragazzo	NOUN	Gender=Fem|Number=Sing	5	0.250	analysis_absent
ricevuto	ricevuto	ADJ	Gender=Masc|Number=Sing	5	0.116	analysis_absent
rose	rosa	NOUN	Gender=Fem|Number=Plur	5	1.000	analysis_absent
scolo	scolo	NOUN	Gender=Masc|Number=Sing	5	0.714	analysis_absent
tanti	tanto	PRON	Gender=Masc|Number=Plur|PronType=Ind	5	0.217	analysis_absent
tennis	tennis	NOUN	Gender=Masc|Number=Sing	5	1.000	analysis_absent
tv	tv	NOUN	Gender=Fem	5	0.556	analysis_absent
ufficiale	ufficiale	NOUN	Gender=Masc|Number=Sing	5	0.161	analysis_absent
vent'	venti	NUM	NumType=Card	5	1.000	analysis_absent
ventesimo	ventesimo	ADJ	Gender=Masc|NumType=Ord|Number=Sing	5	1.000	analysis_absent
viscosa	viscosa	NOUN	Gender=Fem|Number=Sing	5	1.000	analysis_absent
zingara	zingaro	NOUN	Gender=Fem|Number=Sing	5	1.000	analysis_absent
III	terzo	ADJ	NumType=Ord|Number=Sing	4	0.267	analysis_absent
Rossa	rosso	ADJ	Gender=Fem|Number=Sing	4	0.308	analysis_absent
The	the	DET	Definite=Def|PronType=Art	4	0.333	analysis_absent
Tv	tv	NOUN	Gender=Fem	4	0.444	analysis_absent
Val	valle	NOUN	Gender=Fem|Number=Sing	4	0.800	analysis_absent
apprendista	apprendista	NOUN	Number=Sing	4	1.000	analysis_absent
armonizzate	armonizzato	ADJ	Gender=Fem|Number=Plur	4	0.800	analysis_absent
auto	auto	ADJ	_	4	0.133	analysis_absent
basata	basato	ADJ	Gender=Fem|Number=Sing	4	0.571	analysis_absent
basket	basket	NOUN	Gender=Masc|Number=Sing	4	1.000	analysis_absent
belga	belga	ADJ	Number=Sing	4	1.000	analysis_absent
bosniaca	bosniaco	ADJ	Gender=Fem|Number=Sing	4	1.000	analysis_absent
boss	boss	NOUN	Gender=Masc	4	1.000	analysis_absent
capogruppo	capogruppo	NOUN	Gender=Masc|Number=Sing	4	1.000	analysis_absent
cellulosa	cellulosa	NOUN	Gender=Fem|Number=Sing	4	1.000	analysis_absent
colpevole	colpevole	NOUN	Number=Sing	4	0.444	analysis_absent
coniugi	coniuge	NOUN	Number=Plur	4	1.000	analysis_absent
contraddittorio	contraddittorio	NOUN	Gender=Masc|Number=Sing	4	1.000	analysis_absent
coprifuoco	coprifuoco	NOUN	Gender=Masc|Number=Sing	4	1.000	analysis_absent
corrente	corrente	NOUN	Number=Sing	4	0.364	analysis_absent
credo	credo	NOUN	Gender=Masc|Number=Sing	4	0.211	analysis_absent
debbano	dovere	AUX	Mood=Sub|Number=Plur|Person=3|Tense=Pres|VerbForm=Fin	4	1.000	analysis_absent
determinati	determinato	DET	Gender=Masc|Number=Plur|PronType=Ind	4	0.308	analysis_absent
dev'	dovere	AUX	Mood=Ind|Number=Sing|Person=3|Tense=Pres|VerbForm=Fin	4	1.000	analysis_absent
diciannovesimo	diciannovesimo	ADJ	Gender=Masc|NumType=Ord|Number=Sing	4	1.000	analysis_absent
diversa	diverso	PRON	Gender=Fem|Number=Sing|PronType=Ind	4	0.182	analysis_absent
diverso	diverso	PRON	Gender=Masc|Number=Sing|PronType=Ind	4	0.160	analysis_absent
ecc.	ecc.	NOUN	_	4	0.667	analysis_absent
emittenti	emittente	NOUN	Gender=Fem|Number=Plur	4	1.000	analysis_absent
esercente	esercente	NOUN	Number=Sing	4	1.000	analysis_absent
fidanzata	fidanzato	NOUN	Gender=Fem|Number=Sing	4	1.000	analysis_absent
fini	fini	NOUN	Number=Plur	4	0.148	analysis_absent
lontano	lontano	ADV	ExtPos=ADP	4	0.200	analysis_absent
minor	minore	ADJ	Degree=Cmp|Number=Sing	4	0.800	analysis_absent
minori	minore	ADJ	Degree=Cmp|Number=Plur	4	0.667	analysis_absent
mondiali	mondiali	NOUN	Number=Plur	4	0.286	analysis_absent
moto	moto	NOUN	Gender=Masc|Number=Sing	4	0.364	analysis_absent
nonna	nonna|nonno	NOUN	Gender=Fem|Number=Sing	4	0.571	analysis_absent
numerose	numeroso	DET	Gender=Fem|Number=Plur|PronType=Ind	4	0.571	analysis_absent
orecchie	orecchia	NOUN	Gender=Fem|Number=Plur	4	1.000	analysis_absent
pilota	pilota	NOUN	_	4	0.182	analysis_absent
piovente	piovente	NOUN	Gender=Masc|Number=Sing	4	1.000	analysis_absent
pochissimi	poco	DET	Gender=Masc|PronType=Ind	4	0.800	analysis_absent
potesse	potere	AUX	Mood=Sub|Number=Sing|Person=3|Tense=Imp|VerbForm=Fin	4	1.000	analysis_absent
potremmo	potere	AUX	Mood=Cnd|Number=Plur|Person=1|Tense=Pres|VerbForm=Fin	4	1.000	analysis_absent
serbe	serbo	ADJ	Gender=Fem|Number=Plur	4	1.000	analysis_absent
serbi	serbo	ADJ	Gender=Masc|Number=Plur	4	0.160	analysis_absent
sin	sino	ADV	_	4	0.571	analysis_absent
stia	stare	AUX	Mood=Sub|Number=Sing|Person=3|Tense=Pres|VerbForm=Fin	4	1.000	analysis_absent
tabù	tabù	NOUN	Gender=Masc	4	1.000	analysis_absent
tel.	tel.	NOUN	_	4	1.000	analysis_absent
verde	verde	NOUN	Gender=Masc|Number=Sing	4	0.286	analysis_absent
virtù	virtù	NOUN	Gender=Fem|Number=Sing	4	0.500	analysis_absent
viste	vedere	VERB	Gender=Fem|Number=Plur|Tense=Past|VerbForm=Part	4	1.000	analysis_absent
volevo	volere	AUX	Mood=Ind|Number=Sing|Person=1|Tense=Imp|VerbForm=Fin	4	1.000	analysis_absent
=	=	PUNCT	_	3	1.000	analysis_absent
Battista	battista	ADJ	Number=Sing	3	0.429	analysis_absent
Center	center	NOUN	_	3	0.500	analysis_absent
D'	di	ADP	_	3	0.188	analysis_absent
Gazzetta	gazzetta	NOUN	Gender=Fem|Number=Sing	3	1.000	analysis_absent
II	secondo	ADJ	NumType=Ord|Number=Sing	3	0.103	analysis_absent
Mediterraneo	mediterraneo	ADJ	Gender=Masc|Number=Sing	3	0.273	analysis_absent
Sala	sala	NOUN	Gender=Fem|Number=Sing	3	0.600	analysis_absent
Sapienza	sapienza	NOUN	Gender=Fem|Number=Sing	3	0.750	analysis_absent
The	The	DET	Definite=Def|PronType=Art	3	0.250	analysis_absent
X	X	NOUN	_	3	0.375	analysis_absent
acquirente	acquirente	NOUN	Gender=Masc|Number=Sing	3	0.750	analysis_absent
adito	adito	NOUN	Gender=Masc|Number=Sing	3	1.000	analysis_absent
album	album	NOUN	Gender=Masc|Number=Sing	3	0.200	analysis_absent
alcol	alcol	NOUN	Gender=Masc|Number=Sing	3	1.000	analysis_absent
ambedue	ambedue	DET	Number=Plur|PronType=Tot	3	0.750	analysis_absent
ambientazione	ambientazione	NOUN	Gender=Fem	3	1.000	analysis_absent
asset	asset	NOUN	_	3	1.000	analysis_absent
attaccante	attaccante	NOUN	Number=Sing	3	0.600	analysis_absent
autenticità	autenticità	NOUN	Gender=Fem	3	1.000	analysis_absent
avanzata	avanzata	NOUN	Gender=Fem|Number=Sing	3	0.429	analysis_absent
azzurra	azzurro	NOUN	Gender=Fem|Number=Sing	3	0.429	analysis_absent
bosniaci	bosniaco	ADJ	Gender=Masc|Number=Plur	3	0.600	analysis_absent
campionessa	campione	NOUN	Gender=Fem|Number=Sing	3	0.750	analysis_absent
candidate	candidato	NOUN	Gender=Fem|Number=Plur	3	0.750	analysis_absent
caro	caro	NOUN	Gender=Masc|Number=Sing	3	0.300	analysis_absent
centrale	centrale	NOUN	Gender=Fem|Number=Sing	3	0.143	analysis_absent
cerca	cerca	NOUN	Gender=Fem|Number=Sing	3	0.214	analysis_absent
ciascuna	ciascuno	PRON	Gender=Fem|Number=Sing|PronType=Ind	3	0.250	analysis_absent
ciascuno	ciascuno	DET	Gender=Masc|Number=Sing|PronType=Ind	3	0.136	analysis_absent
combustibili	combustibile	NOUN	Gender=Masc|Number=Plur	3	1.000	analysis_absent
compagne	compagno	NOUN	Gender=Fem|Number=Plur	3	0.600	analysis_absent
computer	computer	NOUN	_	3	0.214	analysis_absent
congiuntamente	congiunto	ADV	_	3	0.750	analysis_absent
costituenti	costituente	NOUN	Gender=Masc|Number=Plur	3	0.500	analysis_absent
custode	custode	NOUN	Gender=Masc|Number=Sing	3	1.000	analysis_absent
debbono	dovere	AUX	Mood=Ind|Number=Plur|Person=3|Tense=Pres|VerbForm=Fin	3	1.000	analysis_absent
decimo	decimo	ADJ	Gender=Masc|NumType=Ord|Number=Sing	3	0.750	analysis_absent
definitiva	definitiva	ADJ	Gender=Fem|Number=Sing	3	0.333	analysis_absent
democristiana	democristiano	NOUN	Gender=Fem|Number=Sing	3	1.000	analysis_absent
detenute	detenuto	NOUN	Gender=Fem|Number=Plur	3	1.000	analysis_absent
dietro	dietro	ADV	ExtPos=ADP	3	0.143	analysis_absent
disciolto	disciolto	ADJ	Gender=Masc|Number=Sing	3	0.750	analysis_absent
domenicale	domenicale	NOUN	Gender=Masc|Number=Sing	3	1.000	analysis_absent
dov'	dove	ADV	_	3	1.000	analysis_absent
economista	economista	NOUN	Number=Sing	3	1.000	analysis_absent
elettrici	elettore	NOUN	Gender=Fem|Number=Plur	3	0.600	analysis_absent
emittente	emittente	NOUN	Gender=Fem|Number=Sing	3	1.000	analysis_absent
entusiasta	entusiasta	ADJ	Number=Sing	3	1.000	analysis_absent
filato	filato	NOUN	Gender=Masc|Number=Sing	3	1.000	analysis_absent
fin	fino	ADV	_	3	0.231	analysis_absent
fin	fino	ADP	_	3	0.231	analysis_absent
fuorilegge	fuorilegge	NOUN	_	3	1.000	analysis_absent
galla	galla	NOUN	Gender=Fem|Number=Sing	3	1.000	analysis_absent
giudicato	giudicato	NOUN	Gender=Masc|Number=Sing	3	0.500	analysis_absent
hezbollah	hezbollah	NOUN	_	3	1.000	analysis_absent
home	home	X	Foreign=Yes	3	0.750	analysis_absent
incontro	incontro	ADV	ExtPos=ADP	3	0.158	analysis_absent
indomani	indomani	NOUN	Gender=Masc	3	1.000	analysis_absent
industriali	industriale	NOUN	Number=Plur	3	0.231	analysis_absent
innanzi	innanzi	ADV	_	3	0.273	analysis_absent
ipotesi	ipotesi	NOUN	Gender=Fem|Number=Sing	3	0.143	analysis_absent
istruite	istruito	ADJ	Gender=Fem|Number=Plur	3	1.000	analysis_absent
italo	italo	ADJ	_	3	0.750	analysis_absent
lampo	lampo	NOUN	Gender=Masc|Number=Sing	3	0.600	analysis_absent
legna	legna	NOUN	Gender=Fem	3	1.000	analysis_absent
liberamente	libero	ADV	_	3	0.231	analysis_absent
lungomare	lungomare	NOUN	Gender=Masc|Number=Sing	3	1.000	analysis_absent
macchinista	macchinista	NOUN	Number=Sing	3	1.000	analysis_absent
mal	male	NOUN	Gender=Masc|Number=Sing	3	0.500	analysis_absent
malgrado	malgrado	ADP	_	3	0.600	analysis_absent
marijuana	marijuana	NOUN	Gender=Fem	3	1.000	analysis_absent
medesima	medesimo	PRON	Gender=Fem|Number=Sing|PronType=Dem	3	0.429	analysis_absent
medesimi	medesimo	PRON	Gender=Masc|Number=Plur|PronType=Dem	3	0.333	analysis_absent
miglior	miglior	ADJ	Gender=Masc|Number=Sing	3	0.273	analysis_absent
minerali	minerale	NOUN	Gender=Masc|Number=Plur	3	0.750	analysis_absent
moltissime	molto	DET	Gender=Fem|Number=Plur|PronType=Ind	3	0.600	analysis_absent
moltissimo	molto	ADV	Degree=Abs	3	1.000	analysis_absent
musicista	musicista	NOUN	Gender=Masc|Number=Sing	3	0.750	analysis_absent
navigabili	navigabili	ADJ	Number=Plur	3	1.000	analysis_absent
negozianti	negoziante	NOUN	Number=Plur	3	1.000	analysis_absent
nettare	nettare	NOUN	Gender=Masc|Number=Sing	3	1.000	analysis_absent
nona	nono	ADJ	Gender=Fem|NumType=Ord|Number=Sing	3	0.750	analysis_absent
nonna	nonno	NOUN	Gender=Fem|Number=Sing	3	0.429	analysis_absent
originale	originale	NOUN	Gender=Masc|Number=Sing	3	0.150	analysis_absent
ossa	ossa	NOUN	Gender=Fem|Number=Plur	3	0.750	analysis_absent
ottimista	ottimista	ADJ	Number=Sing	3	1.000	analysis_absent
ove	ove	ADV	_	3	0.429	analysis_absent
pag.	pagina	NOUN	Gender=Fem	3	1.000	analysis_absent
peggiore	peggiore	ADJ	Degree=Cmp|Number=Sing	3	0.750	analysis_absent
perduto	perdere	VERB	Gender=Masc|Number=Sing|Tense=Past|VerbForm=Part	3	0.750	analysis_absent
pessimista	pessimista	ADJ	Number=Sing	3	1.000	analysis_absent
piuttosto	piuttosto	ADV	ExtPos=ADP	3	0.150	analysis_absent
piuttosto	piuttosto	ADV	ExtPos=SCONJ	3	0.150	analysis_absent
poche	poco	PRON	Gender=Fem|Number=Plur|PronType=Ind	3	0.120	analysis_absent
post	post	NOUN	_	3	0.250	analysis_absent
potè	potere	AUX	Mood=Ind|Number=Sing|Person=3|Tense=Past|VerbForm=Fin	3	1.000	analysis_absent
presepi	presepe|presepio	NOUN	Gender=Masc|Number=Plur	3	1.000	analysis_absent
prof.	professore	NOUN	_	3	1.000	analysis_absent
qual	quale	PRON	Number=Sing|PronType=Int	3	0.600	analysis_absent
quanti	quanto	PRON	Gender=Masc|Number=Plur|PronType=Rel	3	0.158	analysis_absent
quarti	quarto	ADJ	Gender=Masc|NumType=Ord|Number=Plur	3	0.750	analysis_absent
quindicesimo	quindicesimo	ADJ	Gender=Masc|NumType=Ord|Number=Sing	3	1.000	analysis_absent
quinta	quinto	ADJ	Gender=Fem|NumType=Ord|Number=Sing	3	1.000	analysis_absent
radicali	radicale	NOUN	Number=Plur	3	0.750	analysis_absent
realista	realista	NOUN	Number=Sing	3	0.375	analysis_absent
referenti	referente	NOUN	Number=Plur	3	1.000	analysis_absent
rivisti	rivedere	VERB	Gender=Masc|Number=Plur|Tense=Past|VerbForm=Part	3	1.000	analysis_absent
rivoltosi	rivoltoso	NOUN	Gender=Masc|Number=Plur	3	1.000	analysis_absent
romani	romani	NOUN	Gender=Masc|Number=Plur	3	0.600	analysis_absent
rosa	rosa	NOUN	Gender=Fem|Number=Sing	3	0.750	analysis_absent
s.p.a.	s.p.a.	NOUN	Number=Sing	3	0.600	analysis_absent
sa	sapere	AUX	Mood=Ind|Number=Sing|Person=3|Tense=Pres|VerbForm=Fin	3	0.111	analysis_absent
salve	salva	ADJ	Gender=Fem|Number=Plur	3	0.300	analysis_absent
satellitari	satellitare	ADJ	Number=Plur	3	1.000	analysis_absent
scritti	scritto	NOUN	Gender=Masc|Number=Plur	3	0.136	analysis_absent
scrittrice	scrittore	NOUN	Gender=Fem|Number=Sing	3	1.000	analysis_absent
settimo	settimo	ADJ	Gender=Masc|NumType=Ord|Number=Sing	3	1.000	analysis_absent
show	show	NOUN	_	3	0.500	analysis_absent
sloveno	sloveno	ADJ	Gender=Masc|Number=Sing	3	1.000	analysis_absent
sol	solo	ADJ	Gender=Masc|Number=Sing	3	1.000	analysis_absent
sorprese	sorpresa	NOUN	Gender=Fem	3	0.600	analysis_absent
sporti	sporto	NOUN	Gender=Masc|Number=Plur	3	1.000	analysis_absent
spurgo	spurgo	NOUN	Gender=Masc|Number=Sing	3	1.000	analysis_absent
straordinari	straordinario	NOUN	Gender=Masc|Number=Plur	3	0.600	analysis_absent
successivamente	successivo	ADV	_	3	0.250	analysis_absent
sè	sé	PRON	Clitic=Yes|Person=3|PronType=Prs	3	0.273	analysis_absent
sì	sì	INTJ	Polarity=Pos	3	0.214	analysis_absent
talune	taluno	DET	Gender=Fem|Number=Plur|PronType=Ind	3	0.750	analysis_absent
tramite	tramite	NOUN	Gender=Masc|Number=Sing	3	0.130	analysis_absent
tranne	tranne	ADP	ExtPos=SCONJ	3	0.429	analysis_absent
trasmesso	trasmesso	ADJ	Gender=Masc|Number=Sing	3	0.429	analysis_absent
triste	triste	ADJ	Number=Sing	3	1.000	analysis_absent
tv	televisione	NOUN	Gender=Fem	3	0.333	analysis_absent
universo	universo	NOUN	Gender=Masc|Number=Sing	3	1.000	analysis_absent
utile	utile	ADJ	Gender=Masc|Number=Sing	3	0.130	analysis_absent
veloce	veloce	ADV	_	3	0.273	analysis_absent
volevano	volere	AUX	Mood=Ind|Number=Plur|Person=3|Tense=Imp|VerbForm=Fin	3	0.600	analysis_absent
vorrebbe	volere	AUX	Mood=Cnd|Number=Sing|Person=3|Tense=Pres|VerbForm=Fin	3	0.600	analysis_absent
vuoi	volere	AUX	Mood=Ind|Number=Sing|Person=2|Tense=Pres|VerbForm=Fin	3	0.375	analysis_absent
Ben	bene	ADV	_	2	0.200	analysis_absent
Campo	campo	NOUN	Gender=Masc|Number=Sing	2	0.667	analysis_absent
Casa	Casa	NOUN	Gender=Fem|Number=Sing	2	0.286	analysis_absent
Casa	casa	NOUN	Gender=Fem|Number=Sing	2	0.286	analysis_absent
Collina	collina	NOUN	Gender=Fem|Number=Sing	2	0.667	analysis_absent
Democratici	democratico	NOUN	Gender=Masc|Number=Plur	2	0.667	analysis_absent
Don	don	NOUN	Gender=Masc|Number=Sing	2	0.286	analysis_absent
F	F	X	_	2	0.500	analysis_absent
Forum	forum	NOUN	Gender=Masc	2	0.500	analysis_absent
Gip	Gip	NOUN	_	2	1.000	analysis_absent
Giusto	giusto	ADV	_	2	0.118	analysis_absent
Guerra	Guerra	NOUN	Gender=Fem|Number=Sing	2	0.118	analysis_absent
IV	quarto	ADJ	NumType=Ord|Number=Sing	2	0.182	analysis_absent
Les	Les	X	Foreign=Yes	2	0.400	analysis_absent
Madre	Madre	NOUN	Gender=Fem|Number=Sing	2	1.000	analysis_absent
Marina	marina	NOUN	Gender=Fem|Number=Sing	2	0.182	analysis_absent
Ordine	ordine	NOUN	Gender=Masc|Number=Sing	2	0.400	analysis_absent
Pci	pci	NOUN	Gender=Masc	2	1.000	analysis_absent
RaiTre	Raitre	PROPN	_	2	1.000	analysis_absent
Riva	riva	NOUN	Gender=Fem|Number=Sing	2	0.333	analysis_absent
Rivoluzione	rivoluzione	NOUN	Gender=Fem|Number=Sing	2	0.400	analysis_absent
Salvo	salvo	ADP	ExtPos=SCONJ	2	0.400	analysis_absent
Salvo	salvo	ADJ	Number=Sing	2	0.400	analysis_absent
Sport	sport	NOUN	Gender=Masc	2	0.500	analysis_absent
VI	sesto	ADJ	NumType=Ord|Number=Sing	2	0.182	analysis_absent
VIII	ottavo	ADJ	NumType=Ord|Number=Sing	2	0.500	analysis_absent
XIX	XIX	ADJ	NumType=Ord|Number=Sing	2	1.000	analysis_absent
abrogato	abrogato	ADJ	Gender=Masc|Number=Sing	2	0.286	analysis_absent
accetta	accetta	NOUN	Gender=Fem|Number=Sing	2	0.400	analysis_absent
acquirenti	acquirente	NOUN	Gender=Masc|Number=Plur	2	0.667	analysis_absent
agente	agente	NOUN	Gender=Masc|Number=Sing	2	0.333	analysis_absent
altrettanti	altrettanto	PRON	Gender=Masc|Number=Plur|PronType=Ind	2	0.667	analysis_absent
ancorché	ancorché	ADV	_	2	0.400	analysis_absent
andata	andata	NOUN	Gender=Fem|Number=Sing	2	0.200	analysis_absent
andato	andare	AUX	Gender=Masc|Number=Sing|Tense=Past|VerbForm=Part	2	0.105	analysis_absent
andavano	andare	AUX	Mood=Ind|Number=Plur|Person=3|Tense=Imp|VerbForm=Fin	2	0.286	analysis_absent
annunciato	annunciato	ADJ	Gender=Masc|Number=Sing	2	0.118	analysis_absent
antiossidanti	antiossidanti	NOUN	Gender=Masc|Number=Plur	2	1.000	analysis_absent
antropologa	antropologo	NOUN	Gender=Fem|Number=Sing	2	1.000	analysis_absent
anziché	anziché	ADV	_	2	0.500	analysis_absent
aperto	aperto	NOUN	Gender=Masc|Number=Sing	2	0.105	analysis_absent
artista	artista	NOUN	Gender=Fem|Number=Sing	2	0.143	analysis_absent
associate	associato	ADJ	Gender=Fem|Number=Plur	2	0.500	analysis_absent
associati	associato	ADJ	Gender=Masc|Number=Plur	2	0.667	analysis_absent
atomica	atomico	NOUN	Gender=Fem|Number=Sing	2	0.200	analysis_absent
attaccanti	attaccante	NOUN	Number=Plur	2	1.000	analysis_absent
autrice	autore	NOUN	Gender=Fem|Number=Sing	2	1.000	analysis_absent
avvenuto	avvenuto	ADJ	Gender=Masc|Number=Sing	2	0.125	analysis_absent
avversarie	avversario	NOUN	Gender=Fem|Number=Plur	2	0.667	analysis_absent
barrage	barrage	NOUN	_	2	1.000	analysis_absent
basate	basato	ADJ	Gender=Fem|Number=Plur	2	0.500	analysis_absent
bassista	bassista	NOUN	Number=Sing	2	1.000	analysis_absent
basso	basso	NOUN	Gender=Masc|Number=Sing	2	0.105	analysis_absent
basso	basso	ADV	_	2	0.105	analysis_absent
belgi	belga	ADJ	Gender=Masc|Number=Plur	2	0.667	analysis_absent
bianconero	bianconero	ADJ	Gender=Masc|Number=Sing	2	1.000	analysis_absent
blu	blu	ADJ	Number=Sing	2	0.200	analysis_absent
bosniaco	bosniaco	ADJ	Gender=Masc|Number=Sing	2	1.000	analysis_absent
buste	buste	NOUN	Gender=Masc|Number=Sing	2	0.667	analysis_absent
cacao	cacao	NOUN	Gender=Masc|Number=Sing	2	0.667	analysis_absent
capite	capite	X	Foreign=Yes	2	1.000	analysis_absent
cardinal	cardinal	NOUN	Gender=Masc|Number=Sing	2	0.667	analysis_absent
catturato	catturato	ADJ	Gender=Masc|Number=Sing	2	0.400	analysis_absent
ceceni	ceceni	ADJ	Gender=Masc|Number=Plur	2	0.500	analysis_absent
ceceni	ceceni	NOUN	Gender=Masc|Number=Plur	2	0.500	analysis_absent
centralità	centralità	NOUN	Gender=Fem	2	1.000	analysis_absent
centrista	centrista	NOUN	Number=Sing	2	0.667	analysis_absent
centro-sinistra	centro-sinistra	NOUN	Gender=Masc|Number=Sing	2	1.000	analysis_absent
cestino	cesto	NOUN	Gender=Masc|Number=Sing	2	1.000	analysis_absent
chances	chances	NOUN	Gender=Fem|Number=Plur	2	1.000	analysis_absent
check-up	check-up	NOUN	_	2	0.182	analysis_absent
chimica	chimica	NOUN	Gender=Fem|Number=Sing	2	0.286	analysis_absent
chip	chip	NOUN	Gender=Masc	2	1.000	analysis_absent
chiusa	chiusa	NOUN	Gender=Fem|Number=Sing	2	0.200	analysis_absent
code	code	NOUN	Gender=Masc	2	0.400	analysis_absent
collegate	collegato	ADJ	Gender=Fem|Number=Plur	2	0.400	analysis_absent
comandante	comandante	NOUN	Number=Sing	2	0.250	analysis_absent
combattenti	combattente	NOUN	Number=Plur	2	1.000	analysis_absent
comparativi	comparativo	NOUN	Gender=Masc|Number=Plur	2	1.000	analysis_absent
completamente	completo	ADV	_	2	0.167	analysis_absent
computer	computer	NOUN	Gender=Masc|Number=Sing	2	0.143	analysis_absent
concesse	concedere	VERB	Gender=Fem|Number=Plur|Tense=Past|VerbForm=Part	2	1.000	analysis_absent
conducente	conducente	NOUN	Number=Sing	2	1.000	analysis_absent
connessi	connesso	VERB	Gender=Masc|Number=Plur|Tense=Past|VerbForm=Part	2	0.400	analysis_absent
conosciuto	conosciuto	VERB	Gender=Masc|Number=Sing|Tense=Past|VerbForm=Part	2	0.105	analysis_absent
conservatore	conservatore	ADJ	Gender=Masc|Number=Sing	2	0.500	analysis_absent
contingente	contingente	NOUN	Gender=Masc|Number=Sing	2	1.000	analysis_absent
cooperanti	cooperante	NOUN	Number=Plur	2	0.667	analysis_absent
critica	critico	NOUN	Gender=Fem|Number=Sing	2	0.200	analysis_absent
dc	dc	NOUN	Gender=Fem	2	1.000	analysis_absent
decorate	decorato	VERB	Gender=Fem|Number=Plur|Tense=Past|VerbForm=Part	2	1.000	analysis_absent
del	di	DET	Gender=Masc|Number=Sing|PronType=Ind	2	0.667	analysis_absent
dell'	di	DET	Number=Sing|PronType=Ind	2	1.000	analysis_absent
dentro	dentro	ADV	ExtPos=ADP	2	0.154	analysis_absent
dette	detto	ADJ	Gender=Fem|Number=Plur	2	0.500	analysis_absent
diario	Diario	NOUN	Gender=Masc|Number=Sing	2	0.400	analysis_absent
diciottesimo	diciottesimo	ADJ	Gender=Masc|NumType=Ord|Number=Sing	2	1.000	analysis_absent
dilettanti	dilettante	NOUN	Number=Plur	2	1.000	analysis_absent
dimezzato	dimezzato	ADJ	Gender=Masc|Number=Sing	2	1.000	analysis_absent
dimostranti	dimostrante	NOUN	Number=Plur	2	1.000	analysis_absent
direttamente	diretto	ADV	_	2	0.167	analysis_absent
direttrici	diretrice	ADJ	Gender=Fem|Number=Plur	2	0.125	analysis_absent
disposto	disposto	NOUN	Gender=Masc|Number=Sing	2	0.143	analysis_absent
documentato	documentare	VERB	Number=Sing|Tense=Past|VerbForm=Part	2	1.000	analysis_absent
dodicesimo	dodicesimo	ADJ	Gender=Masc|NumType=Ord|Number=Sing	2	1.000	analysis_absent
dolce	dolce	NOUN	Gender=Masc|Number=Sing	2	0.222	analysis_absent
dovessero	dovere	AUX	Mood=Sub|Number=Plur|Person=3|Tense=Imp|VerbForm=Fin	2	1.000	analysis_absent
ecc.	eccetera	ADV	_	2	0.333	analysis_absent
ecco	ecco	ADV	ExtPos=SCONJ	2	0.111	analysis_absent
elettricità	elettricità	NOUN	Gender=Fem|Number=Sing	2	0.333	analysis_absent
emigranti	emigrante	NOUN	Number=Plur	2	1.000	analysis_absent
emozionato	emozionato	ADJ	Gender=Masc|Number=Sing	2	1.000	analysis_absent
eppure	eppure	CCONJ	_	2	1.000	analysis_absent
escluso	escluso	VERB	Gender=Masc|Number=Sing|Tense=Past|VerbForm=Part	2	1.000	analysis_absent
espressamente	espresso	ADV	_	2	0.143	analysis_absent
essenziale	essenziale	NOUN	Gender=Masc|Number=Sing	2	0.154	analysis_absent
etc.	eccetera	ADV	_	2	1.000	analysis_absent
fabbricante	fabbricante	NOUN	Number=Sing	2	0.667	analysis_absent
fenice	fenice	NOUN	Gender=Masc|Number=Sing	2	1.000	analysis_absent
ferie	ferie	NOUN	Gender=Fem|Number=Plur	2	0.286	analysis_absent
figlie	figlio	NOUN	Gender=Fem|Number=Plur	2	0.500	analysis_absent
filati	filato	NOUN	Gender=Masc|Number=Plur	2	1.000	analysis_absent
frantumato	frantumato	ADJ	Gender=Masc|Number=Sing	2	0.667	analysis_absent
frantumi	frantume	NOUN	Gender=Masc|Number=Plur	2	0.667	analysis_absent
frugalità	frugalità	NOUN	Gender=Fem	2	1.000	analysis_absent
gala	gala	NOUN	Gender=Fem|Number=Sing	2	1.000	analysis_absent
geometra	geometra	NOUN	Number=Sing	2	1.000	analysis_absent
gigante	gigante	ADJ	Gender=Masc|Number=Sing	2	0.400	analysis_absent
giustificata	giustificato	ADJ	Gender=Fem|Number=Sing	2	0.667	analysis_absent
giustificati	giustificato	ADJ	Gender=Masc|Number=Plur	2	1.000	analysis_absent
gol	goal	NOUN	Gender=Masc	2	0.167	analysis_absent
guadagnati	guadagnato	ADJ	Gender=Masc	2	1.000	analysis_absent
impiegata	impiegato	NOUN	Gender=Fem|Number=Sing	2	0.200	analysis_absent
improvvisamente	improvviso	ADV	_	2	0.400	analysis_absent
incappucciato	incappucciato	ADJ	Gender=Masc|Number=Sing	2	1.000	analysis_absent
inferocita	inferocito	ADJ	Gender=Fem|Number=Sing	2	1.000	analysis_absent
ingannatori	ingannatore	NOUN	Gender=Masc|Number=Plur	2	1.000	analysis_absent
iniziali	iniziale	NOUN	Gender=Fem|Number=Plur	2	0.400	analysis_absent
installati	installato	ADJ	Gender=Masc|Number=Plur	2	0.667	analysis_absent
intercettato	intercettato	ADJ	Gender=Masc|Number=Sing	2	1.000	analysis_absent
intraprese	intraprendere	VERB	Gender=Fem|Tense=Past|VerbForm=Part	2	0.500	analysis_absent
lady	lady	NOUN	_	2	0.500	analysis_absent
lato	lato	ADJ	Gender=Masc|Number=Sing	2	0.111	analysis_absent
lavoratrice	lavoratore	NOUN	Gender=Fem|Number=Sing	2	0.667	analysis_absent
legati	legato	NOUN	Gender=Masc|Number=Plur	2	0.250	analysis_absent
legittimamente	legittimo	ADV	_	2	1.000	analysis_absent
lente	lente	NOUN	Gender=Fem|Number=Sing	2	1.000	analysis_absent
lenti	lente	NOUN	Gender=Fem|Number=Plur	2	0.667	analysis_absent
liberate	liberato	ADJ	Gender=Fem|Number=Plur	2	0.400	analysis_absent
libici	libico	NOUN	Gender=Masc|Number=Plur	2	0.667	analysis_absent
limitare	limitare	NOUN	Gender=Masc|Number=Sing	2	0.200	analysis_absent
luccicante	luccicante	ADJ	Number=Sing	2	1.000	analysis_absent
luccicanti	luccicante	ADJ	Number=Plur	2	1.000	analysis_absent
magnati	magnate	NOUN	Number=Plur	2	1.000	analysis_absent
mal	male	ADV	_	2	0.333	analysis_absent
malapena	malapena	NOUN	Gender=Fem|Number=Sing	2	1.000	analysis_absent
malgrado	malgrado	SCONJ	_	2	0.400	analysis_absent
maniacalità	maniacalità	NOUN	Gender=Fem|Number=Sing	2	1.000	analysis_absent
maratoneta	maratoneta	NOUN	Number=Sing	2	1.000	analysis_absent
massime	massima	NOUN	Gender=Fem|Number=Plur	2	1.000	analysis_absent
medesimo	medesimo	PRON	Gender=Masc|Number=Sing|PronType=Dem	2	0.133	analysis_absent
mensile	mensile	NOUN	Gender=Masc|Number=Sing	2	0.333	analysis_absent
mente	menta	NOUN	Gender=Fem|Number=Plur	2	0.182	analysis_absent
menu	menù	NOUN	Gender=Masc	2	0.500	analysis_absent
miei	mio	PRON	Gender=Masc|Number=Plur|Poss=Yes|PronType=Prs	2	0.133	analysis_absent
militanti	militante	NOUN	Number=Plur	2	1.000	analysis_absent
minori	minore	NOUN	Number=Plur	2	0.333	analysis_absent
mitra	mitra	NOUN	Number=Sing	2	1.000	analysis_absent
modificata	modificato	ADJ	Gender=Fem|Number=Sing	2	0.400	analysis_absent
modificati	modificato	ADJ	Gender=Masc|Number=Plur	2	0.667	analysis_absent
moltissimi	molto	DET	Gender=Masc|Number=Plur|PronType=Ind	2	0.667	analysis_absent
murales	murales	NOUN	_	2	1.000	analysis_absent
narcos	narcos	NOUN	_	2	1.000	analysis_absent
narcotrafficanti	narcotrafficante	NOUN	Number=Plur	2	1.000	analysis_absent
naturalista	naturalista	NOUN	Number=Sing	2	1.000	analysis_absent
navigabile	navigabile	ADJ	_	2	1.000	analysis_absent
nessuna	nessuno	PRON	Gender=Fem|Number=Sing|PronType=Ind	2	0.105	analysis_absent
nord-est	nord-est	NOUN	Gender=Masc|Number=Sing	2	1.000	analysis_absent
occorse	occorso	ADJ	Gender=Fem|Number=Plur	2	0.500	analysis_absent
offerti	offerto	ADJ	Gender=Masc|Number=Plur	2	0.500	analysis_absent
online	online	ADJ	Gender=Fem|Number=Plur	2	0.500	analysis_absent
online	online	NOUN	Gender=Fem|Number=Plur	2	0.500	analysis_absent
or	or	ADV	ExtPos=ADV	2	0.667	analysis_absent
ossidante	ossidante	ADJ	Number=Sing	2	1.000	analysis_absent
ottava	ottavo	ADJ	Gender=Fem|NumType=Ord|Number=Sing	2	1.000	analysis_absent
ottavo	ottavo	ADJ	Gender=Masc|NumType=Ord|Number=Sing	2	1.000	analysis_absent
papà	papà	NOUN	Gender=Masc|Number=Sing	2	0.222	analysis_absent
parati	parato	NOUN	Gender=Masc|Number=Plur	2	1.000	analysis_absent
patriota	patriota	NOUN	Number=Sing	2	1.000	analysis_absent
peggio	peggio	NOUN	Gender=Masc|Number=Sing	2	0.333	analysis_absent
peggio	peggio	NOUN	Gender=Masc	2	0.333	analysis_absent
peggiori	peggiore	ADJ	Degree=Cmp|Number=Plur	2	1.000	analysis_absent
portaborse	portaborse	NOUN	_	2	0.667	analysis_absent
portanti	portante	NOUN	Gender=Fem|Number=Plur	2	1.000	analysis_absent
post	post	ADV	_	2	0.167	analysis_absent
potevamo	potere	AUX	Mood=Ind|Number=Plur|Person=1|Tense=Imp|VerbForm=Fin	2	1.000	analysis_absent
potremo	potere	AUX	Mood=Ind|Number=Plur|Person=1|Tense=Fut|VerbForm=Fin	2	1.000	analysis_absent
potuta	potere	AUX	Gender=Fem|Number=Sing|Tense=Past|VerbForm=Part	2	1.000	analysis_absent
predeterminato	predeterminato	ADJ	Gender=Masc|Number=Sing	2	1.000	analysis_absent
prese	prendere	VERB	Gender=Fem|Mood=Ind|Number=Plur|Tense=Past|VerbForm=Fin	2	0.200	analysis_absent
prestanome	prestanome	NOUN	_	2	1.000	analysis_absent
priori	priori	ADV	_	2	1.000	analysis_absent
pristino	pristino	NOUN	Gender=Masc|Number=Sing	2	1.000	analysis_absent
pro	pro	X	Foreign=Yes	2	0.667	analysis_absent
professionista	professionista	ADJ	Number=Sing	2	0.500	analysis_absent
professionisti	professionista	ADJ	Gender=Masc|Number=Plur	2	0.667	analysis_absent
professoresse	professore	NOUN	Gender=Fem|Number=Plur	2	1.000	analysis_absent
prognosi	prognosi	NOUN	Gender=Fem|Number=Sing	2	0.667	analysis_absent
proposti	proposto	ADJ	Gender=Masc|Number=Plur	2	0.667	analysis_absent
pubblicata	pubblicato	ADJ	Gender=Fem|Number=Sing	2	0.333	analysis_absent
pur	pure	ADV	ExtPos=ADP	2	0.100	analysis_absent
qualsivoglia	qualsivoglia	DET	Number=Sing|PronType=Ind	2	1.000	analysis_absent
quanti	quanto	PRON	Gender=Masc|Number=Plur|PronType=Int	2	0.105	analysis_absent
radio	radio	NOUN	Gender=Masc|Number=Sing	2	0.118	analysis_absent
ragazze	ragazzo	NOUN	Gender=Fem|Number=Plur	2	0.200	analysis_absent
ragazzine	ragazzino	NOUN	Gender=Fem|Number=Plur	2	1.000	analysis_absent
rampante	rampante	ADJ	Number=Sing	2	1.000	analysis_absent
rapidità	rapidità	NOUN	Gender=Fem	2	1.000	analysis_absent
rassicurante	rassicurante	ADJ	Number=Sing	2	1.000	analysis_absent
ravvicinata	ravvicinato	ADJ	Gender=Fem|Number=Sing	2	1.000	analysis_absent
realista	realista	ADJ	Gender=Fem|Number=Sing	2	0.250	analysis_absent
registrati	registrato	ADJ	Gender=Masc|Number=Plur	2	0.400	analysis_absent
relax	relax	NOUN	Gender=Masc|Number=Sing	2	0.333	analysis_absent
reporter	reporter	NOUN	Gender=Masc	2	1.000	analysis_absent
retribuite	retribuito	ADJ	Gender=Fem|Number=Plur	2	1.000	analysis_absent
richiesto	richiesto	ADJ	Gender=Masc|Number=Sing	2	0.167	analysis_absent
riconquistate	riconquistato	ADJ	Gender=Fem|Number=Plur	2	1.000	analysis_absent
riducente	riducente	ADJ	Number=Sing	2	1.000	analysis_absent
riempie	riempire	VERB	Mood=Ind|Number=Sing|Person=3|Tense=Pres|VerbForm=Fin	2	1.000	analysis_absent
rilassati	rilassare	VERB	Mood=Imp|Number=Sing|Person=2|Tense=Pres|VerbForm=Fin	2	1.000	analysis_absent
rilassato	rilassato	ADJ	Gender=Masc|Number=Sing	2	1.000	analysis_absent
ritrovati	ritrovato	NOUN	Gender=Masc|Number=Plur	2	0.400	analysis_absent
salisburghese	salisburghese	ADJ	Gender=Masc|Number=Sing	2	1.000	analysis_absent
schermate	schermata	NOUN	Gender=Fem|Number=Plur	2	1.000	analysis_absent
scolo	scolo	VERB	Mood=Ind|Number=Sing|Person=1|Tense=Pres|VerbForm=Fin	2	0.286	analysis_absent
sconfitta	sconfitta|sconfitto	NOUN	Gender=Fem|Number=Sing	2	0.222	analysis_absent
sesta	sesto	ADJ	Gender=Fem|NumType=Ord|Number=Sing	2	1.000	analysis_absent
settima	settimo	ADJ	Gender=Fem|NumType=Ord|Number=Sing	2	1.000	analysis_absent
sguarnito	sguarnito	ADJ	Gender=Masc|Number=Sing	2	1.000	analysis_absent
show	show	X	Foreign=Yes	2	0.333	analysis_absent
simulata	simulato	ADJ	Gender=Fem|Number=Sing	2	1.000	analysis_absent
sin	sino	ADV	ExtPos=ADP	2	0.286	analysis_absent
soap	soap	NOUN	_	2	1.000	analysis_absent
sopraelevata	sopraelevato	ADJ	Gender=Fem|Number=Sing	2	1.000	analysis_absent
sopravvenuta	sopravvenuto	ADJ	Gender=Fem|Number=Sing	2	0.667	analysis_absent
sottopagati	sottopagato	NOUN	Gender=Masc|Number=Plur	2	0.667	analysis_absent
srl	srl	PROPN	_	2	0.500	analysis_absent
srl	srl	NOUN	Number=Sing	2	0.500	analysis_absent
sto	stare	AUX	Mood=Ind|Number=Sing|Person=1|Tense=Pres|VerbForm=Fin	2	0.400	analysis_absent
stoppa	stoppa	NOUN	Gender=Fem|Number=Sing	2	1.000	analysis_absent
straordinario	straordinario	NOUN	Gender=Masc|Number=Sing	2	0.500	analysis_absent
studentesse	studente	NOUN	Gender=Fem|Number=Plur	2	0.667	analysis_absent
studiosa	studioso	NOUN	Gender=Fem|Number=Sing	2	1.000	analysis_absent
suicidi	suicida	NOUN	Gender=Masc|Number=Plur	2	0.400	analysis_absent
suicidi	suicida	ADJ	Gender=Masc|Number=Plur	2	0.400	analysis_absent
superfici	superfice	NOUN	Gender=Fem|Number=Plur	2	0.500	analysis_absent
svizzeri	svizzero	NOUN	Gender=Masc|Number=Plur	2	0.333	analysis_absent
svizzero	svizzero	NOUN	Gender=Masc|Number=Sing	2	0.250	analysis_absent
tedesca	tedesco	NOUN	Gender=Fem|Number=Sing	2	0.154	analysis_absent
tentato	tentato	ADJ	Gender=Masc|Number=Sing	2	0.182	analysis_absent
trafficata	trafficato	ADJ	Gender=Fem|Number=Sing	2	1.000	analysis_absent
tua	tuo	PRON	Gender=Fem|Number=Sing|Poss=Yes|PronType=Prs	2	0.133	analysis_absent
tuttofare	tuttofare	NOUN	_	2	1.000	analysis_absent
unicamente	unico	ADV	_	2	1.000	analysis_absent
utilizzati	utilizzato	ADJ	Gender=Masc|Number=Plur	2	0.167	analysis_absent
ventiseienne	ventiseienne	ADJ	Gender=Fem|Number=Plur	2	1.000	analysis_absent
vice	vice	NOUN	_	2	0.182	analysis_absent
video	video	ADJ	_	2	0.667	analysis_absent
vigili	vigile	NOUN	Number=Plur	2	0.333	analysis_absent
visti	visto	NOUN	Gender=Masc|Number=Plur	2	0.125	analysis_absent
vivi	vivo	NOUN	Gender=Masc|Number=Plur	2	0.400	analysis_absent
voglia	volere	AUX	Mood=Sub|Number=Sing|Person=3|Tense=Pres|VerbForm=Fin	2	0.333	analysis_absent
vogliano	volere	AUX	Mood=Sub|Number=Plur|Person=3|Tense=Pres|VerbForm=Fin	2	1.000	analysis_absent
volute	voluta	NOUN	Gender=Fem|Number=Plur	2	1.000	analysis_absent
von	von	PROPN	_	2	0.667	analysis_absent
vorrà	volere	AUX	Mood=Ind|Number=Sing|Person=3|Tense=Fut|VerbForm=Fin	2	0.667	analysis_absent
&	&	CCONJ	_	1	0.143	analysis_absent
Alleanza	alleanza	NOUN	Gender=Fem|Number=Sing	1	0.250	analysis_absent
Avenue	avenue	NOUN	Number=Sing	1	0.500	analysis_absent
Azzurra	azzurro	ADJ	Gender=Fem|Number=Sing	1	1.000	analysis_absent
Battaglia	Battaglia	NOUN	Gender=Fem|Number=Sing	1	0.333	analysis_absent
Battaglia	battaglia	NOUN	Gender=Fem|Number=Sing	1	0.333	analysis_absent
Bel	bello	ADJ	Gender=Masc|Number=Sing	1	0.500	analysis_absent
Bella	bella	ADJ	Gender=Fem|Number=Sing	1	0.500	analysis_absent
Bene	bene	ADV	_	1	1.000	analysis_absent
Benvenuti	benvenuto	ADJ	Gender=Masc|Number=Plur	1	1.000	analysis_absent
Bianca	bianco	ADJ	Gender=Fem|Number=Sing	1	0.167	analysis_absent
Black	black	ADJ	_	1	0.333	analysis_absent
Caccia	Caccia	NOUN	Gender=Fem|Number=Sing	1	0.333	analysis_absent
Caccia	caccia	NOUN	Gender=Fem|Number=Sing	1	0.333	analysis_absent
Castello	castello	NOUN	Gender=Masc|Number=Sing	1	0.500	analysis_absent
Cattolica	cattolica	ADJ	Gender=Fem|Number=Sing	1	1.000	analysis_absent
Club	Club	NOUN	Gender=Masc	1	0.333	analysis_absent
Club	club	NOUN	Gender=Masc	1	0.333	analysis_absent
Compagnia	Compagnia	NOUN	Gender=Fem|Number=Sing	1	0.333	analysis_absent
Compagnia	compagnia	NOUN	Gender=Fem|Number=Sing	1	0.333	analysis_absent
Crespo	crespo	PROPN	_	1	0.333	analysis_absent
Democratici	Democratici	NOUN	Gender=Masc|Number=Plur	1	0.333	analysis_absent
Fra	Fra	ADP	_	1	0.125	analysis_absent
Gente	gente	NOUN	Gender=Fem|Number=Sing	1	1.000	analysis_absent
Germanie	Germania	NOUN	Gender=Fem|Number=Plur	1	1.000	analysis_absent
Giornale	Giornale	NOUN	Gender=Masc|Number=Sing	1	1.000	analysis_absent
Golf	golf	NOUN	Gender=Masc	1	0.250	analysis_absent
Guardasigilli	guardasigilli	NOUN	Gender=Masc	1	1.000	analysis_absent
Internet	internet	NOUN	_	1	0.100	analysis_absent
Italiano	italiano	NOUN	Gender=Masc|Number=Sing	1	0.100	analysis_absent
Lago	lago	NOUN	Gender=Masc|Number=Sing	1	0.250	analysis_absent
Lago	lago	PROPN	_	1	0.250	analysis_absent
Les	Les	PROPN	Foreign=Yes	1	0.200	analysis_absent
Les	Les	DET	Definite=Def|Number=Plur|PronType=Art	1	0.200	analysis_absent
Libero	Libero	ADJ	Gender=Masc|Number=Sing	1	1.000	analysis_absent
Life	life	NOUN	Number=Sing	1	0.500	analysis_absent
Lotta	Lotta	ADJ	_	1	1.000	analysis_absent
Madame	madama	NOUN	Gender=Fem|Number=Plur	1	1.000	analysis_absent
Man	Man	NOUN	_	1	0.200	analysis_absent
Man	Man	X	Foreign=Yes	1	0.200	analysis_absent
Manca	mancare	VERB	Mood=Ind|Number=Sing|Person=3|Tense=Pres|VerbForm=Fin	1	1.000	analysis_absent
Ministero	Ministero	NOUN	Gender=Masc|Number=Sing	1	0.500	analysis_absent
Ministero	ministero	NOUN	Gender=Masc|Number=Sing	1	0.500	analysis_absent
Muro	Muro	NOUN	Gender=Masc|Number=Sing	1	0.143	analysis_absent
News	News	NOUN	_	1	1.000	analysis_absent
Notte	notte	NOUN	Gender=Fem|Number=Sing	1	1.000	analysis_absent
Oro	oro	NOUN	Gender=Masc|Number=Sing	1	0.500	analysis_absent
Otto	Otto	NUM	NumType=Card	1	0.500	analysis_absent
Otto	otto	NUM	NumType=Card	1	0.500	analysis_absent
Ottocento	ottocento	NOUN	Gender=Masc|Number=Sing	1	0.200	analysis_absent
Pazienza	pazienza	NOUN	Gender=Fem|Number=Sing	1	1.000	analysis_absent
Piazza	Piazza	NOUN	Gender=Fem|Number=Sing	1	0.143	analysis_absent
Piccoli	piccolo	ADJ	Gender=Masc|Number=Plur	1	1.000	analysis_absent
Piccolo	piccolo	ADJ	Gender=Masc|Number=Sing	1	1.000	analysis_absent
Politecnico	politecnico	ADJ	Gender=Masc|Number=Sing	1	0.500	analysis_absent
Porto	porto	NOUN	Gender=Masc|Number=Sing	1	0.250	analysis_absent
Provincia	Provincia	NOUN	Gender=Fem|Number=Sing	1	0.500	analysis_absent
Provincia	provincia	NOUN	Gender=Fem|Number=Sing	1	0.500	analysis_absent
Punto	Punto	NOUN	Gender=Masc|Number=Sing	1	0.500	analysis_absent
Punto	punto	NOUN	Gender=Masc|Number=Sing	1	0.500	analysis_absent
Quinta	quinto	ADJ	Gender=Fem|NumType=Ord|Number=Sing	1	1.000	analysis_absent
Radio	radio	NOUN	Gender=Fem|Number=Sing	1	0.500	analysis_absent
Radio	radio	NOUN	_	1	0.500	analysis_absent
Repubbliche	repubblica	NOUN	Gender=Fem|Number=Plur	1	1.000	analysis_absent
Romano	romano	ADJ	Gender=Masc|Number=Sing	1	0.200	analysis_absent
Salvi	salvo	ADJ	Number=Sing	1	1.000	analysis_absent
Salvo	salvo	ADJ	Gender=Masc|Number=Sing	1	0.200	analysis_absent
Sinistra	Sinistra	NOUN	Gender=Fem|Number=Sing	1	0.500	analysis_absent
Sino	sino	ADV	ExtPos=ADP	1	1.000	analysis_absent
Sinodo	Sinodo	NOUN	Gender=Masc|Number=Sing	1	1.000	analysis_absent
Società	società	NOUN	Gender=Fem|Number=Sing	1	0.500	analysis_absent
Società	società	NOUN	Gender=Fem	1	0.500	analysis_absent
Storie	storia	NOUN	Gender=Fem|Number=Plur	1	1.000	analysis_absent
Strada	strada	NOUN	Gender=Fem|Number=Sing	1	0.333	analysis_absent
Svizzera	svizzera	ADJ	Gender=Fem|Number=Sing	1	0.167	analysis_absent
TV	TV	NOUN	Gender=Fem	1	0.500	analysis_absent
Testa	testare	VERB	Mood=Ind|Number=Sing|Person=3|Tense=Pres|VerbForm=Fin	1	1.000	analysis_absent
Time	Time	NOUN	Number=Sing	1	0.333	analysis_absent
Toro	toro	NOUN	Gender=Masc|Number=Sing	1	1.000	analysis_absent
Tv	televisione	NOUN	Gender=Fem	1	0.111	analysis_absent
Under	Under	ADP	_	1	1.000	analysis_absent
VII	VII	ADJ	NumType=Ord|Number=Sing	1	1.000	analysis_absent
VIII	VIII	ADJ	NumType=Ord|Number=Sing	1	0.250	analysis_absent
Vado	andare	VERB	Mood=Ind|Number=Sing|Person=1|Tense=Pres|VerbForm=Fin	1	1.000	analysis_absent
Val	valere	VERB	Mood=Ind|Number=Sing|Person=3|Tense=Pres|VerbForm=Fin	1	0.200	analysis_absent
Vince	vincere	VERB	Mood=Ind|Number=Sing|Person=3|Tense=Pres|VerbForm=Fin	1	1.000	analysis_absent
Vip	vip	NOUN	Gender=Masc	1	1.000	analysis_absent
Vittoria	vittoria	NOUN	Gender=Fem|Number=Sing	1	1.000	analysis_absent
World	World	NOUN	_	1	0.200	analysis_absent
X	X	X	_	1	0.125	analysis_absent
X	X	ADJ	NumType=Ord|Number=Sing	1	0.125	analysis_absent
X	decimo	ADJ	NumType=Ord|Number=Sing	1	0.125	analysis_absent
XII	XII	ADJ	NumType=Ord|Number=Sing	1	1.000	analysis_absent
XX	XX	ADJ	NumType=Ord|Number=Sing	1	0.500	analysis_absent
XX	ventesimo	ADJ	NumType=Ord|Number=Sing	1	0.500	analysis_absent
_	-	PUNCT	_	1	1.000	analysis_absent
a.C.	a.c.	ADJ	_	1	1.000	analysis_absent
abbinati	abbinati	ADJ	Gender=Masc|Number=Plur	1	1.000	analysis_absent
abbreviati	abbreviato	ADJ	Gender=Masc|Number=Plur	1	1.000	analysis_absent
abbreviato	abbreviare	ADJ	Gender=Masc|Number=Sing	1	0.500	analysis_absent
abbronzato	abbronzato	ADJ	Gender=Masc|Number=Sing	1	1.000	analysis_absent
abitante	abitante	ADJ	Number=Sing	1	0.200	analysis_absent
abruzzesi	abruzzese	NOUN	Number=Plur	1	1.000	analysis_absent
accanita	accanita	ADJ	Gender=Fem|Number=Sing	1	1.000	analysis_absent
accertabili	accertabili	ADJ	Number=Plur	1	1.000	analysis_absent
accertata	accertato	ADJ	Gender=Fem|Number=Sing	1	1.000	analysis_absent
accettate	accettato	ADJ	Gender=Fem|Number=Plur	1	0.250	analysis_absent
accondiscendente	accondiscendente	ADJ	Number=Sing	1	1.000	analysis_absent
accondiscendenti	accondiscendente	ADJ	Number=Plur	1	1.000	analysis_absent
acerrimo	acre	ADJ	Gender=Masc|Number=Sing	1	1.000	analysis_absent
acquartierate	acquartierato	ADJ	Gender=Fem|Number=Plur	1	1.000	analysis_absent
acquattato	acquattato	NOUN	Gender=Masc|Number=Sing	1	1.000	analysis_absent
acquee	acqueo	NOUN	Gender=Fem|Number=Plur	1	1.000	analysis_absent
acri	acro	NOUN	Gender=Masc|Number=Plur	1	1.000	analysis_absent
acriliche	acriliche	ADJ	Gender=Fem|Number=Plur	1	1.000	analysis_absent
addizionale	addizionale	ADJ	Gender=Masc|Number=Sing	1	1.000	analysis_absent
addolcenti	addolcente	ADJ	Number=Plur	1	1.000	analysis_absent
addosso	addosso	ADV	_	1	1.000	analysis_absent
adolescenti	adolescenti	NOUN	Gender=Masc|Number=Plur	1	1.000	analysis_absent
afflosciati	afflosciato	ADJ	Gender=Masc|Number=Plur	1	1.000	analysis_absent
afro	afro	ADJ	_	1	1.000	analysis_absent
aggetto	aggetto	NOUN	Gender=Masc|Number=Sing	1	1.000	analysis_absent
aggravato	aggravare	ADJ	Gender=Masc|Number=Sing	1	0.250	analysis_absent
agitato	agitato	VERB	Gender=Masc|Number=Sing|Tense=Past|VerbForm=Part	1	0.500	analysis_absent
alcunché	alcunché	PRON	Number=Sing|PronType=Ind	1	1.000	analysis_absent
alfabetizzata	alfabetizzare	ADJ	Gender=Fem|Number=Sing	1	1.000	analysis_absent
algerina	algerino	NOUN	Gender=Fem|Number=Sing	1	0.500	analysis_absent
alimentari	alimentare	NOUN	Number=Plur	1	0.200	analysis_absent
alimentari	alimentare	NOUN	Gender=Masc|Number=Plur	1	0.200	analysis_absent
alleata	alleato	NOUN	Gender=Fem|Number=Sing	1	1.000	analysis_absent
alterchi	alterchi	NOUN	Gender=Masc|Number=Plur	1	1.000	analysis_absent
altisonanti	altisonanti	ADJ	Gender=Masc|Number=Plur	1	1.000	analysis_absent
altrettanti	altrettanto	DET	Gender=Masc|Number=Plur|PronType=Ind	1	0.333	analysis_absent
altrettanto	altrettanto	PRON	Gender=Masc|Number=Sing|PronType=Ind	1	0.125	analysis_absent
amalgamate	amalgamato	ADJ	Gender=Fem|Number=Plur	1	1.000	analysis_absent
amata	amato	NOUN	Gender=Fem|Number=Sing	1	1.000	analysis_absent
ambedue	ambedue	PRON	Number=Plur|PronType=Ind	1	0.250	analysis_absent
amica	amico	NOUN	Gender=Fem|Number=Sing	1	1.000	analysis_absent
amiche	amico	NOUN	Gender=Fem|Number=Plur	1	0.333	analysis_absent
ammanettato	ammanettato	ADJ	Gender=Masc|Number=Sing	1	1.000	analysis_absent
ammazzati	ammazzato	ADJ	Gender=Masc|Number=Plur	1	0.333	analysis_absent
ammazzato	ammazzato	ADJ	Gender=Masc|Number=Sing	1	0.333	analysis_absent
ammucchiate	ammucchiato	ADJ	Gender=Fem|Number=Plur	1	1.000	analysis_absent
analizzate	analizzato	ADJ	Gender=Fem|Number=Plur	1	1.000	analysis_absent
andata	andare	AUX	Gender=Fem|Number=Sing|Tense=Past|VerbForm=Part	1	0.100	analysis_absent
andate	andare	VERB	Number=Plur|Person=2	1	0.143	analysis_absent
anestesista	anestesista	NOUN	Number=Sing	1	1.000	analysis_absent
anestetizzante	anestetizzare	ADJ	Number=Sing	1	1.000	analysis_absent
annesso	annettere	VERB	Gender=Masc|Number=Sing|Tense=Past|VerbForm=Part	1	1.000	analysis_absent
annunciante	annunciante	ADJ	Number=Sing	1	1.000	analysis_absent
annunciate	annunciato	ADJ	Gender=Fem|Number=Plur	1	0.500	analysis_absent
antagonista	antagonista	NOUN	Gender=Masc|Number=Sing	1	1.000	analysis_absent
antecedente	antecedente	NOUN	Gender=Masc|Number=Sing	1	0.500	analysis_absent
antidoping	antidoping	ADJ	Gender=Masc|Number=Sing	1	0.500	analysis_absent
antimafia	antimafia	ADJ	Number=Sing	1	0.250	analysis_absent
antimafia	antimafia	NOUN	Gender=Fem|Number=Sing	1	0.250	analysis_absent
antinucleare	antinucleare	ADJ	Number=Sing	1	1.000	analysis_absent
antisocialista	antisocialista	ADJ	Gender=Fem|Number=Sing	1	1.000	analysis_absent
anziana	anziano	NOUN	Gender=Fem|Number=Sing	1	0.500	analysis_absent
anzianità	anzianità	NOUN	Gender=Fem|Number=Sing	1	0.500	analysis_absent
apolide	apolide	NOUN	Number=Sing	1	1.000	analysis_absent
appaiati	appaiato	ADJ	Gender=Masc|Number=Plur	1	1.000	analysis_absent
apparvero	apparvero	VERB	Mood=Ind|Number=Plur|Person=3|Tense=Past|VerbForm=Fin	1	1.000	analysis_absent
appassionanti	appassionante	ADJ	Number=Plur	1	1.000	analysis_absent
appeal	appeal	NOUN	_	1	1.000	analysis_absent
apportate	apportato	ADJ	Gender=Fem|Number=Plur	1	0.333	analysis_absent
approfonditamente	approfonditamente	NOUN	Gender=Fem|Number=Plur	1	1.000	analysis_absent
apripista	apripista	NOUN	Number=Sing	1	1.000	analysis_absent
argentato	argentato	ADJ	Gender=Masc|Number=Sing	1	1.000	analysis_absent
argentina	argentina	ADJ	Gender=Fem|Number=Sing	1	0.333	analysis_absent
arrivi	arrivare	VERB	Mood=Sub|Number=Sing|Person=3|VerbForm=Fin	1	0.333	analysis_absent
arrivista	arrivista	ADJ	Number=Sing	1	0.500	analysis_absent
arrivista	arrivista	NOUN	Number=Sing	1	0.500	analysis_absent
arrossata	arrossato	ADJ	Gender=Fem|Number=Sing	1	1.000	analysis_absent
arrotondate	arrotondate	ADJ	Gender=Fem|Number=Plur	1	1.000	analysis_absent
artigiana	artigiano	NOUN	Gender=Fem|Number=Sing	1	1.000	analysis_absent
aspiranti	aspirante	ADJ	Gender=Masc|Number=Sing	1	0.500	analysis_absent
aspiranti	aspirare	ADJ	Number=Plur	1	0.500	analysis_absent
assassinati	assassinare	NOUN	Gender=Masc|Number=Plur	1	1.000	analysis_absent
asse	asse	NOUN	Gender=Masc|Number=Sing	1	1.000	analysis_absent
assemblato	assemblato	ADJ	Gender=Masc|Number=Sing	1	0.500	analysis_absent
assise	assise	NOUN	Gender=Fem|Number=Plur	1	1.000	analysis_absent
assunta	assunto	ADJ	Gender=Fem|Number=Sing	1	0.333	analysis_absent
atomica	atomica	NOUN	Gender=Fem|Number=Sing	1	0.100	analysis_absent
atomiche	atomico	NOUN	Gender=Fem|Number=Plur	1	0.333	analysis_absent
attentamente	attento	ADV	_	1	0.333	analysis_absent
attenti	attenti	ADJ	Gender=Masc|Number=Plur	1	0.333	analysis_absent
attese	attesa	ADJ	Gender=Fem|Number=Plur	1	0.500	analysis_absent
attestata	attestato	ADJ	Gender=Fem|Number=Sing	1	1.000	analysis_absent
attestate	attestato	ADJ	Gender=Fem|Number=Plur	1	0.500	analysis_absent
attivamente	attivo	ADV	_	1	0.250	analysis_absent
attraversati	attraversato	ADJ	Gender=Masc|Number=Plur	1	0.333	analysis_absent
audience	audience	NOUN	_	1	0.500	analysis_absent
audience	audience	NOUN	Gender=Fem|Number=Sing	1	0.500	analysis_absent
aumentata	aumentato	ADJ	Gender=Fem|Number=Sing	1	0.500	analysis_absent
autodidatta	autodidatta	NOUN	Number=Sing	1	1.000	analysis_absent
autodistruttiva	autodistruttiva	ADJ	Gender=Fem|Number=Sing	1	1.000	analysis_absent
autoproclamata	autoproclamato	ADJ	Gender=Fem|Number=Sing	1	1.000	analysis_absent
autoproclamato	autoproclamato	ADJ	Gender=Masc|Number=Sing	1	1.000	analysis_absent
autorizzata	autorizzato	ADJ	Gender=Fem|Number=Sing	1	0.333	analysis_absent
autostradali	autostradale	ADJ	Gender=Fem|Number=Plur	1	1.000	analysis_absent
avversari	avversario	ADJ	Gender=Masc|Number=Plur	1	0.250	analysis_absent
avversarie	avversario	ADJ	Gender=Fem|Number=Plur	1	0.333	analysis_absent
avversario	avversario	ADJ	Gender=Masc|Number=Sing	1	0.333	analysis_absent
avvezzo	avvezzo	ADJ	Gender=Masc|Number=Sing	1	1.000	analysis_absent
balneabilità	balneabilità	NOUN	Gender=Fem|Number=Sing	1	1.000	analysis_absent
bambina	bambina	ADJ	Gender=Fem|Number=Sing	1	0.111	analysis_absent
bambina	bambino	ADJ	Gender=Fem|Number=Sing	1	0.111	analysis_absent
bambine	bambine	NOUN	Gender=Fem|Number=Plur	1	0.167	analysis_absent
bambine	bambino	ADJ	Gender=Fem|Number=Plur	1	0.167	analysis_absent
bambine	bambino	NOUN	Gender=Fem|Number=Plur	1	0.167	analysis_absent
barrato	barrato	ADJ	Gender=Masc|Number=Sing	1	1.000	analysis_absent
bassi	basso	NOUN	Gender=Masc|Number=Plur	1	0.167	analysis_absent
batterista	batterista	NOUN	Number=Sing	1	1.000	analysis_absent
battezzato	battezzato	ADJ	Gender=Masc|Number=Sing	1	0.333	analysis_absent
bel	bel	ADJ	Gender=Masc|Number=Sing	1	0.125	analysis_absent
bell'	bello	ADJ	Gender=Masc|Number=Sing	1	1.000	analysis_absent
benpensanti	benpensante	NOUN	Number=Plur	1	1.000	analysis_absent
berlinesi	berlinese	NOUN	Number=Plur	1	1.000	analysis_absent
biancoceleste	biancoceleste	ADJ	Number=Sing	1	1.000	analysis_absent
biancocelesti	biancoceleste	ADJ	Number=Plur	1	1.000	analysis_absent
bimba	bimbo	NOUN	Gender=Fem|Number=Sing	1	1.000	analysis_absent
biposto	biposto	ADJ	_	1	1.000	analysis_absent
bis	bis	ADV	_	1	0.500	analysis_absent
biscottini	biscotto	NOUN	Gender=Masc|Number=Plur	1	1.000	analysis_absent
bisognerebbe	bisognerebbe	VERB	Mood=Cnd|Number=Sing|Person=3|Tense=Pres|VerbForm=Fin	1	0.250	analysis_absent
blog	blog	NOUN	_	1	1.000	analysis_absent
blu	blu	NOUN	Gender=Masc|Number=Sing	1	0.100	analysis_absent
blu	blu	NOUN	_	1	0.100	analysis_absent
boa	boa	NOUN	Gender=Fem|Number=Sing	1	1.000	analysis_absent
bombi	bombo	NOUN	Gender=Masc|Number=Plur	1	1.000	analysis_absent
bombo	Bombo	X	Foreign=Yes	1	1.000	analysis_absent
bond	bond	NOUN	_	1	1.000	analysis_absent
borghese	borghese	NOUN	Number=Sing	1	0.143	analysis_absent
bosniache	bosniaco	ADJ	Gender=Fem|Number=Plur	1	1.000	analysis_absent
braccia	braccia	NOUN	Gender=Fem|Number=Plur	1	0.167	analysis_absent
brasiliani	brasiliano	ADJ	Gender=Fem|Number=Sing	1	0.143	analysis_absent
bravo	bravo	NOUN	Gender=Masc|Number=Sing	1	0.143	analysis_absent
bretone	bretone	ADJ	Gender=Fem|Number=Plur	1	1.000	analysis_absent
brevettati	brevettato	ADJ	Gender=Masc|Number=Plur	1	1.000	analysis_absent
briga	briga	NOUN	Gender=Fem|Number=Sing	1	1.000	analysis_absent
brillante	brillante	NOUN	Gender=Masc|Number=Sing	1	0.200	analysis_absent
brillanti	brillante	NOUN	Gender=Masc|Number=Plur	1	0.200	analysis_absent
brillato	brillato	ADJ	Gender=Masc|Number=Sing	1	1.000	analysis_absent
brindisi	brindisi	NOUN	Number=Sing	1	1.000	analysis_absent
britannica	Britannica	PROPN	_	1	0.125	analysis_absent
bruciacchiata	bruciacchiato	ADJ	Gender=Fem|Number=Sing	1	1.000	analysis_absent
bucati	bucato	ADJ	Gender=Masc|Number=Plur	1	1.000	analysis_absent
bulbi	bulbi	NOUN	Gender=Masc|Number=Plur	1	1.000	analysis_absent
bypassato	bypassato	VERB	Gender=Masc|Number=Sing|Tense=Past|VerbForm=Part	1	1.000	analysis_absent
c.p.	c.p.	NOUN	Gender=Masc|Number=Sing	1	1.000	analysis_absent
c.t.	c.t.	NOUN	Gender=Masc|Number=Sing	1	1.000	analysis_absent
caduto	caduto	ADJ	Gender=Masc|Number=Sing	1	0.250	analysis_absent
caffé	caffè	NOUN	Gender=Masc	1	1.000	analysis_absent
calato	calato	ADJ	Gender=Masc|Number=Sing	1	0.500	analysis_absent
calibrate	calibrare	ADJ	Gender=Fem|Number=Plur	1	1.000	analysis_absent
calibro	calibro	NOUN	Gender=Masc|Number=Sing	1	1.000	analysis_absent
campionessa	campione	ADJ	Gender=Fem|Number=Sing	1	0.250	analysis_absent
candidata	candidato	NOUN	Gender=Fem|Number=Sing	1	1.000	analysis_absent
candidate	candidato	ADJ	Gender=Fem|Number=Plur	1	0.250	analysis_absent
capa	capere	X	_	1	1.000	analysis_absent
capillari	capillare	NOUN	Gender=Masc|Number=Plur	1	1.000	analysis_absent
capolista	capolista	NOUN	Gender=Fem	1	1.000	analysis_absent
capoluogo	capoluogo	NOUN	Gender=Masc|Number=Sing	1	1.000	analysis_absent
capovolta	capovolto	ADJ	Gender=Fem|Number=Sing	1	1.000	analysis_absent
caratteristica	caratteristica	ADJ	Gender=Fem|Number=Sing	1	0.200	analysis_absent
carbonizzate	carbonizzato	ADJ	Gender=Fem|Number=Plur	1	1.000	analysis_absent
carceri	carcere	NOUN	Gender=Fem|Number=Plur	1	1.000	analysis_absent
cardinal	cardinal	NOUN	Number=Sing	1	0.333	analysis_absent
cardinali	cardinali	NOUN	Gender=Masc|Number=Plur	1	0.333	analysis_absent
cardiopatico	cardiopatico	NOUN	Gender=Masc|Number=Sing	1	1.000	analysis_absent
carnefici	carnefice	NOUN	Number=Plur	1	1.000	analysis_absent
casellante	casellante	NOUN	Number=Sing	1	1.000	analysis_absent
casomai	casomai	SCONJ	_	1	1.000	analysis_absent
catalano	catalano	ADJ	Gender=Masc|Number=Sing	1	1.000	analysis_absent
cattivi	cattivo	NOUN	Gender=Masc|Number=Plur	1	1.000	analysis_absent
cattura	cattura	VERB	Mood=Ind|Number=Sing|Person=3|Tense=Pres|VerbForm=Fin	1	1.000	analysis_absent
cc	cc	NOUN	Gender=Masc|Number=Sing	1	1.000	analysis_absent
cecene	cecene	ADJ	Gender=Fem|Number=Plur	1	1.000	analysis_absent
ceci	cece	NOUN	Gender=Masc|Number=Plur	1	1.000	analysis_absent
ceduti	ceduto	ADJ	Gender=Masc|Number=Plur	1	1.000	analysis_absent
ceduto	ceduto	ADJ	Gender=Masc|Number=Sing	1	0.200	analysis_absent
centralizzato	centralizzato	ADJ	Gender=Masc|Number=Sing	1	1.000	analysis_absent
centravanti	centravanti	NOUN	Gender=Masc|Number=Sing	1	1.000	analysis_absent
centro-destra	centro-destra	NOUN	Gender=Masc|Number=Sing	1	1.000	analysis_absent
centrosinistra	centrosinistra	NOUN	Gender=Fem|Number=Sing	1	1.000	analysis_absent
cetnici	cetnico	ADJ	Gender=Masc|Number=Plur	1	0.250	analysis_absent
chador	chador	NOUN	_	1	1.000	analysis_absent
chimica	chimica|chimico	NOUN	Gender=Fem|Number=Sing	1	0.143	analysis_absent
chissà	chissà	INTJ	_	1	0.143	analysis_absent
chiusa	chiudere	ADJ	Gender=Fem|Number=Sing	1	0.100	analysis_absent
ché	poiché	SCONJ	_	1	1.000	analysis_absent
ciglia	ciglio	NOUN	Gender=Masc|Number=Plur	1	1.000	analysis_absent
cinquantenne	cinquantenne	NOUN	Gender=Fem|Number=Plur	1	1.000	analysis_absent
cinquantesimo	cinquantesimo	ADJ	Gender=Masc|NumType=Ord|Number=Sing	1	1.000	analysis_absent
cinquecento	cinquecento	NOUN	Gender=Masc|Number=Sing	1	0.500	analysis_absent
cioccolata	cioccolato	NOUN	Gender=Fem|Number=Sing	1	1.000	analysis_absent
circolare	circolare	NOUN	Number=Plur	1	0.200	analysis_absent
civilista	civilista	ADJ	Number=Sing	1	1.000	analysis_absent
clic	clic	NOUN	_	1	1.000	analysis_absent
clicca	clicca	NOUN	Gender=Fem|Number=Sing	1	0.500	analysis_absent
cloni	cloni	NOUN	Gender=Masc|Number=Plur	1	1.000	analysis_absent
coincidente	coincidente	ADJ	Number=Sing	1	1.000	analysis_absent
coinvolti	coinvolto	ADJ	Gender=Masc|Number=Plur	1	0.200	analysis_absent
cola	cola	NOUN	Gender=Fem|Number=Sing	1	1.000	analysis_absent
collegata	collegato	ADJ	Gender=Fem|Number=Sing	1	0.200	analysis_absent
colmate	colmata	NOUN	Gender=Fem|Number=Plur	1	1.000	analysis_absent
colorata	colorare	ADJ	Gender=Fem|Number=Sing	1	0.500	analysis_absent
comasco	comasco	ADJ	Gender=Masc|Number=Sing	1	1.000	analysis_absent
combinata	combinare	NOUN	Gender=Fem|Number=Sing	1	0.167	analysis_absent
combinata	combinata	ADJ	Gender=Fem|Number=Sing	1	0.167	analysis_absent
commando	commando	NOUN	Gender=Masc|Number=Sing	1	1.000	analysis_absent
commercialista	commercialista	NOUN	Number=Sing	1	1.000	analysis_absent
commesso	commesso	ADJ	Gender=Masc|Number=Sing	1	0.100	analysis_absent
compare	compare	VERB	Mood=Ind|Number=Sing|Person=3|Tense=Pres|VerbForm=Fin	1	0.143	analysis_absent
comparsa	comparsa	VERB	Gender=Fem|Number=Sing|Tense=Past|VerbForm=Part	1	0.250	analysis_absent
compensabili	compensabili	ADJ	Gender=Masc|Number=Plur	1	1.000	analysis_absent
compirà	compiere	VERB	Mood=Ind|Number=Sing|Person=3|Tense=Fut|VerbForm=Fin	1	1.000	analysis_absent
complimenti	complimenti	NOUN	Gender=Fem|Number=Sing	1	0.333	analysis_absent
componente	componente	NOUN	Gender=Masc|Number=Sing	1	0.167	analysis_absent
composita	composita	ADJ	Gender=Fem|Number=Sing	1	1.000	analysis_absent
composte	comporre	VERB	Gender=Masc|Number=Sing|Tense=Past|VerbForm=Part	1	0.500	analysis_absent
comprovati	comprovato	ADJ	Gender=Masc|Number=Plur	1	1.000	analysis_absent
concia	concia	NOUN	Gender=Fem|Number=Sing	1	1.000	analysis_absent
conclamata	conclamato	ADJ	Gender=Fem|Number=Sing	1	1.000	analysis_absent
condividenti	condividente	NOUN	Number=Plur	1	1.000	analysis_absent
conducenti	conducente	NOUN	Number=Plur	1	1.000	analysis_absent
congelati	congelato	ADJ	Gender=Masc|Number=Plur	1	0.500	analysis_absent
congiunti	congiunto	NOUN	Number=Plur	1	0.333	analysis_absent
conglomerata	conglomerata	NOUN	Gender=Fem|Number=Sing	1	1.000	analysis_absent
coniuge	coniuge	NOUN	Number=Sing	1	1.000	analysis_absent
connesso	connesso	VERB	Gender=Masc|Number=Sing|Tense=Past|VerbForm=Part	1	0.500	analysis_absent
conseguita	conseguito	ADJ	Gender=Fem|Number=Sing	1	0.500	analysis_absent
consentito	consentito	ADJ	Gender=Masc|Number=Sing	1	0.167	analysis_absent
conservatori	conservatorio	NOUN	Gender=Masc|Number=Plur	1	1.000	analysis_absent
consigliati	consigliato	ADJ	Gender=Masc|Number=Plur	1	0.500	analysis_absent
console	console	NOUN	Gender=Fem	1	1.000	analysis_absent
contadine	contadino	NOUN	Gender=Fem|Number=Plur	1	0.500	analysis_absent
container	container	NOUN	_	1	1.000	analysis_absent
contenente	contenente	ADJ	Number=Sing	1	0.333	analysis_absent
contitolare	contitolare	NOUN	Number=Sing	1	1.000	analysis_absent
contraente	contraente	NOUN	Number=Sing	1	1.000	analysis_absent
contrai	contrare	VERB	Mood=Imp|Number=Sing|Person=2|Tense=Pres|VerbForm=Fin	1	1.000	analysis_absent
controllata	controllata	NOUN	Gender=Fem|Number=Sing	1	0.143	analysis_absent
controllata	controllato	NOUN	Gender=Fem|Number=Sing	1	0.143	analysis_absent
cooperanti	cooperare	ADJ	Number=Plur	1	0.333	analysis_absent
copricapi	copricapi	NOUN	Gender=Masc|Number=Plur	1	0.500	analysis_absent
corpus	corpus	NOUN	Gender=Masc	1	1.000	analysis_absent
correlato	correlato	ADJ	Gender=Masc|Number=Sing	1	1.000	analysis_absent
corretto	correggere	ADJ	Gender=Masc|Number=Sing	1	0.111	analysis_absent
corrispondente	corrispondente	NOUN	Gender=Masc|Number=Sing	1	0.111	analysis_absent
corse	corso	NOUN	Gender=Fem|Number=Plur	1	0.500	analysis_absent
cortigiane	cortigiano	NOUN	Gender=Fem|Number=Plur	1	1.000	analysis_absent
corto	corto	ADV	_	1	0.250	analysis_absent
costellata	costellato	ADJ	Gender=Fem|Number=Sing	1	1.000	analysis_absent
costiera	costiera	NOUN	Gender=Fem|Number=Sing	1	0.500	analysis_absent
costoro	costoro	PRON	Number=Plur|Person=3|PronType=Prs	1	0.500	analysis_absent
costruita	costruito	ADJ	Gender=Fem|Number=Sing	1	0.167	analysis_absent
costui	costui	PRON	Number=Sing|Person=3|PronType=Prs	1	0.500	analysis_absent
cranica	cranica	ADJ	Gender=Fem|Number=Sing	1	1.000	analysis_absent
crescente	crescere	ADJ	Number=Sing	1	0.143	analysis_absent
criminali	criminale	NOUN	Number=Plur	1	0.200	analysis_absent
cromati	cromato	ADJ	Gender=Masc|Number=Plur	1	1.000	analysis_absent
cronometro	cronometro	NOUN	Gender=Masc|Number=Sing	1	1.000	analysis_absent
cubana	cubano	NOUN	Gender=Fem|Number=Sing	1	0.500	analysis_absent
cucito	cucito	NOUN	Gender=Masc|Number=Sing	1	1.000	analysis_absent
curricula	curricula	NOUN	Gender=Fem|Number=Sing	1	1.000	analysis_absent
custodi	custode	NOUN	Gender=Masc|Number=Plur	1	0.333	analysis_absent
d.C.	D.c.	PROPN	_	1	0.500	analysis_absent
d.C.	d.c.	ADJ	_	1	0.500	analysis_absent
dalla	dalla	NOUN	Gender=Masc|Number=Sing	1	1.000	analysis_absent
dancing	dancing	ADJ	_	1	1.000	analysis_absent
database	database	NOUN	Gender=Fem|Number=Plur	1	1.000	analysis_absent
definiti	definire	ADJ	Gender=Masc|Number=Plur	1	0.200	analysis_absent
deformato	deformato	ADJ	Gender=Masc|Number=Sing	1	1.000	analysis_absent
degradanti	degradante	ADJ	Gender=Masc|Number=Plur	1	1.000	analysis_absent
degradata	degradato	ADJ	Gender=Fem|Number=Sing	1	1.000	analysis_absent
del	del	PROPN	_	1	0.333	analysis_absent
deliberata	deliberare	VERB	Number=Sing|Tense=Pres|VerbForm=Part	1	0.500	analysis_absent
delinquente	delinquente	NOUN	Number=Sing	1	1.000	analysis_absent
delirante	delirante	ADJ	Number=Sing	1	1.000	analysis_absent
denuclearizzata	denuclearizzato	ADJ	Gender=Fem|Number=Sing	1	1.000	analysis_absent
depenalizzata	depenalizzata	VERB	Gender=Fem|Number=Sing|Tense=Past|VerbForm=Part	1	1.000	analysis_absent
depravate	depravare	ADJ	Gender=Fem|Number=Plur	1	1.000	analysis_absent
deputate	deputato	NOUN	Gender=Fem|Number=Plur	1	1.000	analysis_absent
deregulation	deregulation	NOUN	_	1	0.500	analysis_absent
derivate	derivata	ADJ	Gender=Fem|Number=Plur	1	0.333	analysis_absent
descritta	descritto	ADJ	Gender=Fem|Number=Sing	1	0.500	analysis_absent
deteriorati	deteriorato	ADJ	Gender=Masc|Number=Plur	1	1.000	analysis_absent
determinante	determinante	NOUN	Gender=Masc|Number=Sing	1	0.200	analysis_absent
determinanti	determinante	NOUN	Gender=Masc|Number=Plur	1	0.500	analysis_absent
dettaglianti	dettagliante	NOUN	Number=Plur	1	1.000	analysis_absent
detti	detto	ADJ	Gender=Masc|Number=Plur	1	0.250	analysis_absent
devastati	devastato	ADJ	Gender=Masc|Number=Plur	1	1.000	analysis_absent
diagnosi	diagnosi	NOUN	Gender=Fem|Number=Sing	1	0.333	analysis_absent
diario	Diario	PROPN	_	1	0.200	analysis_absent
diciannovenne	diciannovenne	ADJ	Number=Sing	1	1.000	analysis_absent
diessini	diessini	NOUN	Gender=Masc|Number=Plur	1	1.000	analysis_absent
difficilmente	difficile	ADV	_	1	0.333	analysis_absent
diluito	diluito	ADJ	Gender=Masc|Number=Sing	1	1.000	analysis_absent
diminuito	diminuito	ADJ	Gender=Masc|Number=Sing	1	0.500	analysis_absent
dintorni	dintorni	NOUN	Gender=Masc|Number=Plur	1	0.500	analysis_absent
dirigente	dirigente	ADJ	Number=Sing	1	0.250	analysis_absent
dirigibili	dirigibile	NOUN	Gender=Masc|Number=Plur	1	1.000	analysis_absent
disapplicato	disapplicato	ADJ	Gender=Masc|Number=Sing	1	1.000	analysis_absent
disciolta	disciolto	ADJ	Gender=Fem|Number=Sing	1	1.000	analysis_absent
discriminazione	discriminazione	ADJ	Gender=Masc|Number=Sing	1	0.111	analysis_absent
discussa	discutere	VERB	Gender=Fem|Number=Sing|Tense=Past|VerbForm=Part	1	1.000	analysis_absent
discusse	discutere	VERB	Gender=Fem|Number=Plur|Tense=Past|VerbForm=Part	1	0.500	analysis_absent
discussi	discutere	VERB	Gender=Masc|Number=Plur|Tense=Past|VerbForm=Part	1	1.000	analysis_absent
diseguaglianze	diseguaglianze	NOUN	Gender=Fem|Number=Plur	1	1.000	analysis_absent
disobbedienti	disobbedienti	ADJ	Gender=Masc|Number=Plur	1	1.000	analysis_absent
disonorante	disonorante	ADJ	Number=Sing	1	1.000	analysis_absent
dissacrante	dissacrante	ADJ	Number=Sing	1	1.000	analysis_absent
diversificata	diversificata	ADJ	Gender=Fem|Number=Sing	1	0.500	analysis_absent
diversificata	diversificato	ADJ	Gender=Fem|Number=Sing	1	0.500	analysis_absent
diversificate	diversificato	ADJ	Gender=Fem|Number=Plur	1	1.000	analysis_absent
diversificato	diversificato	ADJ	Gender=Masc|Number=Sing	1	1.000	analysis_absent
divulgatori	divulgatori	NOUN	Gender=Masc|Number=Plur	1	1.000	analysis_absent
do	do	ADP	_	1	1.000	analysis_absent
documentarista	documentarista	NOUN	Number=Sing	1	1.000	analysis_absent
dodicesima	dodicesimo	ADJ	Gender=Fem|NumType=Ord|Number=Sing	1	1.000	analysis_absent
dodici	dodici	NOUN	_	1	0.143	analysis_absent
dolci	dolce	NOUN	Gender=Masc|Number=Plur	1	0.200	analysis_absent
dolci	dolci	NOUN	Number=Plur	1	0.200	analysis_absent
domata	domato	ADJ	Gender=Fem|Number=Sing	1	0.500	analysis_absent
domiciliari	domiciliare	NOUN	Number=Plur	1	0.333	analysis_absent
domini	domini	NOUN	_	1	1.000	analysis_absent
dominus	dominus	X	Foreign=Yes	1	1.000	analysis_absent
dondolo	dondolo	NOUN	Gender=Masc|Number=Sing	1	1.000	analysis_absent
dopati	dopato	ADJ	Gender=Masc|Number=Plur	1	1.000	analysis_absent
dope	dope	X	Foreign=Yes	1	1.000	analysis_absent
doping	doping	NOUN	_	1	0.200	analysis_absent
dopo-guerra	dopoguerra	NOUN	Gender=Masc	1	1.000	analysis_absent
dovendo	dovere	AUX	VerbForm=Ger	1	1.000	analysis_absent
dovete	dovere	AUX	Mood=Imp|Number=Plur|Person=2|Tense=Pres|VerbForm=Fin	1	1.000	analysis_absent
dovette	dovere	AUX	Mood=Ind|Number=Sing|Person=3|Tense=Past|VerbForm=Fin	1	1.000	analysis_absent
dovremo	dovere	AUX	Mood=Ind|Number=Plur|Person=1|Tense=Fut|VerbForm=Fin	1	1.000	analysis_absent
dovresti	dovere	AUX	Mood=Cnd|Number=Sing|Person=2|Tense=Pres|VerbForm=Fin	1	1.000	analysis_absent
dovrete	dovere	AUX	Mood=Ind|Number=Plur|Person=2|Tense=Fut|VerbForm=Fin	1	1.000	analysis_absent
dr.	dottore	NOUN	_	1	1.000	analysis_absent
dritta	dritta	ADJ	Gender=Fem|Number=Sing	1	1.000	analysis_absent
drogato	drogato	ADJ	Gender=Masc|Number=Sing	1	0.250	analysis_absent
duo	duo	NOUN	Gender=Masc	1	1.000	analysis_absent
eclissi	eclissi	NOUN	Gender=Fem|Number=Sing	1	1.000	analysis_absent
ecologi	ecologi	NOUN	Gender=Masc|Number=Plur	1	1.000	analysis_absent
edotto	edurre	VERB	Gender=Masc|Number=Sing|Tense=Past|VerbForm=Part	1	1.000	analysis_absent
educata	educato	ADJ	Gender=Fem|Number=Sing	1	1.000	analysis_absent
educato	educato	ADJ	Gender=Masc|Number=Sing	1	0.500	analysis_absent
eletti	eletto	VERB	Gender=Masc|Number=Plur|Tense=Past|VerbForm=Part	1	0.125	analysis_absent
elettromeccanico	elettromeccanico	NOUN	Gender=Masc|Number=Sing	1	1.000	analysis_absent
elvetica	elvetica	ADJ	Gender=Fem|Number=Sing	1	1.000	analysis_absent
emigrante	emigrante	NOUN	Number=Sing	1	1.000	analysis_absent
ennesima	ennesimo	ADJ	Gender=Fem|NumType=Ord|Number=Sing	1	1.000	analysis_absent
entusiasti	entusiasta	ADJ	Gender=Masc|Number=Plur	1	0.500	analysis_absent
eremita	eremita	NOUN	Number=Sing	1	1.000	analysis_absent
esegesi	esegesi	NOUN	Gender=Fem|Number=Sing	1	1.000	analysis_absent
eseguiti	eseguito	ADJ	Gender=Masc|Number=Plur	1	0.333	analysis_absent
esemplare	esemplare	ADJ	Gender=Masc|Number=Sing	1	0.333	analysis_absent
esentasse	esentasse	ADJ	_	1	1.000	analysis_absent
esercitata	esercitato	ADJ	Gender=Fem|Number=Sing	1	0.143	analysis_absent
esponente	esponente	NOUN	Gender=Masc|Number=Sing	1	0.250	analysis_absent
esponenti	esponente	NOUN	Gender=Masc|Number=Plur	1	1.000	analysis_absent
espressa	espressa	ADJ	Gender=Fem|Number=Sing	1	0.100	analysis_absent
essenzialità	essenzialità	NOUN	Gender=Fem	1	1.000	analysis_absent
essiccati	essiccato	ADJ	Gender=Masc|Number=Plur	1	1.000	analysis_absent
esternalizzati	esternalizzato	ADJ	Gender=Masc|Number=Plur	1	1.000	analysis_absent
estremista	estremista	NOUN	Number=Sing	1	1.000	analysis_absent
estremisti	estremista	ADJ	Gender=Masc|Number=Plur	1	0.250	analysis_absent
estrusa	estrusa	VERB	Gender=Fem|Number=Sing|Tense=Past|VerbForm=Part	1	1.000	analysis_absent
esuli	esule	ADJ	Number=Plur	1	1.000	analysis_absent
eterosessuali	eterosessuali	ADJ	Gender=Masc|Number=Plur	1	1.000	analysis_absent
europarlamentare	europarlamentare	NOUN	Number=Sing	1	1.000	analysis_absent
evoluto	evolvere	VERB	Gender=Masc|Number=Sing|Tense=Past|VerbForm=Part	1	1.000	analysis_absent
extra	extra	ADV	_	1	1.000	analysis_absent
fame	fama	NOUN	Gender=Fem|Number=Plur	1	0.125	analysis_absent
fans	fans	NOUN	_	1	1.000	analysis_absent
fantoccio	fantoccio	ADJ	_	1	1.000	analysis_absent
faranno	fare	AUX	Mood=Ind|Number=Plur|Person=3|Tense=Fut|VerbForm=Fin	1	0.167	analysis_absent
fasti	fasti	NOUN	Gender=Masc|Number=Plur	1	1.000	analysis_absent
fate	fare	NOUN	Gender=Fem|Number=Plur	1	0.200	analysis_absent
fattispecie	fattispecie	NOUN	Gender=Fem|Number=Sing	1	0.333	analysis_absent
fax	fax	NOUN	Gender=Masc|Number=Sing	1	0.500	analysis_absent
federalista	federalista	ADJ	Number=Sing	1	1.000	analysis_absent
femminista	femminista	ADJ	Number=Sing	1	0.500	analysis_absent
fermi	fermare	ADJ	Gender=Masc|Number=Plur	1	0.200	analysis_absent
ferragosto	ferragosto	NOUN	Gender=Masc	1	1.000	analysis_absent
ferrarista	ferrarista	NOUN	Number=Sing	1	0.500	analysis_absent
fettine	fettine	NOUN	Gender=Fem|Number=Sing	1	1.000	analysis_absent
fidanzati	fidanzato	VERB	Gender=Masc|Number=Plur|Tense=Past|VerbForm=Part	1	1.000	analysis_absent
figuranti	figurante	NOUN	Number=Plur	1	1.000	analysis_absent
filare	filare	NOUN	Gender=Masc|Number=Sing	1	1.000	analysis_absent
filo	filo	ADJ	_	1	0.100	analysis_absent
filogovernativi	filogovernativo	ADJ	Gender=Masc|Number=Plur	1	1.000	analysis_absent
finalissima	finalissima	NOUN	Gender=Fem|Number=Sing	1	1.000	analysis_absent
finto	finto	VERB	Gender=Masc|Number=Sing|Tense=Past|VerbForm=Part	1	0.333	analysis_absent
fisioterapisti	fisioterapisti	NOUN	Gender=Masc|Number=Plur	1	1.000	analysis_absent
fissi	figgere	VERB	Gender=Masc|Number=Plur|Tense=Past|VerbForm=Part	1	0.500	analysis_absent
fisso	fisso	ADV	_	1	0.167	analysis_absent
fitti	fitto	NOUN	Gender=Masc|Number=Plur	1	1.000	analysis_absent
folklore	folklore	NOUN	Gender=Masc	1	1.000	analysis_absent
fonda	fondo	ADJ	Gender=Fem|Number=Sing	1	0.250	analysis_absent
fondiaria	fondiaria	NOUN	Gender=Fem|Number=Sing	1	0.167	analysis_absent
fonetica	fonetica	NOUN	Gender=Fem|Number=Sing	1	1.000	analysis_absent
football	football	NOUN	_	1	0.333	analysis_absent
football	football	NOUN	Gender=Masc|Number=Sing	1	0.333	analysis_absent
forestale	forestale	NOUN	Gender=Fem|Number=Sing	1	0.250	analysis_absent
fortissimo	forte	ADV	Degree=Abs	1	1.000	analysis_absent
forzista	forzista	NOUN	Gender=Fem|Number=Sing	1	1.000	analysis_absent
fotografati	fotografato	ADJ	Gender=Masc|Number=Plur	1	1.000	analysis_absent
fotoreporter	fotoreporter	NOUN	_	1	1.000	analysis_absent
frantumi	frantumi	NOUN	Gender=Masc|Number=Plur	1	0.333	analysis_absent
frequentanti	frequentante	ADJ	Number=Plur	1	1.000	analysis_absent
fresco	fresco	NOUN	Gender=Masc|Number=Sing	1	0.125	analysis_absent
fronti	fronte	NOUN	Gender=Masc|Number=Plur	1	1.000	analysis_absent
frusciante	frusciante	ADJ	Number=Sing	1	1.000	analysis_absent
fuoriuscita	fuoriuscita|fuoriuscito	NOUN	Gender=Fem|Number=Sing	1	1.000	analysis_absent
gap	gap	NOUN	_	1	1.000	analysis_absent
garantista	garantista	ADJ	Number=Sing	1	1.000	analysis_absent
genoma	genoma	NOUN	Gender=Fem|Number=Sing	1	1.000	analysis_absent
gentleman	gentleman	NOUN	Gender=Masc	1	1.000	analysis_absent
gioventù	gioventù	NOUN	Gender=Fem	1	1.000	analysis_absent
giustificato	giustificato	ADJ	Gender=Masc|Number=Sing	1	0.500	analysis_absent
golfista	golfista	NOUN	Number=Sing	1	1.000	analysis_absent
golpe	golpe	NOUN	Number=Sing	1	0.500	analysis_absent
grammaticalmente	grammaticale	ADV	_	1	1.000	analysis_absent
granata	granata	ADJ	_	1	1.000	analysis_absent
granché	granché	PRON	PronType=Ind	1	0.500	analysis_absent
granché	granché	PRON	Gender=Masc|Number=Sing|Person=3|PronType=Prs	1	0.500	analysis_absent
grattugiata	grattugiato	ADJ	Gender=Fem|Number=Sing	1	1.000	analysis_absent
gratuitamente	gratuito	ADV	_	1	0.333	analysis_absent
greca	greca	NOUN	Gender=Fem|Number=Sing	1	1.000	analysis_absent
greche	greca	NOUN	Gender=Fem|Number=Plur	1	1.000	analysis_absent
guerrigliero	guerrigliero	ADJ	Gender=Masc|Number=Sing	1	1.000	analysis_absent
horror	horror	ADJ	Number=Sing	1	1.000	analysis_absent
house	house	NOUN	Gender=Fem	1	1.000	analysis_absent
humus	humus	NOUN	_	1	1.000	analysis_absent
identificato	identificato	ADJ	Gender=Masc|Number=Sing	1	0.200	analysis_absent
idratante	idratante	ADJ	Number=Sing	1	1.000	analysis_absent
idratata	idratato	ADJ	Gender=Fem|Number=Sing	1	1.000	analysis_absent
illecito	illecito	PROPN	_	1	0.333	analysis_absent
illuminati	illuminato	VERB	Gender=Masc|Number=Plur|Tense=Past|VerbForm=Part	1	0.500	analysis_absent
imam	imam	NOUN	Gender=Masc|Number=Sing	1	1.000	analysis_absent
imbambolati	imbambolato	VERB	Gender=Masc|Number=Plur|Tense=Past|VerbForm=Part	1	1.000	analysis_absent
imbecilli	imbecille	NOUN	Number=Plur	1	1.000	analysis_absent
immaginario	immaginario	NOUN	Gender=Masc	1	0.200	analysis_absent
immediatamente	immediato	ADV	_	1	0.143	analysis_absent
immobiliare	immobiliare	ADJ	Gender=Fem|Number=Sing	1	0.500	analysis_absent
impasse	impasse	NOUN	_	1	1.000	analysis_absent
impazzata	impazzata	NOUN	Gender=Fem|Number=Sing	1	1.000	analysis_absent
impersonale	impersonale	NOUN	Gender=Masc|Number=Sing	1	1.000	analysis_absent
impiegate	impiegato	NOUN	Gender=Fem|Number=Plur	1	0.167	analysis_absent
impiegate	impiegato	ADJ	Gender=Fem|Number=Sing	1	0.167	analysis_absent
implicita	implicita	ADJ	Gender=Fem|Number=Sing	1	1.000	analysis_absent
impopolarità	impopolarità	NOUN	Gender=Fem	1	1.000	analysis_absent
importate	importato	ADJ	Gender=Fem|Number=Plur	1	1.000	analysis_absent
importato	importato	ADJ	Gender=Masc|Number=Sing	1	1.000	analysis_absent
impossibili	impossibile	NOUN	Number=Plur	1	0.200	analysis_absent
imprenditrice	imprenditore	NOUN	Gender=Fem|Number=Sing	1	1.000	analysis_absent
impressionati	impressionato	ADJ	Gender=Masc|Number=Plur	1	1.000	analysis_absent
improvvisate	improvvisato	ADJ	Gender=Fem|Number=Plur	1	1.000	analysis_absent
improvvisati	improvvisato	ADJ	Gender=Masc|Number=Plur	1	1.000	analysis_absent
improvvisato	improvvisato	ADJ	Gender=Masc|Number=Sing	1	1.000	analysis_absent
inaffidabile	inaffidabile	ADJ	Gender=Fem|Number=Plur	1	1.000	analysis_absent
incastrato	incastrato	ADJ	Gender=Masc|Number=Sing	1	1.000	analysis_absent
incidentale	incidentale	ADJ	Gender=Masc|Number=Sing	1	0.500	analysis_absent
incognito	incognito	NOUN	Gender=Masc|Number=Sing	1	1.000	analysis_absent
incollato	incollato	ADJ	Gender=Masc|Number=Sing	1	0.500	analysis_absent
incolumità	incolomità	NOUN	Gender=Fem	1	0.143	analysis_absent
incomodo	incomodo	NOUN	Gender=Masc|Number=Sing	1	0.333	analysis_absent
incontrate	incontrato	ADJ	Gender=Fem|Number=Plur	1	0.250	analysis_absent
incrociate	incrociato	ADJ	Gender=Fem|Number=Plur	1	1.000	analysis_absent
indebitato	indebitato	ADJ	Gender=Masc|Number=Sing	1	1.000	analysis_absent
indios	indios	NOUN	Number=Plur	1	1.000	analysis_absent
individuata	individuato	ADJ	Gender=Fem|Number=Sing	1	1.000	analysis_absent
indolenzite	indolenzito	ADJ	Gender=Fem|Number=Plur	1	1.000	analysis_absent
indoor	indoor	X	Foreign=Yes	1	1.000	analysis_absent
indosso	indosso	ADV	_	1	1.000	analysis_absent
indotto	indotto	NOUN	Gender=Masc|Number=Sing	1	0.333	analysis_absent
ineguaglianze	ineguaglianze	NOUN	Gender=Fem|Number=Plur	1	1.000	analysis_absent
infermiere	infermiere	NOUN	Gender=Fem|Number=Plur	1	0.500	analysis_absent
inferocito	inferocito	ADJ	Gender=Masc|Number=Sing	1	1.000	analysis_absent
infiorettata	infiorettata	ADJ	Gender=Fem|Number=Sing	1	1.000	analysis_absent
influenzate	influenzare	VERB	Gender=Fem|Number=Sing|Tense=Past|VerbForm=Part	1	1.000	analysis_absent
informative	informativa	NOUN	Gender=Fem|Number=Plur	1	0.333	analysis_absent
infuocati	infuocato	ADJ	Gender=Masc|Number=Plur	1	1.000	analysis_absent
ing.	ingegnere	NOUN	_	1	1.000	analysis_absent
ingegnere	ingegnere	NOUN	Number=Sing	1	0.250	analysis_absent
ingrosso	ingrosso	NOUN	Gender=Masc|Number=Sing	1	1.000	analysis_absent
iniziali	il	NOUN	Gender=Fem|Number=Plur	1	0.200	analysis_absent
iniziali	iniziale	ADJ	Gender=Fem|Number=Plur	1	0.200	analysis_absent
innamorata	innamorato	NOUN	Gender=Fem|Number=Sing	1	0.500	analysis_absent
inodore	inodore	ADJ	Number=Sing	1	1.000	analysis_absent
inquirenti	inquirente	NOUN	Number=Plur	1	0.333	analysis_absent
insanguinata	insanguinato	ADJ	Gender=Fem|Number=Sing	1	1.000	analysis_absent
insapore	insapore	ADJ	Number=Sing	1	1.000	analysis_absent
insorse	insorgere	VERB	Gender=Fem|Number=Plur|Tense=Past|VerbForm=Part	1	1.000	analysis_absent
internet	internet	PROPN	_	1	0.143	analysis_absent
interrogate	interrogato	NOUN	Gender=Fem|Number=Plur	1	1.000	analysis_absent
intervistate	intervistato	NOUN	Gender=Fem|Number=Plur	1	0.500	analysis_absent
intraprese	intrapreso	ADJ	Gender=Fem|Number=Plur	1	0.250	analysis_absent
intrecciata	intrecciato	ADJ	Gender=Fem|Number=Sing	1	1.000	analysis_absent
intrecciate	intrecciato	ADJ	Gender=Fem|Number=Plur	1	1.000	analysis_absent
investito	investito	ADJ	Gender=Masc|Number=Sing	1	0.111	analysis_absent
inviate	inviato	NOUN	Gender=Fem|Number=Plur	1	0.500	analysis_absent
invito	invito	VERB	Mood=Ind|Number=Sing|Person=1|Tense=Pres|VerbForm=Fin	1	0.143	analysis_absent
irradiati	irradiato	ADJ	Gender=Masc|Number=Plur	1	1.000	analysis_absent
irridenti	irridente	ADJ	Number=Plur	1	1.000	analysis_absent
islamici	islamico	NOUN	Gender=Masc|Number=Plur	1	0.250	analysis_absent
ispettrice	ispettore	NOUN	Gender=Fem|Number=Sing	1	1.000	analysis_absent
istante	istante	NOUN	Number=Sing	1	0.250	analysis_absent
istruttori	istruttore	NOUN	Gender=Masc|Number=Plur	1	1.000	analysis_absent
italianista	italianista	NOUN	Number=Sing	1	1.000	analysis_absent
iter	iter	NOUN	Gender=Masc|Number=Sing	1	0.500	analysis_absent
jackpot	jackpot	NOUN	_	1	1.000	analysis_absent
jam	jam	NOUN	_	1	1.000	analysis_absent
juniores	juniores	NOUN	_	1	1.000	analysis_absent
kitsch	kitsch	NOUN	Gender=Masc	1	1.000	analysis_absent
lama	lama	NOUN	Gender=Fem|Number=Sing	1	1.000	analysis_absent
latinoamericano	latinoamericano	NOUN	Gender=Masc|Number=Sing	1	1.000	analysis_absent
lavoratrice	lavoratore	ADJ	Gender=Fem|Number=Sing	1	0.333	analysis_absent
laziali	laziale	NOUN	Gender=Masc|Number=Plur	1	1.000	analysis_absent
leadership	leadership	X	Foreign=Yes	1	0.250	analysis_absent
leasing	leasing	NOUN	Number=Sing	1	1.000	analysis_absent
lebbrosi	lebbroso	NOUN	Gender=Masc|Number=Plur	1	1.000	analysis_absent
lecchese	lecchese	ADJ	Number=Sing	1	1.000	analysis_absent
lecchesi	lecchese	ADJ	Number=Plur	1	1.000	analysis_absent
legali	legale	NOUN	Gender=Masc|Number=Plur	1	0.125	analysis_absent
legato	legare	ADJ	Gender=Masc|Number=Sing	1	0.143	analysis_absent
leghista	leghista	ADJ	Gender=Masc|Number=Sing	1	0.333	analysis_absent
legittimista	legittimista	ADJ	Gender=Fem|Number=Sing	1	1.000	analysis_absent
lentamente	lento	ADV	_	1	0.111	analysis_absent
lenzuola	lenzuola	NOUN	Gender=Fem|Number=Plur	1	0.500	analysis_absent
liberata	liberato	ADJ	Gender=Fem|Number=Sing	1	1.000	analysis_absent
libra	libbra	NOUN	Gender=Fem|Number=Sing	1	1.000	analysis_absent
lider	lider	NOUN	_	1	1.000	analysis_absent
linguista	linguista	NOUN	Number=Sing	1	1.000	analysis_absent
link	link	X	Foreign=Yes	1	0.500	analysis_absent
liofilizzate	liofilizzato	ADJ	Gender=Fem|Number=Plur	1	1.000	analysis_absent
list	list	X	Foreign=Yes	1	1.000	analysis_absent
litoranea	litoraneo	NOUN	Gender=Fem|Number=Sing	1	1.000	analysis_absent
live	live	NOUN	Gender=Masc	1	0.500	analysis_absent
lobbista	lobbista	ADJ	Number=Sing	1	1.000	analysis_absent
logico	logico	NOUN	Gender=Masc|Number=Sing	1	0.333	analysis_absent
lontanissimo	lontano	ADV	Degree=Abs	1	1.000	analysis_absent
lucidate	lucidare	ADJ	Gender=Fem|Number=Plur	1	1.000	analysis_absent
lungi	lungi	ADJ	Gender=Masc|Number=Plur	1	0.500	analysis_absent
lupa	lupo	NOUN	Gender=Fem|Number=Sing	1	1.000	analysis_absent
macero	macero	NOUN	Gender=Masc|Number=Sing	1	1.000	analysis_absent
macro	macro	ADJ	_	1	1.000	analysis_absent
magra	Magra	PROPN	_	1	0.500	analysis_absent
mal	mal	NOUN	Gender=Masc|Number=Sing	1	0.167	analysis_absent
malavitosi	malavitoso	NOUN	Gender=Masc|Number=Plur	1	1.000	analysis_absent
malcontento	malcontento	NOUN	Gender=Masc|Number=Sing	1	1.000	analysis_absent
malissimo	male	ADV	Degree=Abs	1	1.000	analysis_absent
man	mano	NOUN	ExtPos=ADV|Gender=Fem|Number=Sing	1	0.500	analysis_absent
man	mano	NOUN	ExtPos=SCONJ|Gender=Fem|Number=Sing	1	0.500	analysis_absent
mancante	mancante	ADJ	Number=Sing	1	0.500	analysis_absent
mancata	mancato	VERB	Gender=Fem|Number=Sing|Tense=Past|VerbForm=Part	1	0.250	analysis_absent
manette	manette	NOUN	Gender=Fem|Number=Plur	1	1.000	analysis_absent
manipolato	manipolato	ADJ	Gender=Masc|Number=Sing	1	0.500	analysis_absent
mar	mar	NOUN	Gender=Masc|Number=Sing	1	0.500	analysis_absent
marchese	marchese	NOUN	Gender=Fem|Number=Plur	1	1.000	analysis_absent
marina	marina	ADJ	Gender=Fem|Number=Sing	1	0.143	analysis_absent
marrone	marrone	ADJ	_	1	1.000	analysis_absent
massima	massima	NOUN	Gender=Fem|Number=Sing	1	0.111	analysis_absent
massima	massima	ADJ	Gender=Fem|Number=Sing	1	0.111	analysis_absent
materassini	materassini	NOUN	Gender=Masc|Number=Plur	1	1.000	analysis_absent
mecenati	mecenate	NOUN	Number=Plur	1	0.500	analysis_absent
mentore	mentore	NOUN	Gender=Fem|Number=Plur	1	1.000	analysis_absent
menzionate	menzionate	ADJ	Gender=Fem|Number=Plur	1	0.500	analysis_absent
menzionato	menzionato	ADJ	Gender=Masc|Number=Sing	1	0.333	analysis_absent
menù	menù	NOUN	Gender=Masc|Number=Sing	1	0.500	analysis_absent
menù	menù	NOUN	Gender=Masc	1	0.500	analysis_absent
metal	metal	NOUN	Gender=Masc	1	0.167	analysis_absent
meteoriti	meteorite	NOUN	Gender=Masc|Number=Plur	1	1.000	analysis_absent
micro	micro	ADJ	_	1	1.000	analysis_absent
miglia	miglia	NOUN	Gender=Fem|Number=Plur	1	0.125	analysis_absent
milanese	milanese	NOUN	Gender=Masc|Number=Sing	1	0.167	analysis_absent
miniserie	miniserie	NOUN	Gender=Fem|Number=Plur	1	1.000	analysis_absent
minor	minor	ADJ	Gender=Masc|Number=Sing	1	0.200	analysis_absent
minorati	minorato	ADJ	Gender=Masc|Number=Plur	1	1.000	analysis_absent
mira	mirare	VERB	Mood=Ind|Tense=Pres|VerbForm=Fin	1	0.143	analysis_absent
mo	modo	NOUN	Gender=Masc|Number=Sing	1	1.000	analysis_absent
modellate	modellato	VERB	Gender=Fem|Number=Plur|Tense=Past|VerbForm=Part	1	0.500	analysis_absent
modificato	modificato	ADJ	Gender=Masc|Number=Sing	1	0.200	analysis_absent
molotov	molotov	NOUN	_	1	1.000	analysis_absent
moltissimi	moltissimi	DET	Gender=Masc|Number=Plur|PronType=Ind	1	0.333	analysis_absent
monoteiste	monoteiste	ADJ	Gender=Fem|Number=Plur	1	1.000	analysis_absent
motrice	motrice	ADJ	Gender=Fem|Number=Sing	1	1.000	analysis_absent
mr.	signore	NOUN	Gender=Masc	1	1.000	analysis_absent
narrante	narrare	ADJ	Number=Sing	1	1.000	analysis_absent
naturista	naturista	ADJ	Number=Sing	1	1.000	analysis_absent
nazionalista	nazionalita	ADJ	Number=Sing	1	0.333	analysis_absent
nazionalsocialista	nazionalsocialista	NOUN	Number=Sing	1	1.000	analysis_absent
nemici	nemici	NOUN	Gender=Masc|Number=Plur	1	0.100	analysis_absent
neo	neo	ADV	_	1	0.333	analysis_absent
neo	neo	ADJ	Gender=Masc|Number=Sing	1	0.333	analysis_absent
neo	neo	ADJ	_	1	0.333	analysis_absent
netto	netto	ADJ	Number=Sing	1	0.250	analysis_absent
network	network	NOUN	Gender=Masc	1	1.000	analysis_absent
neurochirurghi	neurochirurghi	NOUN	Gender=Masc|Number=Plur	1	1.000	analysis_absent
newsletter	newsletter	NOUN	_	1	1.000	analysis_absent
nobili	nobile	ADJ	Gender=Masc|Number=Plur	1	0.250	analysis_absent
nomination	nomination	NOUN	_	1	1.000	analysis_absent
nona	nona	NOUN	Gender=Fem|Number=Sing	1	0.250	analysis_absent
numerose	numeroso	PRON	Gender=Fem|Number=Plur|PronType=Ind	1	0.143	analysis_absent
numerosissimi	numeroso	DET	Gender=Masc|Number=Plur|PronType=Ind	1	1.000	analysis_absent
obiettività	obiettività	NOUN	Gender=Fem	1	1.000	analysis_absent
occupanti	occupante	NOUN	Number=Plur	1	1.000	analysis_absent
occupati	occupato	VERB	Gender=Masc|Number=Plur|Tense=Past|VerbForm=Part	1	0.200	analysis_absent
odiati	odiato	ADJ	Gender=Masc|Number=Plur	1	1.000	analysis_absent
odiato	odiato	ADJ	Gender=Masc|Number=Sing	1	1.000	analysis_absent
ognuna	ognuno	PRON	Gender=Fem|Number=Sing|PronType=Ind	1	0.500	analysis_absent
oh	oh	ADV	_	1	0.500	analysis_absent
okay	okay	NOUN	_	1	1.000	analysis_absent
olandese	olandese	NOUN	Number=Sing	1	0.143	analysis_absent
oltranzista	oltranzista	NOUN	Number=Sing	1	1.000	analysis_absent
omicidi	omicida|omicidio	NOUN	Gender=Masc|Number=Plur	1	0.167	analysis_absent
on	on	X	Foreign=Yes	1	1.000	analysis_absent
on.	onorevole	NOUN	_	1	1.000	analysis_absent
open	open	NOUN	Gender=Masc	1	1.000	analysis_absent
operaie	operaio	NOUN	Gender=Fem|Number=Plur	1	0.500	analysis_absent
or	or	X	Foreign=Yes	1	0.333	analysis_absent
ordinati	ordinare	ADJ	Gender=Masc|Number=Plur	1	1.000	analysis_absent
orientati	orientato	VERB	Gender=Masc|Number=Plur|Tense=Past|VerbForm=Part	1	0.500	analysis_absent
originali	originale	ADJ	Gender=Masc|Number=Plur	1	0.200	analysis_absent
ornato	ornato	NOUN	Gender=Masc|Number=Sing	1	1.000	analysis_absent
oscar	oscar	NOUN	Gender=Masc	1	1.000	analysis_absent
osservate	osservato	ADJ	Gender=Fem|Number=Plur	1	0.167	analysis_absent
ottenute	ottenuto	ADJ	Gender=Fem|Number=Plur	1	0.250	analysis_absent
ottenuti	ottenuto	ADJ	Gender=Masc|Number=Plur	1	0.111	analysis_absent
ottica	ottico	NOUN	Gender=Fem|Number=Sing	1	0.200	analysis_absent
ouverture	ouverture	NOUN	Gender=Fem	1	1.000	analysis_absent
ovini	ovino	NOUN	Gender=Masc|Number=Plur	1	1.000	analysis_absent
p.	p.	NOUN	_	1	1.000	analysis_absent
pachistano	pachistano	ADJ	Gender=Masc|Number=Sing	1	1.000	analysis_absent
paesaggista	paesaggista	NOUN	Number=Sing	1	1.000	analysis_absent
pagabili	pagabile	ADJ	Gender=Masc|Number=Plur	1	0.500	analysis_absent
pagabili	pagabili	ADJ	Gender=Masc|Number=Plur	1	0.500	analysis_absent
pagata	pagato	ADJ	Gender=Fem|Number=Sing	1	1.000	analysis_absent
pagate	pagato	ADJ	Gender=Fem|Number=Plur	1	0.333	analysis_absent
pagg.	pagina	NOUN	Gender=Fem|Number=Plur	1	1.000	analysis_absent
pallina	pallina|pallino	NOUN	Gender=Fem|Number=Sing	1	1.000	analysis_absent
paradiso	Paradiso	NOUN	Gender=Masc|Number=Sing	1	1.000	analysis_absent
paralitici	paralitico	NOUN	Gender=Masc|Number=Plur	1	1.000	analysis_absent
paralizzante	paralizzante	ADJ	Number=Sing	1	1.000	analysis_absent
parallela	parallela	ADJ	Gender=Masc|Number=Sing	1	0.500	analysis_absent
parenti	parente	NOUN	Gender=Masc|Number=Plur	1	0.143	analysis_absent
parlati	parlare	ADJ	Gender=Masc|Number=Plur	1	0.333	analysis_absent
passanti	passante	NOUN	Gender=Masc|Number=Plur	1	0.500	analysis_absent
pastello	pastello	ADJ	_	1	1.000	analysis_absent
pazienti	paziente	NOUN	Gender=Masc|Number=Plur	1	0.111	analysis_absent
peggior	peggiore	ADJ	Degree=Cmp|Number=Sing	1	1.000	analysis_absent
penali	penale	NOUN	Gender=Fem|Number=Plur	1	0.200	analysis_absent
pensionate	pensionato	NOUN	Gender=Fem|Number=Plur	1	1.000	analysis_absent
penultimo	penultimo	ADJ	Gender=Masc|NumType=Ord|Number=Sing	1	1.000	analysis_absent
perbene	perbene	ADJ	_	1	1.000	analysis_absent
percentuali	percentuale	NOUN	Gender=Masc|Number=Plur	1	1.000	analysis_absent
perduta	perdere	VERB	Gender=Fem|Number=Sing|Tense=Past|VerbForm=Part	1	0.500	analysis_absent
perfezionato	perfezionato	ADJ	Gender=Masc|Number=Sing	1	1.000	analysis_absent
perfezioniste	perfezionista	NOUN	Gender=Fem|Number=Plur	1	1.000	analysis_absent
perfomance	perfomance	NOUN	Gender=Fem|Number=Sing	1	1.000	analysis_absent
perforate	perforato	ADJ	Gender=Fem|Number=Plur	1	1.000	analysis_absent
periferica	periferico	NOUN	Gender=Fem|Number=Sing	1	1.000	analysis_absent
permanenti	permanente	NOUN	Gender=Fem|Number=Plur	1	0.167	analysis_absent
permanenti	permanenti	ADJ	Number=Plur	1	0.167	analysis_absent
persa	perdere	VERB	Gender=Fem|Number=Sing|Tense=Past|VerbForm=Part	1	0.500	analysis_absent
persa	persa	VERB	Gender=Fem|Number=Sing|Tense=Past|VerbForm=Part	1	0.500	analysis_absent
perse	perse	VERB	Mood=Ind|Number=Sing|Person=3|Tense=Past|VerbForm=Fin	1	0.333	analysis_absent
personal	personal	NOUN	_	1	0.200	analysis_absent
pervenute	pervenuto	ADJ	Gender=Fem|Number=Plur	1	1.000	analysis_absent
pesto	pesto	VERB	Mood=Ind|Number=Sing|Person=1|Tense=Pres|VerbForm=Fin	1	1.000	analysis_absent
pezzetti	pezzetti	NOUN	Gender=Masc|Number=Plur	1	1.000	analysis_absent
piatte	piatte	ADJ	Gender=Fem|Number=Plur	1	0.500	analysis_absent
piattino	piatto	NOUN	Gender=Masc|Number=Sing	1	1.000	analysis_absent
pic-nic	pic-nic	NOUN	Gender=Masc|Number=Plur	1	1.000	analysis_absent
pidiessina	pidiessino	NOUN	Gender=Fem|Number=Sing	1	1.000	analysis_absent
piduista	piduista	NOUN	Number=Sing	1	1.000	analysis_absent
pietrificato	pietrificato	ADJ	Gender=Masc|Number=Sing	1	0.500	analysis_absent
ping	ping	NOUN	_	1	1.000	analysis_absent
pioniera	pioniere	NOUN	Gender=Fem|Number=Sing	1	1.000	analysis_absent
pirata	pirata	NOUN	Number=Sing	1	0.500	analysis_absent
pizzica	pizzicare	VERB	Mood=Imp|Number=Sing|Person=3|Tense=Pres|VerbForm=Fin	1	1.000	analysis_absent
pm	pm	NOUN	Gender=Masc|Number=Sing	1	0.125	analysis_absent
pochissime	poco	DET	Gender=Masc|Number=Plur|PronType=Ind	1	1.000	analysis_absent
pochissimi	poco	PRON	Gender=Masc|Number=Plur|PronType=Ind	1	0.200	analysis_absent
pochissimo	poco	ADV	Degree=Abs|Gender=Masc|Number=Sing	1	0.500	analysis_absent
pochissimo	poco	ADV	Degree=Abs	1	0.500	analysis_absent
poetica	poetica	NOUN	Gender=Fem|Number=Sing	1	0.500	analysis_absent
politico-diplomatica	politico-diplomatica	ADJ	Gender=Fem|Number=Sing	1	1.000	analysis_absent
polo	polo	NOUN	Number=Sing	1	0.500	analysis_absent
popolata	popolato	ADJ	Gender=Fem|Number=Sing	1	0.500	analysis_absent
poppante	poppante	NOUN	Number=Sing	1	1.000	analysis_absent
porcini	porcino	NOUN	Gender=Masc|Number=Plur	1	1.000	analysis_absent
porcino	porcino	NOUN	Gender=Masc|Number=Sing	1	1.000	analysis_absent
portabandiera	portabandiera	NOUN	_	1	0.500	analysis_absent
portaborse	portaborse	NOUN	Number=Sing	1	0.333	analysis_absent
portafogli	portafoglio	NOUN	Gender=Masc	1	1.000	analysis_absent
portante	portante	NOUN	Gender=Fem|Number=Sing	1	1.000	analysis_absent
portavoce	portavoce	NOUN	Gender=Masc|Number=Sing	1	0.125	analysis_absent
portoghese	portoghese	NOUN	Gender=Masc|Number=Sing	1	0.125	analysis_absent
posseggono	posseggono	VERB	Mood=Ind|Number=Plur|Person=3|Tense=Pres|VerbForm=Fin	1	0.500	analysis_absent
possidente	possidente	NOUN	Number=Sing	1	1.000	analysis_absent
potendo	potere	AUX	VerbForm=Ger	1	1.000	analysis_absent
poterono	potere	AUX	Mood=Ind|Number=Plur|Person=3|Tense=Past|VerbForm=Fin	1	1.000	analysis_absent
potessero	potere	AUX	Mood=Sub|Number=Plur|Person=3|Tense=Imp|VerbForm=Fin	1	1.000	analysis_absent
potessimo	potere	AUX	Mood=Sub|Number=Plur|Person=1|Tense=Imp|VerbForm=Fin	1	1.000	analysis_absent
potete	potere	AUX	Mood=Ind|Number=Plur|Person=2|Tense=Pres|VerbForm=Fin	1	1.000	analysis_absent
potrai	potere	AUX	Mood=Ind|Number=Sing|Person=2|Tense=Fut|VerbForm=Fin	1	1.000	analysis_absent
potrei	potere	AUX	Mood=Cnd|Number=Sing|Person=1|Tense=Pres|VerbForm=Fin	1	1.000	analysis_absent
potresti	potere	AUX	Mood=Cnd|Number=Sing|Person=2|Tense=Pres|VerbForm=Fin	1	1.000	analysis_absent
potuti	potere	AUX	Gender=Masc|Number=Plur|Tense=Past|VerbForm=Part	1	1.000	analysis_absent
poveraccia	poveraccio	NOUN	Gender=Fem|Number=Sing	1	1.000	analysis_absent
pp.	pagina	NOUN	Gender=Fem|Number=Plur	1	1.000	analysis_absent
predicati	predicato	NOUN	Gender=Masc|Number=Plur	1	1.000	analysis_absent
preferita	preferito	NOUN	Gender=Fem|Number=Sing	1	0.333	analysis_absent
preferita	preferito	VERB	Gender=Fem|Number=Sing|Tense=Past|VerbForm=Part	1	0.333	analysis_absent
pregiudicate	pregiudicare	ADJ	Gender=Fem|Number=Plur	1	1.000	analysis_absent
pregiudiziali	pregiudiziale	NOUN	Gender=Masc|Number=Plur	1	1.000	analysis_absent
preparati	preparare	ADJ	Gender=Masc|Number=Plur	1	0.333	analysis_absent
preparati	preparato	NOUN	Gender=Masc|Number=Plur	1	0.333	analysis_absent
presentano	presentire	VERB	Mood=Sub|Number=Plur|Person=3|Tense=Pres|VerbForm=Fin	1	0.143	analysis_absent
presentate	presentato	ADJ	Gender=Fem|Number=Plur	1	0.200	analysis_absent
presentatrice	presentatore	NOUN	Gender=Fem|Number=Sing	1	1.000	analysis_absent
prevedibilità	prevedibilità	NOUN	Gender=Fem	1	1.000	analysis_absent
princìpi	principio	NOUN	Gender=Masc|Number=Plur	1	1.000	analysis_absent
privacy	privacy	NOUN	_	1	1.000	analysis_absent
pro	pro	NOUN	_	1	0.333	analysis_absent
problematica	problematica	NOUN	Gender=Fem|Number=Sing	1	0.333	analysis_absent
problematiche	problematica	NOUN	Gender=Fem|Number=Plur	1	0.500	analysis_absent
produttrice	produttore	NOUN	Gender=Fem|Number=Sing	1	1.000	analysis_absent
professioniste	professionista	ADJ	Gender=Fem|Number=Plur	1	1.000	analysis_absent
professionistica	professionistica	ADJ	Gender=Fem|Number=Sing	1	1.000	analysis_absent
professoressa	professore	NOUN	Gender=Fem|Number=Sing	1	1.000	analysis_absent
profondamente	profondo	ADV	_	1	0.167	analysis_absent
progressiste	progressista	ADJ	Gender=Fem|Number=Plur	1	0.500	analysis_absent
progressività	progressività	NOUN	Gender=Fem	1	1.000	analysis_absent
promoter	promoter	NOUN	_	1	1.000	analysis_absent
proprietaria	proprietario	NOUN	Gender=Fem|Number=Sing	1	1.000	analysis_absent
proteica	proteica	ADJ	Gender=Fem|Number=Sing	1	1.000	analysis_absent
protesi	protesi	NOUN	Gender=Fem|Number=Plur	1	0.333	analysis_absent
protesi	proteso	ADJ	Gender=Masc|Number=Plur	1	0.333	analysis_absent
provati	provare	ADJ	Gender=Masc|Number=Plur	1	0.500	analysis_absent
provider	provider	NOUN	_	1	1.000	analysis_absent
provviste	provvedere	VERB	Gender=Fem|Number=Plur|Tense=Past|VerbForm=Part	1	1.000	analysis_absent
psicanalista	psicanalista	NOUN	Number=Sing	1	1.000	analysis_absent
puliti	pulire	ADJ	Gender=Masc|Number=Plur	1	0.500	analysis_absent
pulsioni	pulsione	NOUN	Gender=Masc|Number=Plur	1	1.000	analysis_absent
quadrato	quadrato	NOUN	Gender=Masc|Number=Sing	1	0.250	analysis_absent
qual	qual	PRON	Number=Sing|PronType=Int	1	0.200	analysis_absent
qual	quale	SCONJ	_	1	0.200	analysis_absent
qualcun	qualcun	PRON	Gender=Masc|Number=Sing|PronType=Ind	1	0.500	analysis_absent
qualcun	qualcuno	DET	Gender=Masc|Number=Sing|PronType=Ind	1	0.500	analysis_absent
quanta	quanta	DET	Gender=Fem|Number=Sing|PronType=Int	1	0.333	analysis_absent
quantistica	quantistico	ADJ	Gender=Fem|Number=Sing	1	1.000	analysis_absent
quarantanovesimo	quarantanovesimo	ADJ	Gender=Masc|NumType=Ord|Number=Sing	1	1.000	analysis_absent
quarantenne	quarantenne	NOUN	Number=Sing	1	0.500	analysis_absent
quarantenni	quarantenne	NOUN	Number=Plur	1	1.000	analysis_absent
quarantesimo	quarantesimo	ADJ	Gender=Masc|NumType=Ord|Number=Sing	1	1.000	analysis_absent
quartier	quartiere	NOUN	Gender=Masc|Number=Sing	1	1.000	analysis_absent
quindicesima	quindicesimo	ADJ	Gender=Fem|NumType=Ord|Number=Sing	1	1.000	analysis_absent
quinti	quinto	ADJ	Gender=Masc|NumType=Ord|Number=Plur	1	1.000	analysis_absent
rabberciata	rabberciato	ADJ	Gender=Fem|Number=Sing	1	1.000	analysis_absent
raccolti	raccolto	NOUN	Gender=Masc|Number=Plur	1	0.250	analysis_absent
radiale	radiale	NOUN	Gender=Fem|Number=Sing	1	1.000	analysis_absent
radicale	radicale	NOUN	Number=Sing	1	0.125	analysis_absent
radioattività	radioattività	NOUN	Gender=Fem|Number=Sing	1	0.333	analysis_absent
rado	rado	NOUN	Gender=Masc|Number=Sing	1	1.000	analysis_absent
ragazzina	ragazzino	NOUN	Gender=Fem|Number=Sing	1	1.000	analysis_absent
raggiunta	raggiunto	ADJ	Gender=Fem|Number=Sing	1	0.200	analysis_absent
rap	rap	ADJ	Gender=Masc	1	0.200	analysis_absent
rappresentati	rappresentare	NOUN	Gender=Masc|Number=Plur	1	0.200	analysis_absent
rassicuranti	rassicurante	ADJ	Number=Plur	1	1.000	analysis_absent
rassodante	rassodante	ADJ	Number=Sing	1	1.000	analysis_absent
ravvicinati	ravvicinati	ADJ	Gender=Masc|Number=Plur	1	1.000	analysis_absent
reagiranno	reagirire	VERB	Mood=Ind|Number=Plur|Person=3|Tense=Fut|VerbForm=Fin	1	1.000	analysis_absent
realizzate	realizzato	ADJ	Gender=Fem|Number=Plur	1	0.143	analysis_absent
reattivi	reattivo	NOUN	Gender=Masc|Number=Plur	1	1.000	analysis_absent
reclamata	reclamato	ADJ	Gender=Fem|Number=Sing	1	1.000	analysis_absent
referendaria	referendaria	ADJ	Gender=Fem|Number=Sing	1	1.000	analysis_absent
regalati	regalare	VERB	Mood=Imp|Number=Sing|Person=2|Tense=Pres|VerbForm=Fin	1	0.500	analysis_absent
registrate	registrato	ADJ	Gender=Fem|Number=Plur	1	0.250	analysis_absent
regolamentati	regolamentato	ADJ	Gender=Masc|Number=Plur	1	1.000	analysis_absent
reinterpretate	reinterpretare	VERB	Gender=Fem|Number=Sing|Tense=Past|VerbForm=Part	1	1.000	analysis_absent
relativamente	relativamente	ADV	ExtPos=ADP	1	0.143	analysis_absent
relax	relax	NOUN	_	1	0.167	analysis_absent
relax	relax	NOUN	Number=Sing	1	0.167	analysis_absent
relazionale	relazionale	ADJ	Number=Sing	1	1.000	analysis_absent
religioso	religioso	NOUN	Gender=Masc|Number=Sing	1	0.200	analysis_absent
reni	rene	NOUN	Gender=Fem|Number=Plur	1	0.500	analysis_absent
reni	reni	NOUN	Gender=Fem|Number=Plur	1	0.500	analysis_absent
replay	replay	NOUN	_	1	1.000	analysis_absent
residente	residente	NOUN	Gender=Masc|Number=Sing	1	0.250	analysis_absent
residenti	residente	NOUN	Gender=Masc|Number=Plur	1	0.167	analysis_absent
responsabilizzate	responsabilizzate	ADJ	Gender=Fem|Number=Plur	1	1.000	analysis_absent
restituito	restituito	VERB	Gender=Masc|Number=Sing|Tense=Past|VerbForm=Part	1	0.333	analysis_absent
retribuito	retribuito	ADJ	Gender=Masc|Number=Sing	1	1.000	analysis_absent
retroscena	retroscena	NOUN	Gender=Masc|Number=Plur	1	0.500	analysis_absent
revoca	revoca	NOUN	Gender=Fem|Number=Sing	1	0.333	analysis_absent
ricamata	ricamato	ADJ	Gender=Fem|Number=Sing	1	1.000	analysis_absent
ricamate	ricamato	ADJ	Gender=Fem|Number=Plur	1	1.000	analysis_absent
ricche	ricco	NOUN	Gender=Fem|Number=Plur	1	0.250	analysis_absent
ricercatrice	ricercatore	NOUN	Gender=Fem|Number=Sing	1	1.000	analysis_absent
ricevuti	ricevuto	ADJ	Gender=Masc|Number=Plur	1	1.000	analysis_absent
richieste	richiesto	ADJ	Gender=Fem|Number=Plur	1	0.125	analysis_absent
riciclati	riciclato	ADJ	Gender=Masc|Number=Plur	1	0.500	analysis_absent
riciclo	riciclo	NOUN	Gender=Masc|Number=Sing	1	1.000	analysis_absent
ricomposto	ricomposto	ADJ	Gender=Masc|Number=Sing	1	1.000	analysis_absent
riconosciute	riconosciuto	ADJ	Gender=Fem|Number=Plur	1	0.333	analysis_absent
riconosciuti	riconosciuto	ADJ	Gender=Masc|Number=Plur	1	0.200	analysis_absent
ricostruito	ricostruito	ADJ	Gender=Masc|Number=Sing	1	0.500	analysis_absent
ricoverato	ricoverato	VERB	Gender=Masc|Number=Sing|Tense=Past|VerbForm=Part	1	0.200	analysis_absent
riempiendo	riempire	VERB	VerbForm=Ger	1	1.000	analysis_absent
rientra	rientrare	VERB	Mood=Ind|Person=3|Tense=Pres|VerbForm=Fin	1	0.167	analysis_absent
riesaminato	riesaminato	ADJ	Gender=Masc|Number=Sing	1	1.000	analysis_absent
riflesse	riflettere	VERB	Gender=Fem|Number=Plur|Tense=Past|VerbForm=Part	1	1.000	analysis_absent
riflesso	riflettere	VERB	Gender=Masc|Number=Sing|Tense=Past|VerbForm=Part	1	0.333	analysis_absent
rigenerante	rigenerante	ADJ	Number=Sing	1	1.000	analysis_absent
rilassanti	rilassante	ADJ	Number=Plur	1	1.000	analysis_absent
riluttanti	riluttanti	ADJ	Gender=Masc|Number=Plur	1	1.000	analysis_absent
rimanenti	rimanenti	ADJ	Number=Plur	1	1.000	analysis_absent
rimproverati	rimproverato	VERB	Gender=Masc|Number=Plur|Tense=Past|VerbForm=Part	1	1.000	analysis_absent
rinnovo	rinnovo	VERB	Mood=Ind|Number=Sing|Person=1|Tense=Pres|VerbForm=Fin	1	0.500	analysis_absent
rinunziante	rinunziante	NOUN	Number=Sing	1	1.000	analysis_absent
ripieno	ripieno	NOUN	Gender=Masc|Number=Sing	1	1.000	analysis_absent
riportato	riportato	ADJ	Gender=Masc|Number=Sing	1	0.250	analysis_absent
ripresina	ripresa	NOUN	Gender=Fem|Number=Sing	1	1.000	analysis_absent
riprova	riprova	NOUN	Gender=Fem|Number=Sing	1	1.000	analysis_absent
ripudiata	ripudiato	ADJ	Gender=Fem|Number=Sing	1	1.000	analysis_absent
risanati	risanato	ADJ	Gender=Masc|Number=Plur	1	1.000	analysis_absent
riscosso	riscosso	ADJ	Gender=Masc|Number=Sing	1	1.000	analysis_absent
rispettabilità	rispettabilità	NOUN	Gender=Fem	1	1.000	analysis_absent
risposati	risposato	ADJ	Number=Plur	1	1.000	analysis_absent
risultanti	risultante	ADJ	Gender=Fem|Number=Plur	1	0.500	analysis_absent
ritrovati	ritrovato	VERB	Gender=Masc|Number=Plur|Tense=Past|VerbForm=Part	1	0.200	analysis_absent
riuscite	riuscito	ADJ	Gender=Fem|Number=Plur	1	1.000	analysis_absent
rivelatrice	rivelatore	NOUN	Gender=Fem|Number=Sing	1	1.000	analysis_absent
rivista	rivedere	VERB	Gender=Fem|Number=Sing|Tense=Past|VerbForm=Part	1	0.125	analysis_absent
riviste	rivedere	VERB	Gender=Fem|Number=Plur|Tense=Past|VerbForm=Part	1	0.333	analysis_absent
robot	robot	NOUN	Gender=Masc|Number=Sing	1	0.500	analysis_absent
romanista	romanista	ADJ	Number=Sing	1	1.000	analysis_absent
rompicapo	rompicapo	NOUN	Gender=Masc|Number=Sing	1	1.000	analysis_absent
rosolato	rosolato	ADJ	Gender=Masc|Number=Sing	1	1.000	analysis_absent
round	round	NOUN	_	1	0.333	analysis_absent
rovesciate	rovesciato	ADJ	Gender=Fem|Number=Plur	1	1.000	analysis_absent
rovinati	rovinare	ADJ	Gender=Masc|Number=Plur	1	1.000	analysis_absent
rubacuori	rubacuori	NOUN	_	1	1.000	analysis_absent
rue	rue	NOUN	Gender=Fem|Number=Sing	1	1.000	analysis_absent
russe	russo	NOUN	Gender=Fem|Number=Plur	1	0.167	analysis_absent
rustici	rustico	NOUN	Gender=Masc|Number=Plur	1	0.500	analysis_absent
s.p.a.	s.p.a.	PROPN	_	1	0.200	analysis_absent
s.p.a.	s.p.a.	NOUN	Gender=Fem|Number=Sing	1	0.200	analysis_absent
saggista	saggista	NOUN	Number=Sing	1	1.000	analysis_absent
samba	samba	NOUN	Gender=Fem|Number=Sing	1	1.000	analysis_absent
san	santo	ADJ	Gender=Masc|Number=Sing	1	1.000	analysis_absent
sanguinante	sanguinare	ADJ	Number=Sing	1	1.000	analysis_absent
sanremese	sanremese	ADJ	Number=Sing	1	1.000	analysis_absent
santa	santo	NOUN	Gender=Fem|Number=Sing	1	0.333	analysis_absent
santo	santo	X	Foreign=Yes	1	0.200	analysis_absent
sapienti	sapiente	NOUN	Gender=Masc|Number=Plur	1	1.000	analysis_absent
sassofonista	sassofonista	NOUN	Number=Sing	1	1.000	analysis_absent
satanisti	satanisti	NOUN	Gender=Masc|Number=Plur	1	1.000	analysis_absent
sbadigliante	sbadigliante	ADJ	Number=Sing	1	1.000	analysis_absent
sbaragliato	sbaragliato	ADJ	Gender=Masc|Number=Sing	1	1.000	analysis_absent
scaduti	scaduto	ADJ	Gender=Masc|Number=Plur	1	1.000	analysis_absent
scaduto	scaduto	ADJ	Gender=Masc|Number=Sing	1	0.250	analysis_absent
scafista	scafista	NOUN	Number=Sing	1	1.000	analysis_absent
scapito	scapito	NOUN	Gender=Masc|Number=Sing	1	1.000	analysis_absent
scatenante	scatenante	ADJ	Number=Sing	1	1.000	analysis_absent
schierati	schierato	ADJ	Gender=Masc|Number=Plur	1	0.333	analysis_absent
scienziate	scienziato	NOUN	Gender=Fem|Number=Plur	1	1.000	analysis_absent
scioccati	scioccare	ADJ	Gender=Masc|Number=Plur	1	1.000	analysis_absent
scomparsa	scomparsa|scomparso	NOUN	Gender=Fem|Number=Sing	1	0.167	analysis_absent
scomunicato	scomunicato	NOUN	Gender=Masc|Number=Sing	1	1.000	analysis_absent
sconfinati	sconfinato	ADJ	Gender=Masc|Number=Plur	1	1.000	analysis_absent
scongiuro	scongiuro	NOUN	Gender=Masc|Number=Sing	1	1.000	analysis_absent
sconosciuta	sconosciuto	NOUN	Gender=Fem|Number=Sing	1	0.333	analysis_absent
scribacchino	scribacchino	NOUN	Gender=Masc|Number=Sing	1	1.000	analysis_absent
scrittrici	scrittore	NOUN	Gender=Fem|Number=Plur	1	1.000	analysis_absent
secche	secca	ADJ	Gender=Fem|Number=Plur	1	0.333	analysis_absent
sedano	sedano	NOUN	Gender=Masc|Number=Sing	1	1.000	analysis_absent
semi	semi	ADJ	_	1	0.500	analysis_absent
senziente	senziente	ADJ	Number=Sing	1	1.000	analysis_absent
separatista	separatista	ADJ	Number=Sing	1	0.500	analysis_absent
separatista	separatista	ADJ	Gender=Masc|Number=Sing	1	0.500	analysis_absent
sepolta	sepolto	VERB	Gender=Fem|Number=Sing|Tense=Past|VerbForm=Part	1	1.000	analysis_absent
serietà	serietà	NOUN	Gender=Fem	1	1.000	analysis_absent
service	service	ADJ	Gender=Fem|Number=Plur	1	1.000	analysis_absent
servite	servire	VERB	Gender=Fem|Number=Sing|Tense=Past|VerbForm=Part	1	1.000	analysis_absent
sessantenni	sessantenne	ADJ	Number=Plur	1	1.000	analysis_absent
settimanali	settimanale	NOUN	Number=Plur	1	0.500	analysis_absent
sfuggita	sfuggita	NOUN	Gender=Fem|Number=Sing	1	0.500	analysis_absent
sfuggita	sfuggita	VERB	Gender=Fem|Number=Sing|Tense=Past|VerbForm=Part	1	0.500	analysis_absent
sgoccioli	sgocciolo	NOUN	Gender=Masc|Number=Plur	1	1.000	analysis_absent
sguainata	sguainato	ADJ	Gender=Fem|Number=Sing	1	1.000	analysis_absent
shopping	shopping	NOUN	_	1	0.500	analysis_absent
sii	essere	AUX	Mood=Imp|Number=Sing|Person=2|Tense=Pres|VerbForm=Fin	1	1.000	analysis_absent
simbolista	simbolista	NOUN	Number=Sing	1	1.000	analysis_absent
simbolizzate	simbolizzato	ADJ	Gender=Fem|Number=Plur	1	1.000	analysis_absent
simpatizzanti	simpatizzante	NOUN	Number=Plur	1	1.000	analysis_absent
sin	sino	ADV	ExtPos=ADV	1	0.143	analysis_absent
singalesi	singalese	NOUN	Number=Plur	1	1.000	analysis_absent
single	single	ADJ	_	1	1.000	analysis_absent
sino	sino	ADV	ExtPos=SCONJ	1	0.100	analysis_absent
slegati	slegare	ADJ	Gender=Masc|Number=Plur	1	0.500	analysis_absent
slot	slot	NOUN	_	1	1.000	analysis_absent
slovena	sloveno	ADJ	Gender=Fem|Number=Sing	1	1.000	analysis_absent
smaltati	smaltato	ADJ	Gender=Masc|Number=Plur	1	1.000	analysis_absent
smarcanti	smarcante	ADJ	Number=Plur	1	1.000	analysis_absent
social	social	ADJ	Number=Sing	1	1.000	analysis_absent
soddisfatti	soddisfare	ADJ	Gender=Masc|Number=Plur	1	0.500	analysis_absent
solidità	solidità	NOUN	Gender=Fem	1	1.000	analysis_absent
sopraggiunte	sopraggiunto	ADJ	Gender=Fem|Number=Plur	1	1.000	analysis_absent
soprano	soprano	NOUN	Gender=Masc|Number=Sing	1	1.000	analysis_absent
sopravanzo	sopravanzo	NOUN	Gender=Masc|Number=Sing	1	1.000	analysis_absent
sopravvissuta	sopravvissuto	NOUN	Gender=Fem|Number=Sing	1	1.000	analysis_absent
sorpresa	sorpresa	ADJ	Gender=Fem|Number=Sing	1	0.125	analysis_absent
sorte	sorta	NOUN	Gender=Fem|Number=Plur	1	0.143	analysis_absent
sostituto	sostituto	ADJ	Gender=Masc|Number=Sing	1	0.500	analysis_absent
sottopagati	sottopagato	ADJ	Gender=Masc|Number=Plur	1	0.333	analysis_absent
sottoposte	sottoposto	VERB	Gender=Fem|Number=Plur|Tense=Past|VerbForm=Part	1	0.167	analysis_absent
sottoposti	sottoposto	NOUN	Gender=Masc|Number=Plur	1	0.143	analysis_absent
sottoterra	sottoterra	ADV	_	1	1.000	analysis_absent
sottoutilizzo	sottoutilizzo	NOUN	Gender=Masc|Number=Sing	1	1.000	analysis_absent
sottratta	sottratto	ADJ	Gender=Fem|Number=Sing	1	0.500	analysis_absent
sovraesposte	sovraesposte	ADJ	Gender=Fem|Number=Plur	1	1.000	analysis_absent
sovraesposto	sovraesposto	ADJ	Gender=Masc|Number=Sing	1	1.000	analysis_absent
sovrappopolate	sovrappopolato	ADJ	Gender=Fem|Number=Plur	1	1.000	analysis_absent
sparate	sparata	NOUN	Gender=Fem|Number=Plur	1	1.000	analysis_absent
spasso	spasso	NOUN	Gender=Masc|Number=Sing	1	1.000	analysis_absent
spazzata	spazzata	NOUN	Gender=Fem|Number=Sing	1	1.000	analysis_absent
speaker	speaker	NOUN	_	1	1.000	analysis_absent
spenta	spengere	VERB	Gender=Fem|Number=Sing|Tense=Past|VerbForm=Part	1	1.000	analysis_absent
sperati	sperato	ADJ	Gender=Masc|Number=Plur	1	1.000	analysis_absent
spericolata	spericolato	NOUN	Gender=Fem|Number=Sing	1	1.000	analysis_absent
spettinato	spettinato	ADJ	Gender=Masc|Number=Sing	1	1.000	analysis_absent
spezie	spezie	NOUN	Gender=Fem|Number=Plur	1	1.000	analysis_absent
spiegate	spiegato	ADJ	Gender=Fem|Number=Plur	1	1.000	analysis_absent
spoglio	spoglio	NOUN	Gender=Masc|Number=Sing	1	1.000	analysis_absent
sponsorizzato	sponsorizzato	ADJ	Gender=Masc|Number=Sing	1	1.000	analysis_absent
spontanei	spontanei	ADJ	Number=Plur	1	0.500	analysis_absent
sportivi	sportivo	NOUN	Gender=Masc|Number=Plur	1	0.200	analysis_absent
sportivo	sportivo	NOUN	Gender=Masc|Number=Sing	1	0.111	analysis_absent
sporto	sporto	NOUN	Gender=Masc|Number=Sing	1	1.000	analysis_absent
sposa	sposo	NOUN	Gender=Fem|Number=Sing	1	0.333	analysis_absent
sposi	sposare	VERB	Mood=Imp|Number=Sing|Person=2|Tense=Pres|VerbForm=Fin	1	0.500	analysis_absent
spostata	spostato	VERB	Gender=Fem|Number=Sing|Tense=Past|VerbForm=Part	1	1.000	analysis_absent
spremute	spremuta	NOUN	Gender=Fem|Number=Plur	1	1.000	analysis_absent
squadernato	squadernato	VERB	Gender=Masc|Number=Sing|Tense=Past|VerbForm=Part	1	1.000	analysis_absent
squadrista	squadrista	ADJ	Number=Sing	1	1.000	analysis_absent
squalificato	squalificato	ADJ	Gender=Masc|Number=Sing	1	0.500	analysis_absent
staff	staff	NOUN	Gender=Masc|Number=Sing	1	1.000	analysis_absent
stagnino	stagnino	NOUN	Gender=Masc|Number=Sing	1	1.000	analysis_absent
standardizzate	standardizzato	ADJ	Gender=Fem|Number=Plur	1	1.000	analysis_absent
starebbe	stare	AUX	Mood=Cnd|Number=Sing|Person=3|Tense=Pres|VerbForm=Fin	1	1.000	analysis_absent
statali	statale	NOUN	Gender=Fem|Number=Plur	1	0.125	analysis_absent
statistica	statistica|statistico	NOUN	Gender=Fem|Number=Sing	1	0.500	analysis_absent
statistiche	statistica|statistico	NOUN	Gender=Fem|Number=Plur	1	0.100	analysis_absent
status	status	NOUN	_	1	0.200	analysis_absent
stiano	stare	AUX	Mood=Sub|Number=Plur|Person=3|Tense=Pres|VerbForm=Fin	1	0.500	analysis_absent
stiro	stiro	NOUN	Gender=Masc|Number=Sing	1	1.000	analysis_absent
stramaledetta	stramaledetto	ADJ	Gender=Fem|Number=Sing	1	1.000	analysis_absent
straniera	straniero	NOUN	Gender=Fem|Number=Sing	1	0.333	analysis_absent
strapazzo	strapazzo	NOUN	Gender=Masc|Number=Sing	1	1.000	analysis_absent
stressati	stressati	VERB	Gender=Masc|Number=Plur|Tense=Past|VerbForm=Part	1	1.000	analysis_absent
stringa	stringa	NOUN	Gender=Fem|Number=Sing	1	1.000	analysis_absent
stropicciato	stropicciato	ADJ	Gender=Masc|Number=Sing	1	1.000	analysis_absent
studentessa	studente	NOUN	Gender=Fem|Number=Sing	1	0.500	analysis_absent
studios	studios	NOUN	_	1	1.000	analysis_absent
stupefacenti	stupefacente	NOUN	Gender=Masc|Number=Plur	1	1.000	analysis_absent
sub	sub	ADJ	_	1	0.100	analysis_absent
subordinate	subordinata	NOUN	Gender=Fem|Number=Plur	1	1.000	analysis_absent
successe	succedere	VERB	Mood=Ind|Number=Sing|Person=3|Tense=Pres|VerbForm=Fin	1	0.250	analysis_absent
successi	succedere	VERB	Gender=Masc|Number=Plur|Tense=Past|VerbForm=Part	1	0.125	analysis_absent
sud-ovest	sud-ovest	NOUN	Gender=Masc|Number=Sing	1	1.000	analysis_absent
sudato	sudare	ADJ	Gender=Masc|Number=Sing	1	1.000	analysis_absent
sudcoreana	sudcoreana	ADJ	Gender=Fem|Number=Sing	1	1.000	analysis_absent
sudcoreane	sudcoreane	NOUN	Gender=Fem|Number=Plur	1	0.500	analysis_absent
sudcoreane	sudcoreane	ADJ	Gender=Fem|Number=Plur	1	0.500	analysis_absent
suicida	suicida	ADJ	Number=Sing	1	0.500	analysis_absent
summenzionate	summenzionato	ADJ	Gender=Fem|Number=Plur	1	1.000	analysis_absent
supereroe	supereroe	ADJ	Gender=Masc|Number=Sing	1	1.000	analysis_absent
superpagati	superpagato	ADJ	Gender=Masc|Number=Plur	1	1.000	analysis_absent
supposta	supposto	ADJ	Gender=Fem|Number=Sing	1	1.000	analysis_absent
supposte	supposte	ADJ	Gender=Fem|Number=Plur	1	0.500	analysis_absent
supposte	supposto	ADJ	Gender=Fem|Number=Plur	1	0.500	analysis_absent
surgelati	surgelare	ADJ	Gender=Masc|Number=Plur	1	0.250	analysis_absent
sussidiarietà	sussidiarietà	NOUN	Gender=Fem|Number=Sing	1	0.200	analysis_absent
svariati	svariato	DET	Gender=Masc|Number=Plur|PronType=Ind	1	0.500	analysis_absent
svizzera	svizzero	NOUN	Gender=Fem|Number=Sing	1	0.167	analysis_absent
talune	taluna	DET	Gender=Fem|Number=Plur|PronType=Ind	1	0.250	analysis_absent
tant	tant	NOUN	_	1	1.000	analysis_absent
tantissimi	tanto	PRON	Gender=Masc|Number=Plur|PronType=Ind	1	0.500	analysis_absent
tassativamente	tassativo	ADV	_	1	0.500	analysis_absent
tastierista	tastierista	NOUN	Number=Sing	1	1.000	analysis_absent
tavola	tavola|tavolo	NOUN	Gender=Fem|Number=Sing	1	0.333	analysis_absent
taxi	taxi	NOUN	Gender=Masc|Number=Sing	1	0.250	analysis_absent
team	team	X	Foreign=Yes	1	0.500	analysis_absent
teenagers	teenagers	NOUN	Gender=Fem|Number=Plur	1	1.000	analysis_absent
teleutenti	teleutente	NOUN	Number=Plur	1	1.000	analysis_absent
templi	templio	NOUN	Gender=Masc|Number=Plur	1	1.000	analysis_absent
tentate	tentato	ADJ	Gender=Fem|Number=Plur	1	1.000	analysis_absent
tequila	tequila	NOUN	Gender=Fem	1	1.000	analysis_absent
termica	termica	ADJ	Gender=Fem|Number=Sing	1	1.000	analysis_absent
terrificanti	terrificante	ADJ	Number=Plur	1	1.000	analysis_absent
terrorizzante	terrorizzante	ADJ	Number=Sing	1	1.000	analysis_absent
terrorizzati	terrorizzato	ADJ	Gender=Masc|Number=Plur	1	1.000	analysis_absent
terrorizzato	terrorizzato	ADJ	Gender=Masc|Number=Sing	1	0.500	analysis_absent
tesa	tes0	ADJ	Gender=Fem|Number=Sing	1	0.250	analysis_absent
testimone	testimone	NOUN	Gender=Masc|Number=Sing	1	0.200	analysis_absent
ticinese	ticinese	ADJ	Number=Sing	1	1.000	analysis_absent
titolare	titolare	NOUN	Gender=Masc|Number=Sing	1	0.111	analysis_absent
titolari	titolare	ADJ	Number=Plur	1	0.500	analysis_absent
titolati	titolato	NOUN	Gender=Masc|Number=Plur	1	1.000	analysis_absent
tollerate	tollerato	ADJ	Gender=Fem|Number=Plur	1	1.000	analysis_absent
topoi	topoi	NOUN	Gender=Masc|Number=Plur	1	1.000	analysis_absent
torinese	torinese	NOUN	Number=Sing	1	0.250	analysis_absent
tossicodipendenza	tossicodipendenza	NOUN	Gender=Fem	1	0.500	analysis_absent
tossicomani	tossicomane	NOUN	Number=Plur	1	1.000	analysis_absent
tracciante	tracciante	NOUN	Gender=Masc|Number=Sing	1	1.000	analysis_absent
trader	trader	NOUN	_	1	1.000	analysis_absent
trafficante	trafficante	NOUN	Number=Sing	1	1.000	analysis_absent
trafficato	trafficato	ADJ	Gender=Masc|Number=Sing	1	1.000	analysis_absent
tranciate	tranciato	ADJ	Gender=Fem|Number=Plur	1	1.000	analysis_absent
tranne	tranne	ADP	ExtPos=ADP	1	0.143	analysis_absent
tranquillizzi	tranquillizzare	VERB	Mood=Ind|Number=Sing|Person=3|Tense=Pres|VerbForm=Fin	1	1.000	analysis_absent
trapezista	trapezista	NOUN	Number=Sing	1	1.000	analysis_absent
trapiantato	trapiantato	ADJ	Gender=Masc|Number=Sing	1	0.125	analysis_absent
trattate	trattato	ADJ	Gender=Fem|Number=Plur	1	1.000	analysis_absent
trattenuti	trattenuto	ADJ	Gender=Masc|Number=Plur	1	1.000	analysis_absent
trentacinquenne	trentacinquenne	ADJ	_	1	1.000	analysis_absent
trentesimo	trentesimo	ADJ	Gender=Masc|NumType=Ord|Number=Sing	1	1.000	analysis_absent
trionfalismi	trionfalismi	NOUN	Gender=Masc|Number=Plur	1	1.000	analysis_absent
tritati	tritato	ADJ	Gender=Masc|Number=Plur	1	1.000	analysis_absent
tritato	tritare	ADJ	Gender=Masc|Number=Sing	1	1.000	analysis_absent
trovata	trovata	NOUN	Gender=Fem|Number=Sing	1	0.143	analysis_absent
trucido	trucido	ADJ	Gender=Masc|Number=Sing	1	1.000	analysis_absent
truffati	truffati	ADJ	Gender=Masc|Number=Plur	1	0.333	analysis_absent
truffati	truffato	ADJ	Gender=Masc|Number=Plur	1	0.333	analysis_absent
tubercolosi	tubercolosi	NOUN	Gender=Fem|Number=Sing	1	1.000	analysis_absent
turchini	turchino	NOUN	Gender=Masc|Number=Plur	1	0.333	analysis_absent
tv	tv	NOUN	Gender=Fem|Number=Sing	1	0.111	analysis_absent
ubicata	ubicato	ADJ	Gender=Fem|Number=Sing	1	1.000	analysis_absent
ugonotto	ugonotto	NOUN	Gender=Masc|Number=Sing	1	1.000	analysis_absent
ultimati	ultimato	ADJ	Gender=Masc|Number=Plur	1	1.000	analysis_absent
umidità	umidità	NOUN	Gender=Fem	1	1.000	analysis_absent
umiliato	umiliare	ADJ	Gender=Masc|Number=Sing	1	1.000	analysis_absent
undicesimo	undicesimo	ADJ	Gender=Masc|NumType=Ord|Number=Sing	1	1.000	analysis_absent
uni	uno	PRON	Gender=Masc|Number=Plur|PronType=Ind	1	0.125	analysis_absent
uniti	unire	ADJ	Gender=Masc|Number=Plur	1	0.200	analysis_absent
universi	universo	NOUN	Gender=Masc|Number=Plur	1	1.000	analysis_absent
utili	utili	ADJ	Gender=Masc|Number=Plur	1	0.100	analysis_absent
vaccini	vaccino	ADJ	Gender=Masc|Number=Plur	1	1.000	analysis_absent
vada	andare	AUX	Mood=Sub|Number=Sing|Person=3|Tense=Pres|VerbForm=Fin	1	0.250	analysis_absent
vai	vai	NOUN	_	1	0.250	analysis_absent
vai	vai	VERB	Mood=Imp|Number=Sing|Person=2|Tense=Pres|VerbForm=Fin	1	0.250	analysis_absent
van	van	PROPN	_	1	1.000	analysis_absent
ve	vi	PRON	Clitic=Yes|Number=Plur|Person=2|PronType=Prs	1	1.000	analysis_absent
vecchie	vecchia	ADJ	Gender=Fem|Number=Plur	1	0.250	analysis_absent
vedova	vedovo	NOUN	Gender=Fem|Number=Sing	1	0.250	analysis_absent
veloci	veloce	ADV	_	1	0.143	analysis_absent
venticinquesimo	venticinquesimo	ADJ	Gender=Masc|NumType=Ord|Number=Sing	1	1.000	analysis_absent
ventunenne	ventunenne	NOUN	Number=Sing	1	1.000	analysis_absent
venture	venture	NOUN	_	1	0.500	analysis_absent
venuta	venuta	NOUN	Gender=Fem|Number=Sing	1	0.333	analysis_absent
vercellese	vercellese	ADJ	Gender=Fem|Number=Plur	1	1.000	analysis_absent
verdi	verde	NOUN	Gender=Masc|Number=Plur	1	0.250	analysis_absent
verificate	verificare	VERB	Mood=Ind|Number=Sing|Person=3|Tense=Pres|VerbForm=Fin	1	1.000	analysis_absent
versate	versato	VERB	Gender=Fem|Number=Plur|Tense=Past|VerbForm=Part	1	0.500	analysis_absent
vietate	vietare	ADJ	Gender=Fem|Number=Plur	1	0.111	analysis_absent
vigili	vigile	ADJ	Gender=Masc|Number=Plur	1	0.167	analysis_absent
vincolati	vincolate	ADJ	Number=Plur	1	0.333	analysis_absent
vinti	vinto	NOUN	Gender=Masc|Number=Plur	1	0.500	analysis_absent
viola	viola	NOUN	_	1	0.500	analysis_absent
vis	vis	NOUN	Gender=Fem	1	1.000	analysis_absent
viscere	viscere	NOUN	Gender=Fem|Number=Plur	1	1.000	analysis_absent
visibili	visibili	ADJ	Number=Plur	1	0.500	analysis_absent
viterbese	viterbese	ADJ	Number=Sing	1	1.000	analysis_absent
vittoriani	vittoriani	NOUN	Gender=Masc|Number=Plur	1	1.000	analysis_absent
vivo	vivo	NOUN	Gender=Masc|Number=Sing	1	0.143	analysis_absent
vodka	vodka	NOUN	Gender=Fem	1	1.000	analysis_absent
volendo	volere	AUX	VerbForm=Ger	1	1.000	analysis_absent
volesse	volere	AUX	Mood=Sub|Number=Sing|Person=3|Tense=Imp|VerbForm=Fin	1	1.000	analysis_absent
volete	volere	AUX	Mood=Ind|Number=Plur|Person=2|Tense=Pres|VerbForm=Fin	1	0.500	analysis_absent
volontaria	volontario	NOUN	Gender=Fem|Number=Sing	1	0.333	analysis_absent
volumetti	volumetti	NOUN	Gender=Masc|Number=Plur	1	1.000	analysis_absent
volutamente	voluto	ADV	_	1	1.000	analysis_absent
von	Von	PROPN	_	1	0.333	analysis_absent
vorremmo	volere	AUX	Mood=Cnd|Number=Plur|Person=1|Tense=Pres|VerbForm=Fin	1	1.000	analysis_absent
vorreste	volere	AUX	Mood=Cnd|Number=Plur|Person=2|Tense=Pres|VerbForm=Fin	1	1.000	analysis_absent
vorresti	volere	AUX	Mood=Cnd|Number=Sing|Person=2|Tense=Pres|VerbForm=Fin	1	1.000	analysis_absent
vox	vox	X	Foreign=Yes	1	1.000	analysis_absent
weekend	weekend	NOUN	Gender=Masc|Number=Sing	1	0.500	analysis_absent
west	west	NOUN	_	1	1.000	analysis_absent
workshop	workshop	NOUN	Gender=Masc|Number=Plur	1	0.250	analysis_absent
yankee	yankee	NOUN	_	1	1.000	analysis_absent
yoga	yoga	NOUN	Gender=Masc	1	1.000	analysis_absent
zapatisti	zapatisti	NOUN	Gender=Masc|Number=Plur	1	1.000	analysis_absent
zar	zar	NOUN	Gender=Masc|Number=Sing	1	0.250	analysis_absent
Il	il	DET	Definite=Def|Gender=Masc|Number=Sing|PronType=Art	915	0.985	form_absent
In	in	ADP	_	857	0.995	form_absent
La	il	DET	Definite=Def|Gender=Fem|Number=Sing|PronType=Art	773	0.967	form_absent
L'	il	DET	Definite=Def|Number=Sing|PronType=Art	385	0.977	form_absent
I	il	DET	Definite=Def|Gender=Masc|Number=Plur|PronType=Art	354	0.941	form_absent
A	a	ADP	_	316	0.919	form_absent
Chi	chi	PRON	PronType=Int	307	0.892	form_absent
Le	il	DET	Definite=Def|Gender=Fem|Number=Plur|PronType=Art	294	0.955	form_absent
Per	per	ADP	_	278	0.996	form_absent
Se	se	SCONJ	_	232	0.975	form_absent
Ma	ma	CCONJ	_	226	0.987	form_absent
l’	il	DET	Definite=Def|Number=Sing|PronType=Art	225	0.849	form_absent
Quale	quale	DET	Number=Sing|PronType=Int	222	0.899	form_absent
E	e	CCONJ	_	221	0.987	form_absent
Quando	quando	ADV	_	206	0.705	form_absent
Da	da	ADP	_	193	0.975	form_absent
1	1	NUM	NumType=Card	182	0.989	form_absent
Non	non	ADV	PronType=Neg	175	0.989	form_absent
Come	come	ADV	_	173	0.759	form_absent
2	2	NUM	NumType=Card	166	1.000	form_absent
È	essere	AUX	Mood=Ind|Number=Sing|Person=3|Tense=Pres|VerbForm=Fin	147	0.942	form_absent
Art.	articolo	NOUN	Gender=Masc|Number=Sing	139	1.000	form_absent
Gli	il	DET	Definite=Def|Gender=Masc|Number=Plur|PronType=Art	135	0.957	form_absent
Balzac	Balzac	PROPN	_	126	1.000	form_absent
Qual	Qual	PRON	Number=Sing|PronType=Int	124	0.551	form_absent
Di	di	ADP	_	119	0.930	form_absent
Un	uno	DET	Definite=Ind|Gender=Masc|Number=Sing|PronType=Art	115	0.983	form_absent
Dove	dove	ADV	_	109	1.000	form_absent
Si	si	PRON	Clitic=Yes|Person=3|PronType=Prs	105	1.000	form_absent
Stato	stato	NOUN	Gender=Masc|Number=Sing	105	0.729	form_absent
Quanti	quanto	DET	Gender=Masc|Number=Plur|PronType=Int	104	0.874	form_absent
3	3	NUM	NumType=Card	103	1.000	form_absent
Repubblica	repubblica	NOUN	Gender=Fem|Number=Sing	98	0.772	form_absent
Qual	quale	PRON	Number=Sing|PronType=Int	97	0.431	form_absent
Con	con	ADP	_	87	1.000	form_absent
Quando	quando	SCONJ	_	85	0.291	form_absent
San	San	PROPN	_	81	0.976	form_absent
servitù	servitù	NOUN	Gender=Fem	81	1.000	form_absent
Consiglio	consiglio	NOUN	Gender=Masc|Number=Sing	79	0.929	form_absent
Stati	Stati	PROPN	_	77	0.592	form_absent
Una	uno	DET	Definite=Ind|Gender=Fem|Number=Sing|PronType=Art	77	0.928	form_absent
Uniti	Uniti	PROPN	_	77	0.951	form_absent
usufrutto	usufrutto	NOUN	Gender=Masc|Number=Sing	77	1.000	form_absent
usufruttuario	usufruttuario	NOUN	Gender=Masc|Number=Sing	76	1.000	form_absent
“	“	PUNCT	_	73	1.000	form_absent
Ogni	ogni	DET	Number=Sing|PronType=Ind	72	1.000	form_absent
”	”	PUNCT	_	72	1.000	form_absent
Governo	governo	NOUN	Gender=Masc|Number=Sing	71	0.922	form_absent
4	4	NUM	NumType=Card	70	0.986	form_absent
Presidente	presidente	NOUN	Gender=Masc|Number=Sing	70	0.753	form_absent
Anche	anche	ADV	_	66	0.868	form_absent
Unione	Unione	PROPN	_	63	0.863	form_absent
Sono	essere	AUX	Mood=Ind|Number=Plur|Person=3|Tense=Pres|VerbForm=Fin	62	0.838	form_absent
Quanto	quanto	PRON	Number=Sing|PronType=Int	60	0.667	form_absent
Dopo	dopo	ADP	_	59	0.843	form_absent
5	5	NUM	NumType=Card	58	0.983	form_absent
20	20	NUM	NumType=Card	57	1.000	form_absent
Secondo	secondo	ADP	_	57	0.950	form_absent
Costituzione	costituzione	NOUN	Gender=Fem|Number=Sing	55	0.724	form_absent
d’	di	ADP	_	55	1.000	form_absent
Stati	stato	NOUN	Gender=Masc|Number=Plur	53	0.408	form_absent
Su	su	ADP	_	53	0.981	form_absent
30	30	NUM	NumType=Card	52	1.000	form_absent
6	6	NUM	NumType=Card	52	1.000	form_absent
Articolo	articolo	NOUN	Gender=Masc|Number=Sing	52	1.000	form_absent
Lo	il	DET	Definite=Def|Gender=Masc|Number=Sing|PronType=Art	51	0.680	form_absent
Quante	quanto	DET	Gender=Fem|Number=Plur|PronType=Int	50	0.962	form_absent
10	10	NUM	NumType=Card	49	1.000	form_absent
Parlamento	parlamento	NOUN	Gender=Masc|Number=Sing	49	0.653	form_absent
15	15	NUM	NumType=Card	47	1.000	form_absent
Camere	camera	NOUN	Gender=Fem|Number=Plur	44	0.978	form_absent
Commissione	commissione	NOUN	Gender=Fem|Number=Sing	44	0.917	form_absent
Mayo	Mayo	PROPN	_	44	1.000	form_absent
Inoltre	inoltre	ADV	_	43	1.000	form_absent
25	25	NUM	NumType=Card	42	1.000	form_absent
8	8	NUM	NumType=Card	42	1.000	form_absent
Facebook	Facebook	PROPN	_	42	1.000	form_absent
Infatti	infatti	ADV	_	41	0.976	form_absent
Europea	Europea	PROPN	_	40	0.889	form_absent
Regioni	regione	NOUN	Gender=Fem|Number=Plur	40	0.952	form_absent
2003	2003	NUM	NumType=Card	39	1.000	form_absent
Oggi	oggi	ADV	_	39	1.000	form_absent
v.	vedere	VERB	Mood=Imp|Number=Sing|Person=2|Tense=Pres|VerbForm=Fin	39	0.975	form_absent
Paese	paese	NOUN	Gender=Masc|Number=Sing	38	0.792	form_absent
Pericle	Pericle	PROPN	_	38	1.000	form_absent
Tra	tra	ADP	_	38	0.950	form_absent
enfiteuta	enfiteuta	NOUN	Number=Sing	37	1.000	form_absent
14	14	NUM	NumType=Card	36	1.000	form_absent
50	50	NUM	NumType=Card	36	1.000	form_absent
Poi	poi	ADV	_	36	1.000	form_absent
L’	il	DET	Definite=Def|Number=Sing|PronType=Art	35	0.972	form_absent
18	18	NUM	NumType=Card	34	1.000	form_absent
2004	2004	NUM	NumType=Card	34	1.000	form_absent
7	7	NUM	NumType=Card	34	0.971	form_absent
Durante	durante	ADP	_	34	1.000	form_absent
Ci	ci	PRON	Clitic=Yes|PronType=Prs	33	0.717	form_absent
11	11	NUM	NumType=Card	31	1.000	form_absent
13	13	NUM	NumType=Card	31	1.000	form_absent
1994	1994	NUM	NumType=Card	31	0.969	form_absent
Tuttavia	tuttavia	ADV	_	31	1.000	form_absent
1999	1999	NUM	NumType=Card	30	1.000	form_absent
Regione	regione	NOUN	Gender=Fem|Number=Sing	30	0.682	form_absent
21	21	NUM	NumType=Card	29	1.000	form_absent
27	27	NUM	NumType=Card	29	1.000	form_absent
Campionato	Campionato	NOUN	Gender=Masc|Number=Sing	29	0.879	form_absent
l’	il	DET	Definite=Def|Gender=Masc|Number=Sing|PronType=Art	29	0.109	form_absent
Io	io	PRON	Number=Sing|Person=1|PronType=Prs	28	0.966	form_absent
Ora	ora	ADV	_	28	1.000	form_absent
Paesi	paese	NOUN	Gender=Masc|Number=Plur	28	0.609	form_absent
Questa	questo	DET	Gender=Fem|Number=Sing|PronType=Dem	28	0.622	form_absent
Questo	questo	DET	Gender=Masc|Number=Sing|PronType=Dem	28	0.571	form_absent
100	100	NUM	NumType=Card	27	1.000	form_absent
's	's	PART	_	26	1.000	form_absent
24	24	NUM	NumType=Card	26	1.000	form_absent
Cosa	cosa	PRON	Number=Sing|PronType=Int	26	0.897	form_absent
E'	essere	AUX	Mood=Ind|Number=Sing|Person=3|Tense=Pres|VerbForm=Fin	26	0.929	form_absent
Mi	mi	PRON	Clitic=Yes|Number=Sing|Person=1|PronType=Prs	26	1.000	form_absent
dueparole	dueparole	PROPN	_	26	1.000	form_absent
12	12	NUM	NumType=Card	25	1.000	form_absent
1990	1990	NUM	NumType=Card	25	1.000	form_absent
26	26	NUM	NumType=Card	25	1.000	form_absent
Come	come	ADP	_	25	0.110	form_absent
Come	come	SCONJ	_	25	0.110	form_absent
Corte	corte	NOUN	Gender=Fem|Number=Sing	25	0.758	form_absent
Due	due	NUM	NumType=Card	24	1.000	form_absent
Ed	e	CCONJ	_	24	1.000	form_absent
Ho	avere	AUX	Mood=Ind|Number=Sing|Person=1|Tense=Pres|VerbForm=Fin	24	0.857	form_absent
Lo	lo	PRON	Clitic=Yes|Gender=Masc|Number=Sing|Person=3|PronType=Prs	24	0.320	form_absent
Partito	partito	NOUN	Gender=Masc|Number=Sing	24	0.800	form_absent
Signora	signore	NOUN	Gender=Fem|Number=Sing	24	1.000	form_absent
Stato	Stato	PROPN	_	24	0.167	form_absent
2000	2000	NUM	NumType=Card	23	1.000	form_absent
9	9	NUM	NumType=Card	23	1.000	form_absent
Allende	Allende	PROPN	_	23	1.000	form_absent
Camera	Camera	PROPN	_	23	0.418	form_absent
Camera	camera	NOUN	Gender=Fem|Number=Sing	23	0.418	form_absent
Perciò	perciò	ADV	_	23	1.000	form_absent
Quali	quale	DET	Number=Plur|PronType=Int	23	0.622	form_absent
Yamanote	Yamanote	PROPN	_	23	1.000	form_absent
jamming	jamming	NOUN	Gender=Masc	23	1.000	form_absent
16	16	NUM	NumType=Card	22	1.000	form_absent
17	17	NUM	NumType=Card	22	1.000	form_absent
2002	2002	NUM	NumType=Card	22	1.000	form_absent
2014	2014	NUM	NumType=Card	22	1.000	form_absent
C'	ci	PRON	Clitic=Yes|PronType=Prs	22	0.957	form_absent
Così	così	ADV	_	22	0.917	form_absent
Dov'	dove	ADV	_	22	0.917	form_absent
Hiroshima	Hiroshima	PROPN	_	22	1.000	form_absent
Licenziante	Licenziante	PROPN	_	22	1.000	form_absent
Però	però	ADV	_	22	0.846	form_absent
Tutti	tutto	DET	Gender=Masc|Number=Plur|PronType=Tot	22	0.564	form_absent
23	23	NUM	NumType=Card	21	1.000	form_absent
Giro	Giro	PROPN	_	21	0.840	form_absent
Krajina	Krajina	PROPN	_	21	1.000	form_absent
Presidente	Presidente	NOUN	Gender=Masc|Number=Sing	21	0.226	form_absent
Prima	prima	ADV	ExtPos=ADP	21	0.618	form_absent
Progetto	progetto	NOUN	Gender=Masc|Number=Sing	21	1.000	form_absent
Questo	questo	PRON	Gender=Masc|Number=Sing|PronType=Dem	21	0.429	form_absent
Qui	qui	ADV	_	21	1.000	form_absent
Signor	signore	NOUN	Gender=Masc|Number=Sing	21	1.000	form_absent
quest’	questo	DET	Number=Sing|PronType=Dem	21	1.000	form_absent
19	19	NUM	NumType=Card	20	1.000	form_absent
Abbiamo	avere	AUX	Mood=Ind|Number=Plur|Person=1|Tense=Pres|VerbForm=Fin	20	0.870	form_absent
Broglio	Broglio	PROPN	_	20	0.909	form_absent
Ciò	ciò	PRON	Gender=Masc|Number=Sing|PronType=Dem	20	0.833	form_absent
Noi	noi	PRON	Number=Plur|Person=1|PronType=Prs	20	1.000	form_absent
Nord	Nord	PROPN	_	20	0.833	form_absent
Quanto	quanto	ADV	_	20	0.222	form_absent
account	account	NOUN	_	20	1.000	form_absent
200	200	NUM	NumType=Card	19	1.000	form_absent
2005	2005	NUM	NumType=Card	19	1.000	form_absent
31	31	NUM	NumType=Card	19	1.000	form_absent
42	42	NUM	NumType=Card	19	1.000	form_absent
Didoni	Didoni	PROPN	_	19	1.000	form_absent
Era	essere	AUX	Mood=Ind|Number=Sing|Person=3|Tense=Imp|VerbForm=Fin	19	0.905	form_absent
Fiona	Fiona	PROPN	_	19	1.000	form_absent
Ha	avere	AUX	Mood=Ind|Number=Sing|Person=3|Tense=Pres|VerbForm=Fin	19	0.704	form_absent
Può	potere	AUX	Mood=Ind|Number=Sing|Person=3|Tense=Pres|VerbForm=Fin	19	1.000	form_absent
Queste	questo	DET	Gender=Fem|Number=Plur|PronType=Dem	19	0.864	form_absent
c’	ci	PRON	Clitic=Yes|PronType=Prs	19	1.000	form_absent
1991	1991	NUM	NumType=Card	18	1.000	form_absent
2001	2001	NUM	NumType=Card	18	1.000	form_absent
22	22	NUM	NumType=Card	18	0.947	form_absent
Costituzione	Costituzione	NOUN	Gender=Fem|Number=Sing	18	0.237	form_absent
Fino	fino	ADV	ExtPos=ADP	18	0.818	form_absent
Ieri	ieri	ADV	_	18	1.000	form_absent
Invece	invece	ADV	_	18	0.750	form_absent
Milani	Milani	PROPN	_	18	1.000	form_absent
Nazioni	Nazioni	PROPN	_	18	0.621	form_absent
Nomina	nominare	VERB	Mood=Imp|Number=Sing|Person=2|Tense=Pres|VerbForm=Fin	18	0.818	form_absent
Orsi	Orsi	PROPN	_	18	1.000	form_absent
Perché	perché	SCONJ	_	18	0.562	form_absent
Repubblica	Repubblica	PROPN	_	18	0.142	form_absent
Santa	Santa	PROPN	_	18	1.000	form_absent
of	of	ADP	_	18	0.947	form_absent
2006	2006	NUM	NumType=Card	17	1.000	form_absent
Ad	a	ADP	_	17	0.944	form_absent
CE	CE	PROPN	_	17	1.000	form_absent
Centro	centro	NOUN	Gender=Masc|Number=Sing	17	0.680	form_absent
Forse	forse	ADV	_	17	1.000	form_absent
Nessuno	nessuno	PRON	Gender=Masc|Number=Sing|PronType=Ind	17	0.895	form_absent
Papa	Papa	PROPN	_	17	0.810	form_absent
Payita	Payita	PROPN	_	17	1.000	form_absent
Province	provincia	NOUN	Gender=Fem|Number=Plur	17	0.895	form_absent
Qualora	qualora	SCONJ	_	17	1.000	form_absent
Sali	Sali	PROPN	_	17	1.000	form_absent
1992	1992	NUM	NumType=Card	16	1.000	form_absent
29	29	NUM	NumType=Card	16	1.000	form_absent
40	40	NUM	NumType=Card	16	1.000	form_absent
Adesso	adesso	ADV	_	16	1.000	form_absent
Alcuni	alcuno	DET	Gender=Masc|Number=Plur|PronType=Ind	16	0.800	form_absent
Commons	Commons	PROPN	_	16	1.000	form_absent
Comuni	comune	NOUN	Gender=Masc|Number=Plur	16	0.800	form_absent
Credo	credere	VERB	Mood=Ind|Number=Sing|Person=1|Tense=Pres|VerbForm=Fin	16	1.000	form_absent
NASA	NASA	PROPN	_	16	0.941	form_absent
Nemo	Nemo	PROPN	_	16	1.000	form_absent
Questa	questo	PRON	Gender=Fem|Number=Sing|PronType=Dem	16	0.356	form_absent
Sezione	sezione	NOUN	Gender=Fem|Number=Sing	16	1.000	form_absent
att.	att	NOUN	Gender=Masc|Number=Sing	16	1.000	form_absent
ozono	ozono	NOUN	Gender=Masc|Number=Sing	16	1.000	form_absent
transponder	transponder	NOUN	Gender=Masc	16	1.000	form_absent
1985	1985	NUM	NumType=Card	15	1.000	form_absent
1995	1995	NUM	NumType=Card	15	1.000	form_absent
300	300	NUM	NumType=Card	15	1.000	form_absent
32	32	NUM	NumType=Card	15	1.000	form_absent
60	60	NUM	NumType=Card	15	1.000	form_absent
Castiglioni	Castiglioni	PROPN	_	15	1.000	form_absent
Creative	Creative	PROPN	_	15	0.938	form_absent
Egli	egli	PRON	Gender=Masc|Number=Sing|Person=3|PronType=Prs	15	1.000	form_absent
Parlamento	Parlamento	PROPN	_	15	0.200	form_absent
Quanti	quanto	PRON	Gender=Masc|Number=Plur|PronType=Int	15	0.126	form_absent
Questi	questo	DET	Gender=Masc|Number=Plur|PronType=Dem	15	0.652	form_absent
Quest’	questo	DET	Number=Sing|PronType=Dem	15	0.938	form_absent
Siamo	essere	AUX	Mood=Ind|Number=Plur|Person=1|Tense=Pres|VerbForm=Fin	15	1.000	form_absent
USA	USA	PROPN	_	15	0.882	form_absent
render	rendere	VERB	VerbForm=Inf	15	1.000	form_absent
un’	uno	DET	Definite=Ind|Gender=Fem|Number=Sing|PronType=Art	15	1.000	form_absent
–	–	PUNCT	_	15	1.000	form_absent
1998	1998	NUM	NumType=Card	14	1.000	form_absent
28	28	NUM	NumType=Card	14	1.000	form_absent
70	70	NUM	NumType=Card	14	1.000	form_absent
CEE	CEE	PROPN	_	14	1.000	form_absent
Ecco	ecco	ADV	_	14	0.933	form_absent
Hanno	avere	AUX	Mood=Ind|Number=Plur|Person=3|Tense=Pres|VerbForm=Fin	14	0.875	form_absent
Infine	infine	ADV	_	14	1.000	form_absent
Palazzo	Palazzo	PROPN	_	14	0.933	form_absent
Perché	perché	ADV	_	14	0.438	form_absent
Quest'	questo	DET	Number=Sing|PronType=Dem	14	1.000	form_absent
Sì	sì	INTJ	Polarity=Pos	14	1.000	form_absent
Tutti	tutto	PRON	Gender=Masc|Number=Plur|PronType=Ind	14	0.359	form_absent
Verde	Verde	PROPN	_	14	0.933	form_absent
accessione	accessione	NOUN	Gender=Fem|Number=Sing	14	1.000	form_absent
nè	nè	CCONJ	_	14	0.500	form_absent
the	the	DET	Definite=Def|PronType=Art	14	0.824	form_absent
1946	1946	NUM	NumType=Card	13	1.000	form_absent
Ante	Ante	PROPN	_	13	1.000	form_absent
Assemblea	assemblea	NOUN	Gender=Fem|Number=Sing	13	0.867	form_absent
Ci	ci	PRON	Clitic=Yes|Number=Plur|Person=1|PronType=Prs	13	0.283	form_absent
Giunta	giunta	NOUN	Gender=Fem|Number=Sing	13	0.867	form_absent
Knin	Knin	PROPN	_	13	1.000	form_absent
Koch	Koch	PROPN	_	13	1.000	form_absent
May	May	PROPN	_	13	1.000	form_absent
Mentre	mentre	SCONJ	_	13	1.000	form_absent
Mondiale	mondiale	ADJ	Number=Sing	13	0.619	form_absent
Mondo	mondo	NOUN	Gender=Masc|Number=Sing	13	0.684	form_absent
Oltre	oltre	ADV	ExtPos=ADP	13	0.765	form_absent
Oppure	oppure	CCONJ	_	13	0.867	form_absent
Pallucca	Pallucca	PROPN	_	13	1.000	form_absent
Possiamo	potere	AUX	Mood=Ind|Number=Plur|Person=1|Tense=Pres|VerbForm=Fin	13	1.000	form_absent
Re	Re	PROPN	_	13	0.722	form_absent
Rochester	Rochester	PROPN	_	13	1.000	form_absent
Uso	uso	NOUN	Gender=Masc|Number=Sing	13	1.000	form_absent
micelio	micelio	NOUN	Gender=Masc|Number=Sing	13	1.000	form_absent
mq	mq	NOUN	_	13	1.000	form_absent
nè	né	CCONJ	_	13	0.464	form_absent
45	45	NUM	NumType=Card	12	1.000	form_absent
500	500	NUM	NumType=Card	12	1.000	form_absent
Banca	banca	NOUN	Gender=Fem|Number=Sing	12	0.800	form_absent
CRA	CRA	PROPN	_	12	1.000	form_absent
Capo	capo	NOUN	Gender=Masc|Number=Sing	12	0.571	form_absent
Certo	certo	ADV	_	12	0.923	form_absent
Mondiali	Mondiali	PROPN	_	12	0.750	form_absent
Monte	monte	NOUN	Gender=Masc|Number=Sing	12	0.706	form_absent
Ossi	Ossi	PROPN	_	12	1.000	form_absent
Stratford	Stratford	PROPN	_	12	1.000	form_absent
Sud	Sud	PROPN	_	12	0.632	form_absent
Titolo	titolo	NOUN	Gender=Masc|Number=Sing	12	1.000	form_absent
Un'	uno	DET	Definite=Ind|Gender=Fem|Number=Sing|PronType=Art	12	1.000	form_absent
prender	prendere	VERB	VerbForm=Inf	12	1.000	form_absent
1980	1980	NUM	NumType=Card	11	1.000	form_absent
35	35	NUM	NumType=Card	11	1.000	form_absent
36	36	NUM	NumType=Card	11	1.000	form_absent
55	55	NUM	NumType=Card	11	1.000	form_absent
80	80	NUM	NumType=Card	11	1.000	form_absent
Champion	Champion	PROPN	_	11	1.000	form_absent
Costituente	costituente	ADJ	Number=Sing	11	1.000	form_absent
Dimmi	Dimmi	VERB	Mood=Imp|Number=Sing|Person=2|Tense=Pres|VerbForm=Fin	11	1.000	form_absent
Fu	essere	AUX	Mood=Ind|Number=Sing|Person=3|Tense=Past|VerbForm=Fin	11	0.917	form_absent
Goteborg	Goteborg	PROPN	_	11	1.000	form_absent
Guatemala	Guatemala	PROPN	_	11	1.000	form_absent
Insomma	insomma	ADV	_	11	1.000	form_absent
Nessun	nessuno	DET	Gender=Masc|Number=Sing|PronType=Ind	11	0.846	form_absent
PCB	PCB	PROPN	_	11	1.000	form_absent
Paesi	Paesi	NOUN	Gender=Masc|Number=Plur	11	0.239	form_absent
Parlamento	Parlamento	NOUN	Gender=Masc|Number=Sing	11	0.147	form_absent
Pertanto	pertanto	ADV	_	11	1.000	form_absent
Quali	quale	PRON	Number=Plur|PronType=Int	11	0.297	form_absent
Regione	Regione	PROPN	_	11	0.250	form_absent
Senza	senza	ADP	_	11	0.846	form_absent
Solo	solo	ADV	_	11	1.000	form_absent
Sono	essere	AUX	Mood=Ind|Number=Sing|Person=1|Tense=Pres|VerbForm=Fin	11	0.149	form_absent
Tale	tale	DET	Number=Sing|PronType=Dem	11	0.917	form_absent
Tali	tale	DET	Number=Plur|PronType=Dem	11	0.917	form_absent
Traduzione	traduzione	NOUN	Gender=Fem|Number=Sing	11	1.000	form_absent
Virunga	Virunga	PROPN	_	11	1.000	form_absent
b	b	NOUN	_	11	0.579	form_absent
ecocompatibile	ecocompatibile	ADJ	Number=Sing	11	1.000	form_absent
'90	'90	NUM	NumType=Card	10	1.000	form_absent
130	130	NUM	NumType=Card	10	1.000	form_absent
1350	1350	NUM	NumType=Card	10	1.000	form_absent
1967	1967	NUM	NumType=Card	10	1.000	form_absent
1989	1989	NUM	NumType=Card	10	1.000	form_absent
Anche	anche	ADV	ExtPos=SCONJ	10	0.132	form_absent
Ariel	Ariel	PROPN	_	10	1.000	form_absent
Biedermeier	Biedermeier	PROPN	_	10	1.000	form_absent
Bomba	Bomba	NOUN	Gender=Fem|Number=Sing	10	1.000	form_absent
Durata	durata	NOUN	Gender=Fem|Number=Sing	10	1.000	form_absent
Eppure	eppure	ADV	_	10	0.588	form_absent
Fondo	fondo	NOUN	Gender=Masc|Number=Sing	10	0.625	form_absent
Linea	linea	NOUN	Gender=Fem|Number=Sing	10	0.526	form_absent
MILANO	Milano	PROPN	_	10	1.000	form_absent
Mazen	Mazen	PROPN	_	10	1.000	form_absent
Men	Men	PROPN	_	10	1.000	form_absent
Ministro	Ministro	NOUN	Gender=Masc|Number=Sing	10	0.400	form_absent
Petrinja	Petrinja	PROPN	_	10	1.000	form_absent
Procura	Procura	PROPN	_	10	0.833	form_absent
Quello	quello	PRON	Gender=Masc|Number=Sing|PronType=Dem	10	1.000	form_absent
ROMA	Roma	PROPN	_	10	1.000	form_absent
Tour	Tour	PROPN	_	10	1.000	form_absent
cm	cm	NOUN	_	10	0.769	form_absent
colturale	colturale	ADJ	Number=Sing	10	1.000	form_absent
enfiteusi	enfiteusi	NOUN	Gender=Fem	10	1.000	form_absent
1000	1000	NUM	NumType=Card	9	1.000	form_absent
1960	1960	NUM	NumType=Card	9	1.000	form_absent
1961	1961	NUM	NumType=Card	9	1.000	form_absent
1974	1974	NUM	NumType=Card	9	1.000	form_absent
1996	1996	NUM	NumType=Card	9	1.000	form_absent
1997	1997	NUM	NumType=Card	9	1.000	form_absent
400	400	NUM	NumType=Card	9	1.000	form_absent
57	57	NUM	NumType=Card	9	1.000	form_absent
90	90	NUM	NumType=Card	9	1.000	form_absent
92	92	NUM	NumType=Card	9	1.000	form_absent
934	934	NUM	NumType=Card	9	1.000	form_absent
Anzi	anzi	ADV	_	9	1.000	form_absent
Bailey	Bailey	PROPN	_	9	1.000	form_absent
Belleville	Belleville	PROPN	_	9	1.000	form_absent
Camera	Camera	NOUN	Gender=Fem|Number=Sing	9	0.164	form_absent
Capo	Capo	PROPN	_	9	0.429	form_absent
Coetzee	Coetzee	PROPN	_	9	1.000	form_absent
Comitato	comitato	NOUN	Gender=Masc|Number=Sing	9	1.000	form_absent
Consigli	consiglio	NOUN	Gender=Masc|Number=Plur	9	1.000	form_absent
Coppa	Coppa	PROPN	_	9	0.818	form_absent
Dopo	dopo	SCONJ	_	9	0.129	form_absent
Esteri	estero	NOUN	Gender=Masc|Number=Plur	9	0.643	form_absent
Fabiana	Fabiana	PROPN	_	9	1.000	form_absent
Folio	Folio	PROPN	_	9	1.000	form_absent
Goma	Goma	PROPN	_	9	1.000	form_absent
Honoré	Honoré	PROPN	_	9	1.000	form_absent
Hoxha	Hoxha	PROPN	_	9	1.000	form_absent
Intanto	intanto	ADV	_	9	1.000	form_absent
Lear	Lear	PROPN	_	9	1.000	form_absent
Ligabue	Ligabue	PROPN	_	9	1.000	form_absent
Linea	Linea	PROPN	_	9	0.474	form_absent
Ministro	Ministro	PROPN	_	9	0.360	form_absent
Molti	molto	PRON	Gender=Masc|Number=Plur|PronType=Ind	9	0.500	form_absent
Molti	molto	DET	Gender=Masc|Number=Plur|PronType=Ind	9	0.500	form_absent
Natale	Natale	PROPN	_	9	1.000	form_absent
No	no	INTJ	Polarity=Neg	9	1.000	form_absent
Pale	Pale	PROPN	_	9	1.000	form_absent
Possono	potere	AUX	Mood=Ind|Number=Plur|Person=3|Tense=Pres|VerbForm=Fin	9	1.000	form_absent
Quindi	quindi	ADV	_	9	0.692	form_absent
Sant'	Sant'	PROPN	_	9	0.900	form_absent
Senato	senato	NOUN	Gender=Masc|Number=Sing	9	0.500	form_absent
Spero	sperare	VERB	Mood=Ind|Number=Sing|Person=1|Tense=Pres|VerbForm=Fin	9	1.000	form_absent
Spesso	spesso	ADV	_	9	1.000	form_absent
Vediamo	vedere	VERB	Mood=Ind|Number=Plur|Person=1|Tense=Pres|VerbForm=Fin	9	1.000	form_absent
and	and	CCONJ	_	9	1.000	form_absent
'92	'92	NUM	NumType=Card	8	1.000	form_absent
1500	1500	NUM	NumType=Card	8	1.000	form_absent
1945	1945	NUM	NumType=Card	8	1.000	form_absent
1948	1948	NUM	NumType=Card	8	1.000	form_absent
1965	1965	NUM	NumType=Card	8	1.000	form_absent
1987	1987	NUM	NumType=Card	8	1.000	form_absent
1988	1988	NUM	NumType=Card	8	1.000	form_absent
1993	1993	NUM	NumType=Card	8	1.000	form_absent
2643	2643	NUM	NumType=Card	8	1.000	form_absent
Adelio	Adelio	PROPN	_	8	1.000	form_absent
Borgogni	Borgogni	PROPN	_	8	1.000	form_absent
CNR	CNR	PROPN	_	8	1.000	form_absent
Cazzaniga	Cazzaniga	PROPN	_	8	1.000	form_absent
Cen	Cen	PROPN	_	8	1.000	form_absent
Centro	Centro	PROPN	_	8	0.320	form_absent
Chiesa	chiesa	NOUN	Gender=Fem|Number=Sing	8	0.727	form_absent
Ciano	Ciano	PROPN	_	8	1.000	form_absent
Clinic	Clinic	PROPN	_	8	1.000	form_absent
Comédie	Comédie	PROPN	_	8	1.000	form_absent
Considerato	considerare	VERB	Gender=Masc|Number=Sing|Tense=Past|VerbForm=Part	8	1.000	form_absent
Corte	Corte	PROPN	_	8	0.242	form_absent
D	D	PROPN	_	8	1.000	form_absent
Damilano	Damilano	PROPN	_	8	1.000	form_absent
Dickens	Dickens	PROPN	_	8	1.000	form_absent
Elenca	elencare	VERB	Mood=Imp|Number=Sing|Person=2|Tense=Pres|VerbForm=Fin	8	1.000	form_absent
Est	Est	PROPN	_	8	0.727	form_absent
Galeazzo	Galeazzo	PROPN	_	8	1.000	form_absent
Già	già	ADV	_	8	0.889	form_absent
Gran	Gran	PROPN	_	8	0.727	form_absent
Grande	Grande	PROPN	_	8	0.533	form_absent
Ha	avere	VERB	Mood=Ind|Number=Sing|Person=3|Tense=Pres|VerbForm=Fin	8	0.296	form_absent
Mettiamo	mettere	VERB	Mood=Ind|Number=Plur|Person=1|Tense=Pres|VerbForm=Fin	8	1.000	form_absent
Nazioni	nazione	NOUN	Gender=Fem|Number=Plur	8	0.276	form_absent
Nonostante	nonostante	ADP	_	8	0.800	form_absent
Occorre	occorrere	VERB	Mood=Ind|Number=Sing|Person=3|Tense=Pres|VerbForm=Fin	8	1.000	form_absent
Opere	opera	NOUN	Gender=Fem|Number=Plur	8	0.533	form_absent
Oriente	Oriente	PROPN	_	8	1.000	form_absent
Piano	Piano	PROPN	_	8	0.889	form_absent
Poco	poco	ADV	_	8	0.800	form_absent
Premio	Premio	PROPN	_	8	0.571	form_absent
Primo	Primo	PROPN	_	8	0.727	form_absent
Rame	Rame	PROPN	_	8	1.000	form_absent
Sanremo	Sanremo	PROPN	_	8	1.000	form_absent
Seconda	secondo	ADJ	Gender=Fem|NumType=Ord|Number=Sing	8	1.000	form_absent
Sole	Sole	PROPN	_	8	1.000	form_absent
Università	università	NOUN	Gender=Fem	8	0.615	form_absent
anti	anti	ADJ	_	8	0.800	form_absent
b	b	X	_	8	0.421	form_absent
cessionario	cessionario	NOUN	Gender=Masc|Number=Sing	8	1.000	form_absent
comproprietario	comproprietario	NOUN	Gender=Masc|Number=Sing	8	1.000	form_absent
devoluzione	devoluzione	NOUN	Gender=Fem|Number=Sing	8	1.000	form_absent
fotochimico	fotochimico	ADJ	Gender=Masc|Number=Sing	8	1.000	form_absent
oppor	opporre	VERB	VerbForm=Inf	8	1.000	form_absent
ss.	seguente	ADJ	Number=Plur	8	1.000	form_absent
'93	'93	NUM	NumType=Card	7	1.000	form_absent
1284	1284	NUM	NumType=Card	7	1.000	form_absent
1599	1599	NUM	NumType=Card	7	1.000	form_absent
1623	1623	NUM	NumType=Card	7	1.000	form_absent
1925	1925	NUM	NumType=Card	7	1.000	form_absent
1970	1970	NUM	NumType=Card	7	1.000	form_absent
1971	1971	NUM	NumType=Card	7	1.000	form_absent
1973	1973	NUM	NumType=Card	7	1.000	form_absent
1°	1°	ADJ	NumType=Ord	7	0.778	form_absent
2008	2008	NUM	NumType=Card	7	1.000	form_absent
34	34	NUM	NumType=Card	7	1.000	form_absent
65	65	NUM	NumType=Card	7	1.000	form_absent
800	800	NUM	NumType=Card	7	1.000	form_absent
873	873	NUM	NumType=Card	7	1.000	form_absent
95	95	NUM	NumType=Card	7	1.000	form_absent
Banja	Banja	PROPN	_	7	1.000	form_absent
Bergoglio	Bergoglio	PROPN	_	7	1.000	form_absent
CERN	Cern	PROPN	_	7	1.000	form_absent
CapaRezza	CapaRezza	PROPN	_	7	1.000	form_absent
Ciascuna	ciascuno	DET	Gender=Fem|Number=Sing|PronType=Ind	7	1.000	form_absent
Comune	Comune	PROPN	_	7	0.500	form_absent
Conferenza	Conferenza	PROPN	_	7	0.636	form_absent
Coronas	Coronas	PROPN	_	7	1.000	form_absent
Damiano	Damiano	PROPN	_	7	1.000	form_absent
Diefenbach	Diefenbach	PROPN	_	7	1.000	form_absent
Eppure	eppure	CCONJ	_	7	0.412	form_absent
Erano	essere	AUX	Mood=Ind|Number=Plur|Person=3|Tense=Imp|VerbForm=Fin	7	0.875	form_absent
Erinni	Erinni	PROPN	_	7	1.000	form_absent
Globe	Globe	PROPN	_	7	1.000	form_absent
Humaine	Humaine	PROPN	_	7	1.000	form_absent
Iapichino	Iapichino	PROPN	_	7	1.000	form_absent
Internazionale	internazionale	ADJ	Number=Sing	7	0.368	form_absent
Jonson	Jonson	PROPN	_	7	1.000	form_absent
Lega	Lega	PROPN	_	7	0.700	form_absent
Meksi	Meksi	PROPN	_	7	1.000	form_absent
Messa	Messa	PROPN	_	7	1.000	form_absent
O	o	CCONJ	_	7	0.875	form_absent
Oggiaro	Oggiaro	PROPN	_	7	1.000	form_absent
Opere	Opere	PROPN	_	7	0.467	form_absent
Organizzazione	organizzazione	NOUN	Gender=Fem|Number=Sing	7	0.636	form_absent
Paese	Paese	PROPN	_	7	0.146	form_absent
Più	più	ADV	_	7	0.875	form_absent
Quarto	Quarto	PROPN	_	7	1.000	form_absent
R.E.M.	R.E.M.	PROPN	_	7	1.000	form_absent
Raikkonen	Raikkonen	PROPN	_	7	1.000	form_absent
Ricerche	ricerca	NOUN	Gender=Fem	7	0.875	form_absent
Senato	Senato	NOUN	Gender=Masc|Number=Sing	7	0.389	form_absent
Tutto	tutto	PRON	Gender=Masc|Number=Sing|PronType=Ind	7	0.500	form_absent
Uno	Uno	PROPN	_	7	0.412	form_absent
Verso	verso	ADP	_	7	1.000	form_absent
c	c	NOUN	_	7	0.700	form_absent
enfiteutico	enfiteutico	ADJ	Gender=Masc|Number=Sing	7	1.000	form_absent
jammer	jammer	NOUN	_	7	1.000	form_absent
parimenti	parimenti	ADV	_	7	1.000	form_absent
perimento	perimento	NOUN	Gender=Masc|Number=Sing	7	1.000	form_absent
usucapione	usucapione	NOUN	Gender=Fem|Number=Sing	7	1.000	form_absent
valonesi	valonese	NOUN	Number=Plur	7	1.000	form_absent
'80	'80	NUM	NumType=Card	6	1.000	form_absent
'91	'91	NUM	NumType=Card	6	1.000	form_absent
0	0	NUM	NumType=Card	6	1.000	form_absent
1,5	1,5	NUM	NumType=Card	6	1.000	form_absent
1032	1032	NUM	NumType=Card	6	1.000	form_absent
120	120	NUM	NumType=Card	6	1.000	form_absent
1292	1292	NUM	NumType=Card	6	1.000	form_absent
150	150	NUM	NumType=Card	6	1.000	form_absent
1608	1608	NUM	NumType=Card	6	1.000	form_absent
2010	2010	NUM	NumType=Card	6	1.000	form_absent
33	33	NUM	NumType=Card	6	1.000	form_absent
37	37	NUM	NumType=Card	6	1.000	form_absent
38	38	NUM	NumType=Card	6	1.000	form_absent
44	44	NUM	NumType=Card	6	1.000	form_absent
600	600	NUM	NumType=Card	6	1.000	form_absent
832	832	NUM	NumType=Card	6	1.000	form_absent
853	853	NUM	NumType=Card	6	1.000	form_absent
87	87	NUM	NumType=Card	6	1.000	form_absent
874	874	NUM	NumType=Card	6	1.000	form_absent
907	907	NUM	NumType=Card	6	1.000	form_absent
94	94	NUM	NumType=Card	6	1.000	form_absent
940	940	NUM	NumType=Card	6	1.000	form_absent
Alto	Alto	PROPN	_	6	0.857	form_absent
Altri	altro	PRON	Gender=Masc|Number=Plur|PronType=Ind	6	0.462	form_absent
Austerlitz	Austerlitz	PROPN	_	6	1.000	form_absent
Autorità	autorità	NOUN	Gender=Fem	6	0.667	form_absent
Bambino	Bambino	PROPN	_	6	0.750	form_absent
Boy	Boy	PROPN	_	6	1.000	form_absent
Building	Building	PROPN	_	6	1.000	form_absent
Bula	Bula	PROPN	_	6	1.000	form_absent
Caine	Caine	PROPN	_	6	1.000	form_absent
Comunità	Comunità	PROPN	_	6	0.400	form_absent
Comunità	comunità	NOUN	Gender=Fem	6	0.400	form_absent
Conformemente	conformemente	ADV	_	6	1.000	form_absent
Consorzi	consorzio	NOUN	Gender=Masc|Number=Plur	6	1.000	form_absent
Contro	contro	ADP	_	6	1.000	form_absent
Cose	cosa	NOUN	Gender=Fem|Number=Plur	6	1.000	form_absent
Cost.	costituzione	NOUN	Gender=Fem|Number=Sing	6	1.000	form_absent
DE	DE	PROPN	_	6	1.000	form_absent
Dammi	dare	VERB	Mood=Imp|Number=Sing|Person=2|Tense=Pres|VerbForm=Fin	6	1.000	form_absent
Dark	Dark	PROPN	_	6	1.000	form_absent
Diritti	diritto	NOUN	Gender=Masc|Number=Plur	6	1.000	form_absent
Entro	entro	ADP	_	6	1.000	form_absent
Enver	Enver	PROPN	_	6	1.000	form_absent
Essi	esso	PRON	Gender=Masc|Number=Plur|Person=3|PronType=Prs	6	1.000	form_absent
Estero	Estero	PROPN	_	6	1.000	form_absent
Europol	Europol	PROPN	_	6	1.000	form_absent
Farinacci	Farinacci	PROPN	_	6	1.000	form_absent
Flaubert	Flaubert	PROPN	_	6	1.000	form_absent
Fossey	Fossey	PROPN	_	6	1.000	form_absent
François	François	PROPN	_	6	1.000	form_absent
Gaston	Gaston	PROPN	_	6	1.000	form_absent
Giustizia	Giustizia	PROPN	_	6	0.857	form_absent
Gjallica	Gjallica	PROPN	_	6	1.000	form_absent
Gold	Gold	PROPN	_	6	1.000	form_absent
Grande	grande	ADJ	Number=Sing	6	0.400	form_absent
Greene	Greene	PROPN	_	6	1.000	form_absent
Gruppo	Gruppo	PROPN	_	6	0.857	form_absent
Gualdo	Gualdo	PROPN	_	6	1.000	form_absent
Illusions	Illusions	X	Foreign=Yes	6	1.000	form_absent
Internazionale	Internazionale	PROPN	_	6	0.316	form_absent
Invece	invece	ADV	ExtPos=ADP	6	0.250	form_absent
Italiana	italiano	ADJ	Gender=Fem|Number=Sing	6	0.667	form_absent
Lamberti	Lamberti	PROPN	_	6	1.000	form_absent
Lei	lei	PRON	Number=Sing|Person=3|PronType=Prs	6	0.667	form_absent
Li	li	PRON	Clitic=Yes|Gender=Masc|Number=Plur|Person=3|PronType=Prs	6	0.857	form_absent
Locate	Locate	PROPN	_	6	1.000	form_absent
Loro	loro	PRON	Number=Plur|Person=3|PronType=Prs	6	1.000	form_absent
Lui	lui	PRON	Gender=Masc|Number=Sing|Person=3|PronType=Prs	6	1.000	form_absent
Luka	Luka	PROPN	_	6	1.000	form_absent
Ministro	ministro	NOUN	Gender=Masc|Number=Sing	6	0.240	form_absent
Minnesota	Minnesota	PROPN	_	6	1.000	form_absent
Mondo	Mondo	PROPN	_	6	0.316	form_absent
Monroe	Monroe	PROPN	_	6	1.000	form_absent
Naturalmente	naturalmente	ADV	_	6	1.000	form_absent
Ne	ne	PRON	Clitic=Yes|PronType=Prs	6	0.857	form_absent
Nessuna	nessuno	DET	Gender=Fem|Number=Sing|PronType=Ind	6	0.857	form_absent
Noella	Noella	PROPN	_	6	1.000	form_absent
Numero	Numero	PROPN	_	6	1.000	form_absent
Opera	Opera	PROPN	_	6	1.000	form_absent
P	P	PROPN	_	6	1.000	form_absent
Paesi	Paesi	PROPN	_	6	0.130	form_absent
Pastorini	Pastorini	PROPN	_	6	1.000	form_absent
Perimento	perimento	NOUN	Gender=Masc|Number=Sing	6	1.000	form_absent
Polo	Polo	PROPN	_	6	1.000	form_absent
Prima	prima	ADV	_	6	0.176	form_absent
Pur	pure	ADV	_	6	1.000	form_absent
Quel	quello	DET	Gender=Masc|Number=Sing|PronType=Dem	6	0.857	form_absent
Ricerca	ricerca	NOUN	Gender=Fem|Number=Sing	6	0.667	form_absent
Rigoberta	Rigoberta	PROPN	_	6	1.000	form_absent
Sarkozy	Sarkozy	PROPN	_	6	1.000	form_absent
School	School	PROPN	_	6	1.000	form_absent
Sembra	sembrare	VERB	Mood=Ind|Number=Sing|Person=3|Tense=Pres|VerbForm=Fin	6	1.000	form_absent
Studi	studio	NOUN	Gender=Masc|Number=Plur	6	0.857	form_absent
Sud	sud	NOUN	Gender=Masc|Number=Sing	6	0.316	form_absent
Sudja	Sudja	PROPN	_	6	1.000	form_absent
Tadino	Tadino	PROPN	_	6	1.000	form_absent
Tecnomaiera	Tecnomaiera	PROPN	_	6	1.000	form_absent
Tutte	tutto	DET	Gender=Fem|Number=Plur|PronType=Tot	6	1.000	form_absent
Tutto	tutto	DET	Gender=Masc|Number=Sing|PronType=Ind	6	0.429	form_absent
Unito	Unito	PROPN	_	6	1.000	form_absent
Uno	uno	PRON	Gender=Masc|Number=Sing|PronType=Ind	6	0.353	form_absent
Veba	Veba	PROPN	_	6	1.000	form_absent
Vi	vi	PRON	Clitic=Yes|Number=Plur|Person=2|PronType=Prs	6	0.545	form_absent
Via	via	NOUN	Gender=Fem|Number=Sing	6	0.667	form_absent
Vorrei	volere	AUX	Mood=Cnd|Number=Sing|Person=1|Tense=Pres|VerbForm=Fin	6	0.750	form_absent
Wallops	Wallops	PROPN	_	6	1.000	form_absent
affrancazione	affrancazione	NOUN	Gender=Fem|Number=Sing	6	1.000	form_absent
azoto	azoto	NOUN	Gender=Masc|Number=Sing	6	1.000	form_absent
chaff	chaff	NOUN	_	6	1.000	form_absent
death	death	NOUN	_	6	1.000	form_absent
muscolare	muscolare	ADJ	Number=Sing	6	1.000	form_absent
publishing	publishing	NOUN	_	6	1.000	form_absent
100.000	100.000	NUM	NumType=Card	5	1.000	form_absent
1609	1609	NUM	NumType=Card	5	1.000	form_absent
1613	1613	NUM	NumType=Card	5	1.000	form_absent
1616	1616	NUM	NumType=Card	5	1.000	form_absent
180	180	NUM	NumType=Card	5	1.000	form_absent
1830	1830	NUM	NumType=Card	5	1.000	form_absent
1939	1939	NUM	NumType=Card	5	1.000	form_absent
1940	1940	NUM	NumType=Card	5	1.000	form_absent
1941	1941	NUM	NumType=Card	5	1.000	form_absent
1962	1962	NUM	NumType=Card	5	1.000	form_absent
1964	1964	NUM	NumType=Card	5	1.000	form_absent
1969	1969	NUM	NumType=Card	5	1.000	form_absent
1975	1975	NUM	NumType=Card	5	1.000	form_absent
1979	1979	NUM	NumType=Card	5	1.000	form_absent
2009	2009	NUM	NumType=Card	5	1.000	form_absent
2011	2011	NUM	NumType=Card	5	1.000	form_absent
2012	2012	NUM	NumType=Card	5	1.000	form_absent
2810	2810	NUM	NumType=Card	5	1.000	form_absent
5.000	5.000	NUM	NumType=Card	5	1.000	form_absent
64	64	NUM	NumType=Card	5	1.000	form_absent
75	75	NUM	NumType=Card	5	1.000	form_absent
78	78	NUM	NumType=Card	5	1.000	form_absent
851	851	NUM	NumType=Card	5	1.000	form_absent
88	88	NUM	NumType=Card	5	1.000	form_absent
881	881	NUM	NumType=Card	5	1.000	form_absent
900	900	NUM	NumType=Card	5	1.000	form_absent
903	903	NUM	NumType=Card	5	1.000	form_absent
923	923	NUM	NumType=Card	5	1.000	form_absent
96	96	NUM	NumType=Card	5	1.000	form_absent
Aia	Aia	PROPN	_	5	1.000	form_absent
Alaska	Alaska	PROPN	_	5	1.000	form_absent
Aleksander	Aleksander	PROPN	_	5	1.000	form_absent
Allora	allora	ADV	_	5	1.000	form_absent
Altre	altro	DET	Gender=Fem|Number=Plur|PronType=Ind	5	0.625	form_absent
Ancora	ancora	ADV	_	5	1.000	form_absent
Award	Award	PROPN	_	5	0.833	form_absent
BCE	BCE	PROPN	_	5	1.000	form_absent
Brianza	Brianza	PROPN	_	5	1.000	form_absent
Busto	Busto	PROPN	_	5	1.000	form_absent
COSPAR	COSPAR	PROPN	_	5	1.000	form_absent
Capossela	Capossela	PROPN	_	5	1.000	form_absent
Cassazione	Cassazione	PROPN	_	5	0.714	form_absent
Ciascun	ciascuno	DET	Gender=Masc|Number=Sing|PronType=Ind	5	1.000	form_absent
Ciascuno	ciascuno	PRON	Gender=Masc|Number=Sing|PronType=Ind	5	1.000	form_absent
Comune	comune	NOUN	Gender=Masc|Number=Sing	5	0.357	form_absent
Comunione	comunione	NOUN	Gender=Fem|Number=Sing	5	0.833	form_absent
Dichiarazione	Dichiarazione	NOUN	Gender=Fem|Number=Sing	5	0.625	form_absent
Distanze	distanza	NOUN	Gender=Fem|Number=Plur	5	1.000	form_absent
ELDO	ELDO	PROPN	_	5	1.000	form_absent
Ebola	Ebola	PROPN	_	5	1.000	form_absent
Estinzione	estinzione	NOUN	Gender=Fem|Number=Sing	5	1.000	form_absent
Europeo	Europeo	PROPN	_	5	0.556	form_absent
Fa	fare	VERB	Mood=Ind|Number=Sing|Person=3|Tense=Pres|VerbForm=Fin	5	1.000	form_absent
Fernando	Fernando	PROPN	_	5	1.000	form_absent
Finanziaria	Finanziaria	PROPN	_	5	0.833	form_absent
Fondo	Fondo	PROPN	_	5	0.312	form_absent
Fresi	Fresi	PROPN	_	5	1.000	form_absent
GSFC	GSFC	PROPN	_	5	1.000	form_absent
Grammy	Grammy	PROPN	_	5	1.000	form_absent
Grazie	grazie	INTJ	_	5	0.385	form_absent
Grazie	grazie	NOUN	ExtPos=ADP	5	0.385	form_absent
Grenoble	Grenoble	PROPN	_	5	1.000	form_absent
Hamilton	Hamilton	PROPN	_	5	1.000	form_absent
Ince	Ince	PROPN	_	5	1.000	form_absent
Indipendenza	Indipendenza	PROPN	_	5	1.000	form_absent
Interno	Interno	PROPN	_	5	1.000	form_absent
Jeanne	Jeanne	PROPN	_	5	1.000	form_absent
Libro	Libro	NOUN	Gender=Masc|Number=Sing	5	0.714	form_absent
Lincoln	Lincoln	PROPN	_	5	1.000	form_absent
Malesia	Malesia	PROPN	_	5	1.000	form_absent
Mariateresa	Mariateresa	PROPN	_	5	1.000	form_absent
Matt	Matt	PROPN	_	5	1.000	form_absent
Meier	Meier	PROPN	_	5	1.000	form_absent
Metto	mettere	VERB	Mood=Ind|Person=1|Tense=Pres|VerbForm=Fin	5	1.000	form_absent
Molte	molto	PRON	Gender=Fem|Number=Plur|PronType=Ind	5	0.625	form_absent
Nagasaki	Nagasaki	PROPN	_	5	1.000	form_absent
Nazionale	Nazionale	PROPN	_	5	0.417	form_absent
Nazionale	nazionale	ADJ	Number=Sing	5	0.417	form_absent
Norme	norma	NOUN	Gender=Fem|Number=Plur	5	1.000	form_absent
Obama	Obama	PROPN	_	5	1.000	form_absent
Obblighi	obbligo	NOUN	Gender=Masc|Number=Plur	5	1.000	form_absent
PPE	PPE	PROPN	_	5	1.000	form_absent
Palombella	Palombella	PROPN	_	5	1.000	form_absent
Paparo	Paparo	PROPN	_	5	1.000	form_absent
Parte	parte	NOUN	Gender=Fem|Number=Sing	5	1.000	form_absent
Pecorari	Pecorari	PROPN	_	5	1.000	form_absent
Piaubert	Piaubert	PROPN	_	5	1.000	form_absent
Pozzessere	Pozzessere	PROPN	_	5	1.000	form_absent
Ppe	Ppe	PROPN	_	5	1.000	form_absent
Presley	Presley	PROPN	_	5	1.000	form_absent
Qualche	qualche	DET	Number=Sing|PronType=Ind	5	1.000	form_absent
Questi	questo	PRON	Gender=Masc|Number=Plur|PronType=Dem	5	0.217	form_absent
Raf	Raf	PROPN	_	5	1.000	form_absent
Rambert	Rambert	PROPN	_	5	1.000	form_absent
Re	re	NOUN	Gender=Masc|Number=Plur	5	0.278	form_absent
Rustemi	Rustemi	PROPN	_	5	1.000	form_absent
S'	si	PRON	Clitic=Yes|Person=3|PronType=Prs	5	1.000	form_absent
Saintsbury	Saintsbury	PROPN	_	5	1.000	form_absent
Sansepolcro	Sansepolcro	PROPN	_	5	1.000	form_absent
Sarà	essere	AUX	Mood=Ind|Number=Sing|Person=3|Tense=Fut|VerbForm=Fin	5	0.833	form_absent
Schäuble	Schäuble	PROPN	_	5	1.000	form_absent
Scout	Scout	PROPN	_	5	1.000	form_absent
Sebbene	sebbene	SCONJ	_	5	1.000	form_absent
Segurimi	Segurimi	PROPN	_	5	1.000	form_absent
Senegal	Senegal	PROPN	_	5	1.000	form_absent
Servitù	servitù	NOUN	Gender=Fem	5	1.000	form_absent
Soprattutto	soprattutto	ADV	_	5	1.000	form_absent
Specchi	Specchi	PROPN	_	5	1.000	form_absent
Speriamo	sperare	VERB	Mood=Ind|Number=Plur|Person=1|Tense=Pres|VerbForm=Fin	5	1.000	form_absent
Stoichkov	Stoichkov	PROPN	_	5	1.000	form_absent
Subito	subito	ADV	_	5	1.000	form_absent
Tranquillity	Tranquillity	PROPN	_	5	1.000	form_absent
UTC	UTC	PROPN	_	5	1.000	form_absent
Vefa	Vefa	PROPN	_	5	1.000	form_absent
Vi	vi	PRON	Clitic=Yes|PronType=Prs	5	0.455	form_absent
Vinicio	Vinicio	PROPN	_	5	1.000	form_absent
Visto	vedere	VERB	Gender=Masc|Number=Sing|Tense=Past|VerbForm=Part	5	1.000	form_absent
Vrlika	Vrlika	PROPN	_	5	1.000	form_absent
Westland	Westland	PROPN	_	5	1.000	form_absent
Wiesel	Wiesel	PROPN	_	5	1.000	form_absent
Zorzoli	Zorzoli	PROPN	_	5	1.000	form_absent
alcuno	alcuno	PRON	Gender=Masc|Number=Sing|PronType=Ind	5	0.833	form_absent
antisommossa	antisommossa	ADJ	_	5	1.000	form_absent
apposizione	apposizione	NOUN	Gender=Fem|Number=Sing	5	1.000	form_absent
glie	gli	PRON	Clitic=Yes|Person=3|PronType=Prs	5	0.500	form_absent
ndr	ndr	NOUN	_	5	0.833	form_absent
parser	parser	NOUN	Gender=Masc	5	1.000	form_absent
ricever	ricevere	VERB	VerbForm=Inf	5	1.000	form_absent
ritrovatore	ritrovatore	NOUN	Gender=Masc|Number=Sing	5	1.000	form_absent
romance	romance	NOUN	Gender=Fem	5	1.000	form_absent
sett.	sett.	NOUN	_	5	1.000	form_absent
taluni	taluno	DET	Gender=Masc|Number=Plur|PronType=Ind	5	0.833	form_absent
‘	‘	PUNCT	_	5	1.000	form_absent
'87	'87	NUM	NumType=Card	4	1.000	form_absent
1.500	1.500	NUM	NumType=Card	4	1.000	form_absent
1004	1004	NUM	NumType=Card	4	1.000	form_absent
1038	1038	NUM	NumType=Card	4	1.000	form_absent
1108	1108	NUM	NumType=Card	4	1.000	form_absent
113	113	NUM	NumType=Card	4	1.000	form_absent
1158	1158	NUM	NumType=Card	4	1.000	form_absent
117	117	NUM	NumType=Card	4	1.000	form_absent
119	119	NUM	NumType=Card	4	1.000	form_absent
138	138	NUM	NumType=Card	4	1.000	form_absent
158	158	NUM	NumType=Card	4	1.000	form_absent
1592	1592	NUM	NumType=Card	4	1.000	form_absent
1594	1594	NUM	NumType=Card	4	1.000	form_absent
1598	1598	NUM	NumType=Card	4	1.000	form_absent
1603	1603	NUM	NumType=Card	4	1.000	form_absent
1610	1610	NUM	NumType=Card	4	1.000	form_absent
1900	1900	NUM	NumType=Card	4	1.000	form_absent
1922	1922	NUM	NumType=Card	4	1.000	form_absent
1933	1933	NUM	NumType=Card	4	1.000	form_absent
1937	1937	NUM	NumType=Card	4	1.000	form_absent
1954	1954	NUM	NumType=Card	4	1.000	form_absent
1958	1958	NUM	NumType=Card	4	1.000	form_absent
1963	1963	NUM	NumType=Card	4	1.000	form_absent
1º	primo	ADJ	Gender=Masc|NumType=Ord|Number=Sing	4	1.000	form_absent
20.000	20.000	NUM	NumType=Card	4	1.000	form_absent
2013	2013	NUM	NumType=Card	4	1.000	form_absent
2500	2500	NUM	NumType=Card	4	1.000	form_absent
2908	2908	NUM	NumType=Card	4	1.000	form_absent
350	350	NUM	NumType=Card	4	1.000	form_absent
43	43	NUM	NumType=Card	4	1.000	form_absent
450	450	NUM	NumType=Card	4	1.000	form_absent
46	46	NUM	NumType=Card	4	1.000	form_absent
48	48	NUM	NumType=Card	4	1.000	form_absent
49	49	NUM	NumType=Card	4	1.000	form_absent
51	51	NUM	NumType=Card	4	1.000	form_absent
58	58	NUM	NumType=Card	4	1.000	form_absent
59	59	NUM	NumType=Card	4	1.000	form_absent
62	62	NUM	NumType=Card	4	1.000	form_absent
66	66	NUM	NumType=Card	4	1.000	form_absent
700	700	NUM	NumType=Card	4	1.000	form_absent
83	83	NUM	NumType=Card	4	1.000	form_absent
840	840	NUM	NumType=Card	4	1.000	form_absent
856	856	NUM	NumType=Card	4	1.000	form_absent
89	89	NUM	NumType=Card	4	1.000	form_absent
921	921	NUM	NumType=Card	4	1.000	form_absent
927	927	NUM	NumType=Card	4	1.000	form_absent
949	949	NUM	NumType=Card	4	1.000	form_absent
99	99	NUM	NumType=Card	4	1.000	form_absent
AA	AA	PROPN	_	4	1.000	form_absent
ANGA	ANGA	PROPN	_	4	1.000	form_absent
Accanto	accanto	ADV	ExtPos=ADP	4	0.800	form_absent
Alberi	albero	NOUN	Gender=Masc|Number=Plur	4	1.000	form_absent
Alcune	alcuno	DET	Gender=Fem|Number=Plur|PronType=Ind	4	0.667	form_absent
Alcuni	alcuno	PRON	Gender=Masc|Number=Plur|PronType=Ind	4	0.200	form_absent
Alma	Alma	PROPN	_	4	1.000	form_absent
Alonso	Alonso	PROPN	_	4	1.000	form_absent
Altri	altro	ADJ	Gender=Masc|Number=Plur	4	0.308	form_absent
Ana	Ana	PROPN	_	4	1.000	form_absent
Analysis	Analysis	PROPN	_	4	1.000	form_absent
Anders	Anders	PROPN	_	4	1.000	form_absent
Andronico	Andronico	PROPN	_	4	1.000	form_absent
Aneli	Aneli	PROPN	_	4	1.000	form_absent
Attack	Attack	PROPN	_	4	1.000	form_absent
Avon	Avon	PROPN	_	4	1.000	form_absent
Azem	Azem	PROPN	_	4	1.000	form_absent
Azione	azione	NOUN	Gender=Fem|Number=Sing	4	1.000	form_absent
Barbiana	Barbiana	PROPN	_	4	1.000	form_absent
Barón	Barón	PROPN	_	4	1.000	form_absent
Basta	bastare	VERB	Mood=Ind|Number=Sing|Person=3|Tense=Pres|VerbForm=Fin	4	1.000	form_absent
Benedictis	Benedictis	PROPN	_	4	1.000	form_absent
Bihac	Bihac	PROPN	_	4	1.000	form_absent
Blackfriars	Blackfriars	PROPN	_	4	1.000	form_absent
Campionato	campionato	NOUN	Gender=Masc|Number=Sing	4	0.121	form_absent
Carney	Carney	PROPN	_	4	1.000	form_absent
Cesaria	Cesaria	PROPN	_	4	1.000	form_absent
Cesenatico	Cesenatico	PROPN	_	4	1.000	form_absent
Chagrin	Chagrin	PROPN	_	4	1.000	form_absent
Chamberlain	Chamberlain	PROPN	_	4	1.000	form_absent
Cinque	cinque	NUM	NumType=Card	4	0.667	form_absent
Civ.	civile	ADJ	_	4	1.000	form_absent
Cod.	codice	NOUN	Gender=Masc|Number=Sing	4	1.000	form_absent
Condell	Condell	PROPN	_	4	1.000	form_absent
Confederazione	confederazione	NOUN	Gender=Fem|Number=Sing	4	0.667	form_absent
Conferenza	conferenza	NOUN	Gender=Fem|Number=Sing	4	0.364	form_absent
Contenuto	contenuto	NOUN	Gender=Masc|Number=Sing	4	0.800	form_absent
Cunego	Cunego	PROPN	_	4	1.000	form_absent
Dalla	Dalla	PROPN	_	4	1.000	form_absent
Deve	dovere	AUX	Mood=Ind|Number=Sing|Person=3|Tense=Pres|VerbForm=Fin	4	0.800	form_absent
Devono	dovere	AUX	Mood=Ind|Number=Plur|Person=3|Tense=Pres|VerbForm=Fin	4	1.000	form_absent
Dian	Dian	PROPN	_	4	1.000	form_absent
Dibi	Dibi	PROPN	_	4	1.000	form_absent
Disposizioni	disposizione	NOUN	Gender=Fem|Number=Plur	4	1.000	form_absent
Divieto	divieto	NOUN	Gender=Masc|Number=Sing	4	1.000	form_absent
Drechsler	Drechsler	PROPN	_	4	1.000	form_absent
Duccio	Duccio	PROPN	_	4	1.000	form_absent
Durazzo	Durazzo	PROPN	_	4	1.000	form_absent
EP	ep	NOUN	Gender=Masc	4	0.800	form_absent
Ecuador	Ecuador	PROPN	_	4	1.000	form_absent
Engels	Engels	PROPN	_	4	1.000	form_absent
Epoca	Epoca	PROPN	_	4	1.000	form_absent
Esercito	esercito	NOUN	Gender=Masc|Number=Sing	4	0.667	form_absent
Esistono	esistere	VERB	Mood=Ind|Number=Plur|Person=3|Tense=Pres|VerbForm=Fin	4	1.000	form_absent
Essa	esso	PRON	Gender=Fem|Number=Sing|Person=3|PronType=Prs	4	0.571	form_absent
Essendo	essere	AUX	VerbForm=Ger	4	1.000	form_absent
Evans	Evans	PROPN	_	4	1.000	form_absent
Evora	Evora	PROPN	_	4	1.000	form_absent
Ewelina	Ewelina	PROPN	_	4	1.000	form_absent
Faccio	fare	VERB	Mood=Ind|Number=Sing|Person=1|Tense=Pres|VerbForm=Fin	4	1.000	form_absent
Feb	Feb	PROPN	_	4	0.800	form_absent
Federica	Federica	PROPN	_	4	1.000	form_absent
Fiera	fiera	NOUN	Gender=Fem|Number=Sing	4	0.667	form_absent
Fino	fino	ADV	ExtPos=SCONJ	4	0.182	form_absent
Fiorita	Fiorita	PROPN	_	4	1.000	form_absent
Fiume	Fiume	PROPN	_	4	1.000	form_absent
Forze	forza	NOUN	Gender=Fem|Number=Plur	4	0.667	form_absent
Franjo	Franjo	PROPN	_	4	1.000	form_absent
GOTEBORG	Goteborg	PROPN	_	4	1.000	form_absent
Gene	Gene	PROPN	_	4	1.000	form_absent
Golfo	Golfo	PROPN	_	4	1.000	form_absent
Gus	Gus	PROPN	_	4	1.000	form_absent
HP	Hp	PROPN	_	4	1.000	form_absent
Hathaway	Hathaway	PROPN	_	4	1.000	form_absent
Hańska	Hańska	PROPN	_	4	1.000	form_absent
IBM	IBM	PROPN	_	4	1.000	form_absent
Intelisano	Intelisano	PROPN	_	4	1.000	form_absent
Internazionale	Internazionale	ADJ	Gender=Masc|Number=Sing	4	0.211	form_absent
Iverson	Iverson	PROPN	_	4	1.000	form_absent
Jaatteenmaki	Jaatteenmaki	PROPN	_	4	1.000	form_absent
Keihin	Keihin	PROPN	_	4	1.000	form_absent
Kola	Kola	PROPN	_	4	1.000	form_absent
Lascia	Lascia	PROPN	_	4	1.000	form_absent
Lastrade	Lastrade	PROPN	_	4	1.000	form_absent
Laure	Laure	PROPN	_	4	1.000	form_absent
Legambiente	Legambiente	PROPN	_	4	1.000	form_absent
Lucien	Lucien	PROPN	_	4	1.000	form_absent
Luna	Luna	PROPN	_	4	1.000	form_absent
Luperini	Luperini	PROPN	_	4	1.000	form_absent
Magi	mago	NOUN	Gender=Masc|Number=Plur	4	1.000	form_absent
Maiolo	Maiolo	PROPN	_	4	1.000	form_absent
Manica	Manica	PROPN	_	4	1.000	form_absent
Mare	Mare	PROPN	_	4	0.571	form_absent
Marzia	Marzia	PROPN	_	4	1.000	form_absent
Medio	Medio	PROPN	_	4	1.000	form_absent
Menchù	Menchù	PROPN	_	4	1.000	form_absent
Ministri	ministro	NOUN	Gender=Masc|Number=Plur	4	1.000	form_absent
Modugno	Modugno	PROPN	_	4	1.000	form_absent
Mondiale	Mondiale	PROPN	_	4	0.190	form_absent
Monte	Monte	PROPN	_	4	0.235	form_absent
Montessori	Montessori	PROPN	_	4	1.000	form_absent
Moretta	Moretta	PROPN	_	4	1.000	form_absent
Movimento	Movimento	PROPN	_	4	0.667	form_absent
Museo	Museo	PROPN	_	4	0.800	form_absent
Nazione	nazione	NOUN	Gender=Fem|Number=Sing	4	0.800	form_absent
Nike	Nike	PROPN	_	4	1.000	form_absent
Noun	Noun	PROPN	_	4	1.000	form_absent
Nuova	Nuova	PROPN	_	4	1.000	form_absent
Onorevole	onorevole	NOUN	Number=Sing	4	0.667	form_absent
Operazione	operazione	NOUN	Gender=Fem|Number=Sing	4	1.000	form_absent
Organizzazione	Organizzazione	NOUN	Gender=Fem|Number=Sing	4	0.364	form_absent
Orlane	Orlane	PROPN	_	4	1.000	form_absent
Osce	Osce	PROPN	_	4	1.000	form_absent
Pagliacci	Pagliacci	PROPN	_	4	1.000	form_absent
Panetta	Panetta	PROPN	_	4	1.000	form_absent
Paradisi	Paradisi	PROPN	_	4	1.000	form_absent
Partito	Partito	NOUN	Gender=Masc|Number=Sing	4	0.133	form_absent
Passaggio	passaggio	NOUN	Gender=Masc|Number=Sing	4	0.667	form_absent
Pdl	Pdl	PROPN	_	4	1.000	form_absent
Peau	Peau	PROPN	_	4	1.000	form_absent
Penso	pensare	VERB	Mood=Ind|Number=Sing|Person=1|Tense=Pres|VerbForm=Fin	4	1.000	form_absent
Perdues	Perdues	X	Foreign=Yes	4	1.000	form_absent
Però	però	CCONJ	_	4	0.154	form_absent
Podrecca	Podrecca	PROPN	_	4	1.000	form_absent
Porta	Porta	PROPN	_	4	1.000	form_absent
Premio	premio	NOUN	Gender=Masc|Number=Sing	4	0.286	form_absent
Prendere	prendere	VERB	VerbForm=Inf	4	1.000	form_absent
Prima	primo	ADJ	Gender=Fem|NumType=Ord|Number=Sing	4	0.118	form_absent
Proc.	procedura	NOUN	Gender=Fem|Number=Sing	4	1.000	form_absent
Proprio	proprio	ADV	_	4	1.000	form_absent
Pse	Pse	PROPN	_	4	1.000	form_absent
Purtroppo	purtroppo	ADV	_	4	1.000	form_absent
Qualcuno	qualcuno	PRON	Gender=Masc|Number=Sing|PronType=Ind	4	1.000	form_absent
Quasi	quasi	ADV	_	4	1.000	form_absent
Quindi	quindi	CCONJ	_	4	0.308	form_absent
Quinzio	Quinzio	PROPN	_	4	1.000	form_absent
Rapporti	rapporto	NOUN	Gender=Masc|Number=Plur	4	1.000	form_absent
Reali	Reali	PROPN	_	4	1.000	form_absent
Rifondazione	Rifondazione	PROPN	_	4	0.800	form_absent
Riparazioni	riparazione	NOUN	Gender=Fem|Number=Plur	4	1.000	form_absent
Roberta	Roberta	PROPN	_	4	1.000	form_absent
Roccaraso	Roccaraso	PROPN	_	4	1.000	form_absent
Rogers	Rogers	PROPN	_	4	1.000	form_absent
Rottami	rottame	NOUN	Gender=Masc|Number=Plur	4	0.571	form_absent
SAS	SAS	PROPN	_	4	1.000	form_absent
Salvini	Salvini	PROPN	_	4	1.000	form_absent
Samuele	Samuele	PROPN	_	4	1.000	form_absent
Sant	Sant	PROPN	_	4	1.000	form_absent
Sarebbe	essere	AUX	Mood=Cnd|Number=Sing|Person=3|Tense=Pres|VerbForm=Fin	4	1.000	form_absent
Sassolungo	Sassolungo	PROPN	_	4	1.000	form_absent
Scala	Scala	PROPN	_	4	1.000	form_absent
Schroedter	Schroedter	PROPN	_	4	1.000	form_absent
Sciandri	Sciandri	PROPN	_	4	1.000	form_absent
Sempre	sempre	ADV	_	4	1.000	form_absent
Shinagawa	Shinagawa	PROPN	_	4	1.000	form_absent
Shinjuku	Shinjuku	PROPN	_	4	1.000	form_absent
Slavonia	Slavonia	PROPN	_	4	1.000	form_absent
Soltanto	soltanto	ADV	_	4	1.000	form_absent
Sopra	sopra	ADP	_	4	1.000	form_absent
Stefani	Stefani	PROPN	_	4	1.000	form_absent
Story	Story	PROPN	_	4	0.800	form_absent
Strega	Strega	PROPN	_	4	1.000	form_absent
Subiaco	Subiaco	PROPN	_	4	1.000	form_absent
Successivamente	successivamente	ADV	_	4	1.000	form_absent
Tabata	Tabata	PROPN	_	4	1.000	form_absent
Tamigi	Tamigi	PROPN	_	4	1.000	form_absent
Tanzania	Tanzania	PROPN	_	4	1.000	form_absent
Tarcisio	Tarcisio	PROPN	_	4	1.000	form_absent
Tennessee	Tennessee	PROPN	_	4	1.000	form_absent
Theater	Theater	PROPN	_	4	1.000	form_absent
Ti	ti	PRON	Clitic=Yes|Number=Sing|Person=2|PronType=Prs	4	1.000	form_absent
Tours	Tours	PROPN	_	4	1.000	form_absent
Traviata	Traviata	PROPN	_	4	1.000	form_absent
Tremaglia	Tremaglia	PROPN	_	4	1.000	form_absent
Truman	Truman	PROPN	_	4	1.000	form_absent
Twitter	Twitter	PROPN	_	4	1.000	form_absent
Tōhoku	Tōhoku	PROPN	_	4	1.000	form_absent
Ufficio	ufficio	NOUN	Gender=Masc|Number=Sing	4	1.000	form_absent
Uno	uno	DET	Definite=Ind|Gender=Masc|Number=Sing|PronType=Art	4	0.235	form_absent
Will	Will	PROPN	_	4	1.000	form_absent
Yamate	Yamate	PROPN	_	4	0.800	form_absent
ahimè	ahimè	INTJ	_	4	1.000	form_absent
ammoniaca	ammoniaca	NOUN	Gender=Fem|Number=Sing	4	1.000	form_absent
cisterne	cisterna	NOUN	Gender=Fem|Number=Plur	4	1.000	form_absent
comproprietari	comproprietario	NOUN	Gender=Masc|Number=Plur	4	1.000	form_absent
d	d	NOUN	_	4	0.800	form_absent
delegatario	delegatario	NOUN	Gender=Masc|Number=Sing	4	1.000	form_absent
est	est	NOUN	Gender=Masc|Number=Sing	4	0.500	form_absent
et	e	CCONJ	_	4	1.000	form_absent
filari	filare	NOUN	Gender=Masc|Number=Plur	4	1.000	form_absent
glie	gli	PRON	Clitic=Yes|Gender=Masc|Number=Sing|Person=3|PronType=Prs	4	0.400	form_absent
henné	henné	NOUN	Gender=Masc	4	1.000	form_absent
idrocarburi	idrocarburo	NOUN	Gender=Masc|Number=Plur	4	1.000	form_absent
narcotraffico	narcotraffico	NOUN	Gender=Masc|Number=Sing	4	1.000	form_absent
nocumento	nocumento	NOUN	Gender=Masc|Number=Sing	4	1.000	form_absent
opinion	opinion	NOUN	_	4	1.000	form_absent
ovest	ovest	NOUN	Gender=Masc|Number=Sing	4	1.000	form_absent
partenariato	partenariato	NOUN	Gender=Masc|Number=Sing	4	1.000	form_absent
prediali	prediale	ADJ	Number=Plur	4	1.000	form_absent
schiavitù	schiavitù	NOUN	Gender=Fem	4	1.000	form_absent
solidalmente	solidalmente	ADV	_	4	1.000	form_absent
°	gradi	NOUN	Gender=Masc|Number=Plur	4	0.800	form_absent
É	essere	AUX	Mood=Ind|Number=Sing|Person=3|Tense=Pres|VerbForm=Fin	4	1.000	form_absent
…	…	PUNCT	_	4	1.000	form_absent
'50	'50	NUM	NumType=Card	3	1.000	form_absent
'96	'96	NUM	NumType=Card	3	1.000	form_absent
007	007	NUM	NumType=Card	3	1.000	form_absent
1,3	1,3	NUM	NumType=Card	3	1.000	form_absent
1.000	1.000	NUM	NumType=Card	3	1.000	form_absent
1002	1002	NUM	NumType=Card	3	1.000	form_absent
1014	1014	NUM	NumType=Card	3	1.000	form_absent
1027	1027	NUM	NumType=Card	3	1.000	form_absent
103	103	NUM	NumType=Card	3	1.000	form_absent
1030	1030	NUM	NumType=Card	3	1.000	form_absent
1061	1061	NUM	NumType=Card	3	1.000	form_absent
1066	1066	NUM	NumType=Card	3	1.000	form_absent
108	108	NUM	NumType=Card	3	1.000	form_absent
1100	1100	NUM	NumType=Card	3	1.000	form_absent
1102	1102	NUM	NumType=Card	3	1.000	form_absent
118	118	NUM	NumType=Card	3	1.000	form_absent
137	137	NUM	NumType=Card	3	1.000	form_absent
140	140	NUM	NumType=Card	3	1.000	form_absent
150.000	150.000	NUM	NumType=Card	3	1.000	form_absent
152	152	NUM	NumType=Card	3	1.000	form_absent
154	154	NUM	NumType=Card	3	1.000	form_absent
157	157	NUM	NumType=Card	3	1.000	form_absent
1585	1585	NUM	NumType=Card	3	1.000	form_absent
160	160	NUM	NumType=Card	3	1.000	form_absent
1605	1605	NUM	NumType=Card	3	1.000	form_absent
170	170	NUM	NumType=Card	3	1.000	form_absent
1800	1800	NUM	NumType=Card	3	1.000	form_absent
1815	1815	NUM	NumType=Card	3	1.000	form_absent
1832	1832	NUM	NumType=Card	3	1.000	form_absent
1835	1835	NUM	NumType=Card	3	1.000	form_absent
1840	1840	NUM	NumType=Card	3	1.000	form_absent
1848	1848	NUM	NumType=Card	3	1.000	form_absent
1850	1850	NUM	NumType=Card	3	1.000	form_absent
1866	1866	NUM	NumType=Card	3	1.000	form_absent
1878	1878	NUM	NumType=Card	3	1.000	form_absent
1903	1903	NUM	NumType=Card	3	1.000	form_absent
1930	1930	NUM	NumType=Card	3	1.000	form_absent
1942	1942	NUM	NumType=Card	3	1.000	form_absent
1943	1943	NUM	NumType=Card	3	1.000	form_absent
1944	1944	NUM	NumType=Card	3	1.000	form_absent
1947	1947	NUM	NumType=Card	3	1.000	form_absent
1956	1956	NUM	NumType=Card	3	1.000	form_absent
1972	1972	NUM	NumType=Card	3	1.000	form_absent
1978	1978	NUM	NumType=Card	3	1.000	form_absent
1982	1982	NUM	NumType=Card	3	1.000	form_absent
1984	1984	NUM	NumType=Card	3	1.000	form_absent
1986	1986	NUM	NumType=Card	3	1.000	form_absent
2007	2007	NUM	NumType=Card	3	1.000	form_absent
2043	2043	NUM	NumType=Card	3	1.000	form_absent
2050	2050	NUM	NumType=Card	3	1.000	form_absent
250	250	NUM	NumType=Card	3	1.000	form_absent
2653	2653	NUM	NumType=Card	3	1.000	form_absent
2932	2932	NUM	NumType=Card	3	1.000	form_absent
2934	2934	NUM	NumType=Card	3	1.000	form_absent
2964	2964	NUM	NumType=Card	3	1.000	form_absent
3.000	3.000	NUM	NumType=Card	3	1.000	form_absent
388	388	NUM	NumType=Card	3	1.000	form_absent
39	39	NUM	NumType=Card	3	1.000	form_absent
4.	4.	NUM	NumType=Card	3	1.000	form_absent
41	41	NUM	NumType=Card	3	1.000	form_absent
47	47	NUM	NumType=Card	3	1.000	form_absent
50.000	50.000	NUM	NumType=Card	3	1.000	form_absent
52	52	NUM	NumType=Card	3	1.000	form_absent
67	67	NUM	NumType=Card	3	1.000	form_absent
71	71	NUM	NumType=Card	3	1.000	form_absent
72	72	NUM	NumType=Card	3	1.000	form_absent
74	74	NUM	NumType=Card	3	1.000	form_absent
76	76	NUM	NumType=Card	3	1.000	form_absent
77	77	NUM	NumType=Card	3	1.000	form_absent
82	82	NUM	NumType=Card	3	1.000	form_absent
821	821	NUM	NumType=Card	3	1.000	form_absent
834	834	NUM	NumType=Card	3	1.000	form_absent
84	84	NUM	NumType=Card	3	1.000	form_absent
841	841	NUM	NumType=Card	3	1.000	form_absent
844	844	NUM	NumType=Card	3	1.000	form_absent
846	846	NUM	NumType=Card	3	1.000	form_absent
85	85	NUM	NumType=Card	3	1.000	form_absent
860	860	NUM	NumType=Card	3	1.000	form_absent
863	863	NUM	NumType=Card	3	1.000	form_absent
872	872	NUM	NumType=Card	3	1.000	form_absent
877	877	NUM	NumType=Card	3	1.000	form_absent
878	878	NUM	NumType=Card	3	1.000	form_absent
885	885	NUM	NumType=Card	3	1.000	form_absent
899	899	NUM	NumType=Card	3	1.000	form_absent
908	908	NUM	NumType=Card	3	1.000	form_absent
909	909	NUM	NumType=Card	3	1.000	form_absent
918	918	NUM	NumType=Card	3	1.000	form_absent
935	935	NUM	NumType=Card	3	1.000	form_absent
938	938	NUM	NumType=Card	3	1.000	form_absent
942	942	NUM	NumType=Card	3	1.000	form_absent
982	982	NUM	NumType=Card	3	1.000	form_absent
990	990	NUM	NumType=Card	3	1.000	form_absent
999	999	NUM	NumType=Card	3	1.000	form_absent
Aaron	Aaron	PROPN	_	3	1.000	form_absent
Abbiamo	avere	VERB	Mood=Ind|Number=Plur|Person=1|Tense=Pres|VerbForm=Fin	3	0.130	form_absent
Abraham	Abraham	PROPN	_	3	1.000	form_absent
Adone	Adone	PROPN	_	3	1.000	form_absent
Aeronautica	aeronautica	NOUN	Gender=Fem|Number=Sing	3	0.750	form_absent
Altri	altro	DET	Gender=Masc|Number=Plur|PronType=Ind	3	0.231	form_absent
Altro	altro	PRON	Gender=Masc|Number=Sing|PronType=Ind	3	0.600	form_absent
Anch'	anche	ADV	_	3	1.000	form_absent
Anni	anno	NOUN	Gender=Masc|Number=Plur	3	1.000	form_absent
Anp	Anp	PROPN	_	3	1.000	form_absent
Apertura	apertura	NOUN	Gender=Fem|Number=Sing	3	1.000	form_absent
Appoggiamo	appoggiare	VERB	Mood=Ind|Number=Plur|Person=1|Tense=Pres|VerbForm=Fin	3	1.000	form_absent
Apr	Apr	PROPN	_	3	1.000	form_absent
Arma	Arma	PROPN	_	3	1.000	form_absent
Arriva	arrivare	VERB	Mood=Ind|Number=Sing|Person=3|Tense=Pres|VerbForm=Fin	3	1.000	form_absent
Arstizio	Arstizio	PROPN	_	3	1.000	form_absent
Atac	Atac	PROPN	_	3	1.000	form_absent
Attualmente	attualmente	ADV	_	3	1.000	form_absent
Aveva	avere	AUX	Mood=Ind|Number=Sing|Person=3|Tense=Imp|VerbForm=Fin	3	1.000	form_absent
Ayrton	Ayrton	PROPN	_	3	1.000	form_absent
Baghdad	Baghdad	PROPN	_	3	1.000	form_absent
Baldas	Baldas	PROPN	_	3	1.000	form_absent
Baldissero	Baldissero	PROPN	_	3	1.000	form_absent
Bam	Bam	PROPN	_	3	1.000	form_absent
Banca	Banca	PROPN	_	3	0.200	form_absent
Barack	Barack	PROPN	_	3	1.000	form_absent
Base	base	NOUN	Gender=Fem|Number=Sing	3	1.000	form_absent
Bilbao	Bilbao	PROPN	_	3	1.000	form_absent
Blob	Blob	PROPN	_	3	1.000	form_absent
Boca	Boca	PROPN	_	3	1.000	form_absent
Bombay	Bombay	PROPN	_	3	1.000	form_absent
Buchs	Buchs	PROPN	_	3	1.000	form_absent
Burbage	Burbage	PROPN	_	3	1.000	form_absent
Butzbach	Butzbach	PROPN	_	3	1.000	form_absent
CCR	CCR	PROPN	_	3	1.000	form_absent
CM	CM	PROPN	_	3	1.000	form_absent
CRS	CRS	PROPN	_	3	1.000	form_absent
Cali	Cali	PROPN	_	3	1.000	form_absent
Canale	Canale	PROPN	_	3	1.000	form_absent
Capitale	Capitale	PROPN	_	3	1.000	form_absent
Carolis	Carolis	PROPN	_	3	1.000	form_absent
Carsana	Carsana	PROPN	_	3	1.000	form_absent
Cartello	Cartello	PROPN	_	3	1.000	form_absent
Castaneda	Castaneda	PROPN	_	3	1.000	form_absent
Ce	Ce	PROPN	_	3	0.600	form_absent
Centinaia	centinaio	NOUN	Gender=Fem|Number=Plur	3	1.000	form_absent
Certosa	Certosa	PROPN	_	3	1.000	form_absent
Circa	circa	ADV	_	3	0.750	form_absent
Civile	civile	ADJ	Number=Sing	3	1.000	form_absent
Clicca	cliccare	VERB	Mood=Imp|Number=Sing|Person=2|Tense=Pres|VerbForm=Fin	3	1.000	form_absent
Co2	Co2	PROPN	_	3	1.000	form_absent
Code	coda	NOUN	Gender=Fem|Number=Plur	3	1.000	form_absent
College	College	PROPN	_	3	1.000	form_absent
Collezione	Collezione	PROPN	_	3	0.600	form_absent
Columbine	Columbine	PROPN	_	3	1.000	form_absent
Com	Com	PROPN	_	3	1.000	form_absent
Compensi	compenso	NOUN	Gender=Masc|Number=Plur	3	1.000	form_absent
Congresso	congresso	NOUN	Gender=Masc|Number=Sing	3	0.600	form_absent
Consulta	consulta	NOUN	Gender=Fem|Number=Sing	3	1.000	form_absent
Convegno	convegno	NOUN	Gender=Masc|Number=Sing	3	1.000	form_absent
Corpo	Corpo	PROPN	_	3	0.600	form_absent
Cos'	cosa	PRON	Number=Sing|PronType=Int	3	1.000	form_absent
Cotto	cotto	NOUN	Gender=Masc|Number=Sing	3	1.000	form_absent
Crema	crema	NOUN	Gender=Fem|Number=Sing	3	0.600	form_absent
Damage	damage	X	Foreign=Yes	3	1.000	form_absent
Dato	dare	VERB	Number=Sing|Tense=Past|VerbForm=Part	3	1.000	form_absent
Dell'	Dell'	PROPN	_	3	1.000	form_absent
Dermatrophine	Dermatrophine	PROPN	_	3	1.000	form_absent
Detto	dire	VERB	Gender=Masc|Number=Sing|Tense=Past|VerbForm=Part	3	1.000	form_absent
Devo	dovere	AUX	Mood=Ind|Number=Sing|Person=1|Tense=Pres|VerbForm=Fin	3	1.000	form_absent
Dichiarazione	dichiarazione	NOUN	Gender=Fem|Number=Sing	3	0.375	form_absent
Dillon	Dillon	PROPN	_	3	1.000	form_absent
Disneyland	Disneyland	PROPN	_	3	1.000	form_absent
Distanza	distanza	NOUN	Gender=Fem|Number=Sing	3	1.000	form_absent
Dopofestival	Dopofestival	PROPN	_	3	1.000	form_absent
Dory	Dory	PROPN	_	3	1.000	form_absent
Dreamworks	Dreamworks	PROPN	_	3	1.000	form_absent
ETA	Eta	PROPN	_	3	1.000	form_absent
EUR	EUR	PROPN	_	3	1.000	form_absent
Ecce	Ecce	X	Foreign=Yes	3	1.000	form_absent
Edilizia	edilizia	NOUN	Gender=Fem|Number=Sing	3	1.000	form_absent
Elephant	Elephant	PROPN	_	3	1.000	form_absent
Elie	Elie	PROPN	_	3	1.000	form_absent
Eliot	Eliot	PROPN	_	3	1.000	form_absent
Empire	Empire	PROPN	_	3	1.000	form_absent
Energia	Energia	PROPN	_	3	0.600	form_absent
Erika	Erika	PROPN	_	3	1.000	form_absent
Espropriazione	espropriazione	NOUN	Gender=Fem|Number=Sing	3	1.000	form_absent
Essa	essa	PRON	Gender=Fem|Number=Sing|Person=3|PronType=Prs	3	0.429	form_absent
Esse	esso	PRON	Gender=Fem|Number=Plur|Person=3|PronType=Prs	3	1.000	form_absent
Est	est	NOUN	Gender=Masc|Number=Sing	3	0.273	form_absent
Esteri	Esteri	PROPN	_	3	0.214	form_absent
Euratom	Euratom	PROPN	_	3	1.000	form_absent
Eurisko	Eurisko	PROPN	_	3	1.000	form_absent
Europeo	europeo	ADJ	Gender=Masc|Number=Sing	3	0.333	form_absent
Evidentemente	evidentemente	ADV	_	3	1.000	form_absent
Fanno	fare	VERB	Mood=Ind|Number=Plur|Person=3|Tense=Pres|VerbForm=Fin	3	1.000	form_absent
Fata	Fata	NOUN	Gender=Fem|Number=Sing	3	1.000	form_absent
Faulkner	Faulkner	PROPN	_	3	1.000	form_absent
Federazione	federazione	NOUN	Gender=Fem|Number=Sing	3	0.600	form_absent
Fendi	Fendi	PROPN	_	3	1.000	form_absent
Fiction	Fiction	PROPN	_	3	0.750	form_absent
Fier	Fier	PROPN	_	3	1.000	form_absent
Finché	finché	SCONJ	_	3	0.750	form_absent
Fletcher	Fletcher	PROPN	_	3	1.000	form_absent
Foto	foto	NOUN	Gender=Fem|Number=Sing	3	1.000	form_absent
Frasca	Frasca	PROPN	_	3	0.750	form_absent
Friedrich	Friedrich	PROPN	_	3	1.000	form_absent
Gardena	Gardena	PROPN	_	3	1.000	form_absent
Gatoil	Gatoil	PROPN	_	3	1.000	form_absent
Generale	generale	ADJ	Number=Sing	3	0.375	form_absent
Giro	giro	NOUN	Gender=Masc|Number=Sing	3	0.120	form_absent
Gobetti	Gobetti	PROPN	_	3	1.000	form_absent
Goriot	Goriot	PROPN	_	3	1.000	form_absent
Governi	governo	NOUN	Gender=Masc|Number=Plur	3	1.000	form_absent
Guarguaglini	Guarguaglini	PROPN	_	3	1.000	form_absent
Guarneri	Guarneri	PROPN	_	3	1.000	form_absent
Guggenheim	Guggenheim	PROPN	_	3	1.000	form_absent
Gustave	Gustave	PROPN	_	3	1.000	form_absent
Hajdari	Hajdari	PROPN	_	3	1.000	form_absent
Hamnet	Hamnet	PROPN	_	3	1.000	form_absent
Haven	haven	NOUN	Number=Sing	3	0.750	form_absent
Heminges	Heminges	PROPN	_	3	1.000	form_absent
Holmes	Holmes	PROPN	_	3	1.000	form_absent
ISTAT	ISTAT	PROPN	_	3	1.000	form_absent
Iammelli	Iammelli	PROPN	_	3	1.000	form_absent
Idroscalo	Idroscalo	PROPN	_	3	1.000	form_absent
Ikebukuro	Ikebukuro	PROPN	_	3	1.000	form_absent
Imposte	imposta	NOUN	Gender=Fem|Number=Plur	3	1.000	form_absent
Industria	Industria	PROPN	_	3	0.750	form_absent
Insieme	insieme	ADV	_	3	0.600	form_absent
Jefferson	Jefferson	PROPN	_	3	1.000	form_absent
Jr.	Jr.	PROPN	_	3	1.000	form_absent
Judith	Judith	PROPN	_	3	1.000	form_absent
Kademi	Kademi	PROPN	_	3	1.000	form_absent
Kidman	Kidman	PROPN	_	3	1.000	form_absent
Kindu	Kindu	PROPN	_	3	1.000	form_absent
LONDRA	Londra	PROPN	_	3	1.000	form_absent
LTV	LTV	PROPN	_	3	1.000	form_absent
Laghi	lago	NOUN	Gender=Masc|Number=Plur	3	0.600	form_absent
Lanka	Lanka	PROPN	_	3	1.000	form_absent
Lavitola	Lavitola	PROPN	_	3	1.000	form_absent
Lavoro	lavoro	NOUN	Gender=Masc|Number=Sing	3	0.750	form_absent
Leeds	Leeds	PROPN	_	3	1.000	form_absent
Lega	lega	NOUN	Gender=Fem|Number=Sing	3	0.300	form_absent
Leggi	legge	NOUN	Gender=Fem|Number=Plur	3	1.000	form_absent
Lei	lei	PRON	Gender=Fem|Number=Sing|Person=3|PronType=Prs	3	0.333	form_absent
Lesotho	Lesotho	PROPN	_	3	1.000	form_absent
Libertà	Libertà	NOUN	Gender=Fem	3	0.429	form_absent
Ling	Ling	PROPN	_	3	1.000	form_absent
Lisbon	Lisbon	PROPN	_	3	1.000	form_absent
Livata	Livata	PROPN	_	3	1.000	form_absent
Liz	Liz	PROPN	_	3	1.000	form_absent
Lotteria	lotteria	NOUN	Gender=Fem|Number=Sing	3	1.000	form_absent
Lucedio	Lucedio	PROPN	_	3	1.000	form_absent
Lula	Lula	PROPN	_	3	1.000	form_absent
Mack	Mack	PROPN	_	3	1.000	form_absent
Maggiore	Maggiore	PROPN	_	3	1.000	form_absent
Mai	mai	ADV	_	3	1.000	form_absent
Maker	Maker	PROPN	_	3	1.000	form_absent
Malthus	Malthus	PROPN	_	3	1.000	form_absent
Manninger	Manninger	PROPN	_	3	1.000	form_absent
Marchionne	Marchionne	PROPN	_	3	1.000	form_absent
Marciana	Marciana	PROPN	_	3	1.000	form_absent
Mare	mare	NOUN	Gender=Masc|Number=Sing	3	0.429	form_absent
Marianna	Marianna	PROPN	_	3	1.000	form_absent
Marley	Marley	PROPN	_	3	1.000	form_absent
Marlowe	Marlowe	PROPN	_	3	1.000	form_absent
Martic	Martic	PROPN	_	3	1.000	form_absent
Mazowiecki	Mazowiecki	PROPN	_	3	1.000	form_absent
Me	me	PRON	Clitic=Yes|Number=Sing|Person=1|PronType=Prs	3	1.000	form_absent
Metallica	Metallica	PROPN	_	3	1.000	form_absent
Metternich	Metternich	PROPN	_	3	1.000	form_absent
Militare	militare	ADJ	Number=Sing	3	1.000	form_absent
Minetto	Minetto	PROPN	_	3	1.000	form_absent
Mississippi	Mississippi	PROPN	_	3	1.000	form_absent
Modi	modo	NOUN	Gender=Masc|Number=Plur	3	1.000	form_absent
Molfetta	Molfetta	PROPN	_	3	1.000	form_absent
Molte	molto	DET	Gender=Fem|Number=Plur|PronType=Ind	3	0.375	form_absent
Molto	molto	ADV	_	3	1.000	form_absent
Muciaccia	Muciaccia	PROPN	_	3	1.000	form_absent
NBA	NBA	PROPN	_	3	1.000	form_absent
NOx	NOx	PROPN	_	3	1.000	form_absent
Nassirya	Nassirya	PROPN	_	3	1.000	form_absent
Neve	neve	NOUN	Gender=Fem|Number=Sing	3	1.000	form_absent
Nicole	Nicole	PROPN	_	3	1.000	form_absent
Niguarda	Niguarda	PROPN	_	3	1.000	form_absent
Nirvana	Nirvana	PROPN	_	3	1.000	form_absent
Nomina	nominare	VERB	Mood=Ind|Number=Sing|Person=3|Tense=Pres|VerbForm=Fin	3	0.136	form_absent
Norah	Norah	PROPN	_	3	1.000	form_absent
Nord	nord	NOUN	Gender=Masc|Number=Sing	3	0.125	form_absent
Notizie	notizia	NOUN	Gender=Fem|Number=Plur	3	0.500	form_absent
Numerosi	numeroso	DET	Gender=Masc|Number=Plur|PronType=Ind	3	1.000	form_absent
OLAF	OLAF	PROPN	_	3	1.000	form_absent
ONU	ONU	PROPN	_	3	0.750	form_absent
Occhio	occhio	NOUN	Gender=Masc|Number=Sing	3	1.000	form_absent
Oltre	oltre	ADP	_	3	0.176	form_absent
Oms	Oms	PROPN	_	3	1.000	form_absent
Oracle	Oracle	PROPN	_	3	1.000	form_absent
Ovviamente	ovviamente	ADV	_	3	1.000	form_absent
Oxitec	Oxitec	PROPN	_	3	1.000	form_absent
Palacio	Palacio	PROPN	_	3	1.000	form_absent
Pansa	Pansa	PROPN	_	3	1.000	form_absent
Papa	papa	NOUN	Gender=Masc|Number=Sing	3	0.143	form_absent
Paparesta	Paparesta	PROPN	_	3	1.000	form_absent
Pasqualin	Pasqualin	PROPN	_	3	1.000	form_absent
Passera	Passera	PROPN	_	3	1.000	form_absent
Pavelic	Pavelic	PROPN	_	3	1.000	form_absent
Pearl	Pearl	PROPN	_	3	1.000	form_absent
Perù	Perù	PROPN	_	3	1.000	form_absent
Photographic	Photographic	PROPN	_	3	1.000	form_absent
Plenaria	Plenaria	PROPN	_	3	1.000	form_absent
Pochi	poco	DET	Gender=Masc|Number=Plur|PronType=Ind	3	1.000	form_absent
Poettering	Poettering	PROPN	_	3	1.000	form_absent
Poiché	poiché	SCONJ	_	3	1.000	form_absent
Point	Point	PROPN	_	3	1.000	form_absent
Policy	Policy	PROPN	_	3	1.000	form_absent
Poligono	poligono	NOUN	Gender=Masc|Number=Sing	3	1.000	form_absent
Polverino	Polverino	PROPN	_	3	1.000	form_absent
Poma	Poma	PROPN	_	3	1.000	form_absent
Ponzi	Ponzi	PROPN	_	3	1.000	form_absent
Popolazione	Popolazione	PROPN	_	3	0.750	form_absent
Popolo	Popolo	PROPN	_	3	0.750	form_absent
Poste	posta	NOUN	Gender=Fem|Number=Plur	3	1.000	form_absent
Presidenti	Presidenti	NOUN	Gender=Masc|Number=Plur	3	0.750	form_absent
Presso	presso	ADP	_	3	1.000	form_absent
Probing	Probing	PROPN	_	3	1.000	form_absent
Projector	projector	NOUN	_	3	1.000	form_absent
Pubblica	pubblico	ADJ	Gender=Fem|Number=Sing	3	0.750	form_absent
Pulp	Pulp	PROPN	_	3	1.000	form_absent
Père	Père	PROPN	_	3	1.000	form_absent
Quanta	Quanta	DET	Gender=Fem|Number=Sing|PronType=Int	3	0.750	form_absent
Quattro	quattro	NUM	NumType=Card	3	1.000	form_absent
Queste	questo	PRON	Gender=Fem|Number=Plur|PronType=Dem	3	0.136	form_absent
Raggiungi	raggiungere	VERB	Mood=Ind|Number=Sing|Person=2|Tense=Pres|VerbForm=Fin	3	1.000	form_absent
Ratko	Ratko	PROPN	_	3	1.000	form_absent
Reichstag	Reichstag	PROPN	_	3	1.000	form_absent
Reserve	Reserve	PROPN	_	3	1.000	form_absent
Revox	Revox	PROPN	_	3	1.000	form_absent
Ricerca	Ricerca	PROPN	_	3	0.333	form_absent
Ricordo	ricordare	VERB	Mood=Ind|Number=Sing|Person=1|Tense=Pres|VerbForm=Fin	3	1.000	form_absent
Rispetto	rispetto	NOUN	ExtPos=ADP|Gender=Masc|Number=Sing	3	0.750	form_absent
Robb	Robb	PROPN	_	3	1.000	form_absent
Rost	Rost	PROPN	_	3	1.000	form_absent
Rottami	Rottami	PROPN	_	3	0.429	form_absent
Rowe	Rowe	PROPN	_	3	1.000	form_absent
Rugova	Rugova	PROPN	_	3	1.000	form_absent
SKG	Skg	PROPN	_	3	1.000	form_absent
Sabato	sabato	NOUN	Gender=Masc|Number=Sing	3	0.750	form_absent
Santo	Santo	PROPN	_	3	1.000	form_absent
Sassonia	Sassonia	PROPN	_	3	1.000	form_absent
Saudita	Saudita	PROPN	_	3	1.000	form_absent
Scuola	scuola	NOUN	Gender=Fem|Number=Sing	3	0.500	form_absent
Selko-Uutiset	Selko-Uutiset	PROPN	_	3	1.000	form_absent
Senatur	Senatur	PROPN	_	3	1.000	form_absent
Servizi	servizio	NOUN	Gender=Masc|Number=Plur	3	1.000	form_absent
Servizio	servizio	NOUN	Gender=Masc|Number=Sing	3	1.000	form_absent
Settebello	Settebello	PROPN	_	3	1.000	form_absent
Shapiro	Shapiro	PROPN	_	3	1.000	form_absent
Shaw	Shaw	PROPN	_	3	1.000	form_absent
Shehi	Shehi	PROPN	_	3	1.000	form_absent
Sherlock	Sherlock	PROPN	_	3	1.000	form_absent
Shik	Shik	PROPN	_	3	1.000	form_absent
Shoah	Shoah	PROPN	_	3	1.000	form_absent
Sia	sia	CCONJ	_	3	1.000	form_absent
Sidor	Sidor	PROPN	_	3	1.000	form_absent
Sidoti	Sidoti	PROPN	_	3	1.000	form_absent
Sigismondo	Sigismondo	PROPN	_	3	1.000	form_absent
Simonetti	Simonetti	PROPN	_	3	1.000	form_absent
Solare	Solare	PROPN	_	3	1.000	form_absent
Southwark	Southwark	PROPN	_	3	1.000	form_absent
Sovico	Sovico	PROPN	_	3	1.000	form_absent
Sovietica	Sovietica	PROPN	_	3	0.600	form_absent
Spaziale	spaziale	ADJ	Number=Sing	3	1.000	form_absent
Spese	spesa	NOUN	Gender=Fem|Number=Plur	3	1.000	form_absent
Spetta	spettare	VERB	Mood=Ind|Number=Sing|Person=3|Tense=Pres|VerbForm=Fin	3	1.000	form_absent
Sportilia	Sportilia	PROPN	_	3	1.000	form_absent
Sri	Sri	PROPN	_	3	1.000	form_absent
Stanne	Stanne	PROPN	_	3	1.000	form_absent
Stasio	Stasio	PROPN	_	3	1.000	form_absent
Statua	Statua	PROPN	_	3	1.000	form_absent
Stavolta	stavolta	ADV	_	3	1.000	form_absent
Stelle	Stelle	PROPN	_	3	1.000	form_absent
Studer	Studer	PROPN	_	3	1.000	form_absent
Suo	suo	DET	Gender=Masc|Number=Sing|Poss=Yes|PronType=Prs	3	0.750	form_absent
Super	Super	PROPN	_	3	1.000	form_absent
Suprema	Suprema	PROPN	_	3	1.000	form_absent
Tanto	tanto	ADV	_	3	0.600	form_absent
Tempio	Tempio	PROPN	_	3	0.750	form_absent
Terreni	terreno	NOUN	Gender=Masc|Number=Plur	3	1.000	form_absent
Terzo	terzo	ADJ	Gender=Masc|NumType=Ord|Number=Sing	3	1.000	form_absent
Thamsanqa	Thamsanqa	PROPN	_	3	1.000	form_absent
Tibbets	Tibbets	PROPN	_	3	1.000	form_absent
Tirone	Tirone	PROPN	_	3	1.000	form_absent
Togo	Togo	PROPN	_	3	1.000	form_absent
Torinese	Torinese	PROPN	_	3	1.000	form_absent
Torneo	Torneo	PROPN	_	3	1.000	form_absent
Torvajanica	Torvajanica	PROPN	_	3	1.000	form_absent
Tourmalet	Tourmalet	PROPN	_	3	1.000	form_absent
Trattamenti	trattamento	NOUN	Gender=Masc|Number=Plur	3	1.000	form_absent
Trattato	Trattato	PROPN	_	3	0.600	form_absent
Trenta	trenta	NUM	NumType=Card	3	1.000	form_absent
Tribute	tribute	NOUN	Number=Sing	3	1.000	form_absent
Trinidad	Trinidad	PROPN	_	3	1.000	form_absent
Tu	tu	PRON	Number=Sing|Person=2|PronType=Prs	3	1.000	form_absent
U.S.A.	U.s.a.	PROPN	_	3	1.000	form_absent
UE	UE	PROPN	_	3	1.000	form_absent
Unesco	Unesco	PROPN	_	3	1.000	form_absent
Università	Università	NOUN	Gender=Fem	3	0.231	form_absent
Un’	uno	DET	Definite=Ind|Gender=Fem|Number=Sing|PronType=Art	3	1.000	form_absent
Usiamo	usare	VERB	Mood=Ind|Number=Plur|Person=1|Tense=Pres|VerbForm=Fin	3	1.000	form_absent
Vangelo	Vangelo	PROPN	_	3	1.000	form_absent
Varesino	Varesino	PROPN	_	3	1.000	form_absent
Vedrete	vedere	VERB	Mood=Ind|Number=Plur|Person=2|Tense=Fut|VerbForm=Fin	3	1.000	form_absent
Vicchio	Vicchio	PROPN	_	3	1.000	form_absent
Vietri	Vietri	PROPN	_	3	1.000	form_absent
Voglio	volere	AUX	Mood=Ind|Number=Sing|Person=1|Tense=Pres|VerbForm=Fin	3	1.000	form_absent
Willis	Willis	PROPN	_	3	1.000	form_absent
XVII	diciassettesimo	ADJ	NumType=Ord|Number=Sing	3	0.600	form_absent
XVIII	diciottesimo	ADJ	NumType=Ord|Number=Sing	3	0.600	form_absent
Yalta	Yalta	PROPN	_	3	1.000	form_absent
Yokohama	Yokohama	PROPN	_	3	1.000	form_absent
Z	Z	PROPN	_	3	1.000	form_absent
addizionalità	addizionalità	NOUN	Gender=Fem	3	1.000	form_absent
afidi	afide	NOUN	Gender=Masc|Number=Plur	3	1.000	form_absent
al.	alii	PRON	Gender=Masc|Number=Plur|Person=3|PronType=Prs	3	1.000	form_absent
alabardiere	alabardiere	NOUN	Gender=Masc|Number=Sing	3	1.000	form_absent
anzidette	anzidetto	ADJ	Gender=Fem|Number=Plur	3	1.000	form_absent
apartheid	apartheid	NOUN	Gender=Masc	3	1.000	form_absent
apogeo	apogeo	NOUN	Gender=Masc|Number=Sing	3	1.000	form_absent
arrender	arrendere	VERB	VerbForm=Inf	3	1.000	form_absent
audio	audio	ADJ	_	3	0.750	form_absent
c	c	X	_	3	0.300	form_absent
casinò	casinò	NOUN	Gender=Masc	3	1.000	form_absent
cinicamente	cinicamente	ADV	_	3	1.000	form_absent
cm	centimetro	NOUN	Gender=Masc	3	0.231	form_absent
cocciniglie	cocciniglia	NOUN	Gender=Fem|Number=Plur	3	1.000	form_absent
codipendenza	codipendenza	NOUN	Gender=Fem|Number=Sing	3	1.000	form_absent
complementari	complementare	ADJ	Number=Plur	3	1.000	form_absent
contraffatte	contraffatto	ADJ	Gender=Fem|Number=Plur	3	1.000	form_absent
corrisponder	corrispondere	VERB	VerbForm=Inf	3	1.000	form_absent
dengue	dengue	NOUN	Gender=Fem|Number=Sing	3	1.000	form_absent
derivatore	derivatore	ADJ	Gender=Masc|Number=Sing	3	1.000	form_absent
des	des	ADP	_	3	0.600	form_absent
diabete	diabete	NOUN	Gender=Masc|Number=Sing	3	1.000	form_absent
distr.	distr.	NOUN	_	3	0.600	form_absent
doppler	doppler	NOUN	Gender=Masc	3	1.000	form_absent
ecc	eccetera	ADV	_	3	1.000	form_absent
enfiteuti	enfiteuta	NOUN	Gender=Masc|Number=Plur	3	1.000	form_absent
essentiel	essentiel	PROPN	_	3	1.000	form_absent
esternalità	esternalità	NOUN	Gender=Fem	3	1.000	form_absent
export	export	NOUN	Gender=Masc	3	1.000	form_absent
fideiussore	fideiussore	NOUN	Gender=Masc|Number=Sing	3	1.000	form_absent
fideiussori	fideiussore	NOUN	Gender=Masc|Number=Plur	3	1.000	form_absent
first	first	NOUN	_	3	1.000	form_absent
folio	folio	NOUN	Gender=Masc|Number=Sing	3	1.000	form_absent
for	for	ADP	_	3	1.000	form_absent
giambico	giambico	ADJ	Gender=Masc|Number=Sing	3	1.000	form_absent
governance	governance	NOUN	Gender=Fem	3	0.750	form_absent
ii	ii	ADJ	NumType=Ord|Number=Sing	3	1.000	form_absent
indur	indurre	VERB	VerbForm=Inf	3	1.000	form_absent
intender	intendere	VERB	VerbForm=Inf	3	1.000	form_absent
ionosfera	ionosfera	NOUN	Gender=Fem|Number=Sing	3	1.000	form_absent
m3	m3	PROPN	_	3	1.000	form_absent
melodic	melodic	ADJ	_	3	1.000	form_absent
mm	mm	NOUN	_	3	0.600	form_absent
nobiliare	nobiliare	ADJ	Number=Sing	3	1.000	form_absent
novazione	novazione	NOUN	Gender=Fem	3	1.000	form_absent
park	park	NOUN	_	3	1.000	form_absent
parsificazione	parsificazione	NOUN	Gender=Fem|Number=Sing	3	1.000	form_absent
particolato	particolato	NOUN	Gender=Masc|Number=Sing	3	1.000	form_absent
perigeo	perigeo	NOUN	Gender=Masc|Number=Sing	3	1.000	form_absent
pirofila	pirofila	NOUN	Gender=Fem|Number=Sing	3	1.000	form_absent
pour	pour	ADP	_	3	1.000	form_absent
ppb	ppb	NOUN	_	3	1.000	form_absent
rabbit	rabbit	NOUN	_	3	1.000	form_absent
shakespeariano	shakespeariano	ADJ	Gender=Masc|Number=Sing	3	1.000	form_absent
surplus	surplus	NOUN	Gender=Masc	3	1.000	form_absent
talk	talk	NOUN	_	3	0.750	form_absent
taluno	taluno	PRON	Gender=Masc|Number=Sing|PronType=Ind	3	1.000	form_absent
the	the	X	Foreign=Yes	3	0.176	form_absent
torbiere	torbiera	NOUN	Gender=Fem|Number=Plur	3	1.000	form_absent
trar	trarre	VERB	VerbForm=Inf	3	1.000	form_absent
tribù	tribù	NOUN	Gender=Fem	3	1.000	form_absent
upon	upon	ADP	_	3	1.000	form_absent
ventun	ventuno	NUM	NumType=Card	3	1.000	form_absent
zairota	zairota	ADJ	Gender=Fem|Number=Sing	3	1.000	form_absent
µg	microgrammo	NOUN	Gender=Masc	3	1.000	form_absent
'42	'42	NUM	NumType=Card	2	1.000	form_absent
'77	'77	NUM	NumType=Card	2	1.000	form_absent
'79	'79	NUM	NumType=Card	2	1.000	form_absent
'84	'84	NUM	NumType=Card	2	1.000	form_absent
10.000	10.000	NUM	NumType=Card	2	1.000	form_absent
1009	1009	NUM	NumType=Card	2	1.000	form_absent
101	101	NUM	NumType=Card	2	1.000	form_absent
1010	1010	NUM	NumType=Card	2	1.000	form_absent
1016	1016	NUM	NumType=Card	2	1.000	form_absent
102	102	NUM	NumType=Card	2	1.000	form_absent
1023	1023	NUM	NumType=Card	2	1.000	form_absent
1031	1031	NUM	NumType=Card	2	1.000	form_absent
1033	1033	NUM	NumType=Card	2	1.000	form_absent
1035	1035	NUM	NumType=Card	2	1.000	form_absent
1036	1036	NUM	NumType=Card	2	1.000	form_absent
1058	1058	NUM	NumType=Card	2	1.000	form_absent
1062	1062	NUM	NumType=Card	2	1.000	form_absent
1069	1069	NUM	NumType=Card	2	1.000	form_absent
1070	1070	NUM	NumType=Card	2	1.000	form_absent
1072	1072	NUM	NumType=Card	2	1.000	form_absent
1073	1073	NUM	NumType=Card	2	1.000	form_absent
1090	1090	NUM	NumType=Card	2	1.000	form_absent
111	111	NUM	NumType=Card	2	1.000	form_absent
112	112	NUM	NumType=Card	2	1.000	form_absent
115	115	NUM	NumType=Card	2	1.000	form_absent
116	116	NUM	NumType=Card	2	1.000	form_absent
1168	1168	NUM	NumType=Card	2	1.000	form_absent
1179	1179	NUM	NumType=Card	2	1.000	form_absent
12.00	12.00	NUM	NumType=Card	2	1.000	form_absent
120.000	120.000	NUM	NumType=Card	2	1.000	form_absent
120x120	120x120	NUM	NumType=Card	2	1.000	form_absent
123	123	NUM	NumType=Card	2	1.000	form_absent
124	124	NUM	NumType=Card	2	1.000	form_absent
125	125	NUM	NumType=Card	2	1.000	form_absent
126	126	NUM	NumType=Card	2	1.000	form_absent
130.000	130.000	NUM	NumType=Card	2	1.000	form_absent
131	131	NUM	NumType=Card	2	1.000	form_absent
132	132	NUM	NumType=Card	2	1.000	form_absent
134	134	NUM	NumType=Card	2	1.000	form_absent
135	135	NUM	NumType=Card	2	1.000	form_absent
1376	1376	NUM	NumType=Card	2	1.000	form_absent
139	139	NUM	NumType=Card	2	1.000	form_absent
1420	1420	NUM	NumType=Card	2	1.000	form_absent
1435	1435	NUM	NumType=Card	2	1.000	form_absent
144	144	NUM	NumType=Card	2	1.000	form_absent
145	145	NUM	NumType=Card	2	1.000	form_absent
149	149	NUM	NumType=Card	2	1.000	form_absent
1492	1492	NUM	NumType=Card	2	1.000	form_absent
15,30	15,30	NUM	NumType=Card	2	1.000	form_absent
15.000	15.000	NUM	NumType=Card	2	1.000	form_absent
1506	1506	NUM	NumType=Card	2	1.000	form_absent
1527	1527	NUM	NumType=Card	2	1.000	form_absent
153	153	NUM	NumType=Card	2	1.000	form_absent
1564	1564	NUM	NumType=Card	2	1.000	form_absent
1571	1571	NUM	NumType=Card	2	1.000	form_absent
1576	1576	NUM	NumType=Card	2	1.000	form_absent
1583	1583	NUM	NumType=Card	2	1.000	form_absent
1589	1589	NUM	NumType=Card	2	1.000	form_absent
159	159	NUM	NumType=Card	2	1.000	form_absent
1593	1593	NUM	NumType=Card	2	1.000	form_absent
1596	1596	NUM	NumType=Card	2	1.000	form_absent
160.000	160.000	NUM	NumType=Card	2	1.000	form_absent
1604	1604	NUM	NumType=Card	2	1.000	form_absent
1614	1614	NUM	NumType=Card	2	1.000	form_absent
166	166	NUM	NumType=Card	2	1.000	form_absent
171	171	NUM	NumType=Card	2	1.000	form_absent
1819	1819	NUM	NumType=Card	2	1.000	form_absent
1820	1820	NUM	NumType=Card	2	1.000	form_absent
1822	1822	NUM	NumType=Card	2	1.000	form_absent
1841	1841	NUM	NumType=Card	2	1.000	form_absent
1843	1843	NUM	NumType=Card	2	1.000	form_absent
1847	1847	NUM	NumType=Card	2	1.000	form_absent
1875	1875	NUM	NumType=Card	2	1.000	form_absent
1883	1883	NUM	NumType=Card	2	1.000	form_absent
19,30	19,30	NUM	NumType=Card	2	1.000	form_absent
190	190	NUM	NumType=Card	2	1.000	form_absent
1913	1913	NUM	NumType=Card	2	1.000	form_absent
1915	1915	NUM	NumType=Card	2	1.000	form_absent
1917	1917	NUM	NumType=Card	2	1.000	form_absent
1919	1919	NUM	NumType=Card	2	1.000	form_absent
1920	1920	NUM	NumType=Card	2	1.000	form_absent
1923	1923	NUM	NumType=Card	2	1.000	form_absent
1924	1924	NUM	NumType=Card	2	1.000	form_absent
1926	1926	NUM	NumType=Card	2	1.000	form_absent
1927	1927	NUM	NumType=Card	2	1.000	form_absent
1936	1936	NUM	NumType=Card	2	1.000	form_absent
1953	1953	NUM	NumType=Card	2	1.000	form_absent
1959	1959	NUM	NumType=Card	2	1.000	form_absent
1966	1966	NUM	NumType=Card	2	1.000	form_absent
1976	1976	NUM	NumType=Card	2	1.000	form_absent
1981	1981	NUM	NumType=Card	2	1.000	form_absent
1983	1983	NUM	NumType=Card	2	1.000	form_absent
1°	primo	ADJ	NumType=Ord	2	0.222	form_absent
2.0	2.0	NUM	NumType=Card	2	1.000	form_absent
2.000	2.000	NUM	NumType=Card	2	1.000	form_absent
2.500	2.500	NUM	NumType=Card	2	1.000	form_absent
2020	2020	NUM	NumType=Card	2	1.000	form_absent
20x20	20x20	NUM	NumType=Card	2	1.000	form_absent
230	230	NUM	NumType=Card	2	1.000	form_absent
2648	2648	NUM	NumType=Card	2	1.000	form_absent
2699	2699	NUM	NumType=Card	2	1.000	form_absent
2812	2812	NUM	NumType=Card	2	1.000	form_absent
2814	2814	NUM	NumType=Card	2	1.000	form_absent
2815	2815	NUM	NumType=Card	2	1.000	form_absent
2900	2900	NUM	NumType=Card	2	1.000	form_absent
2933	2933	NUM	NumType=Card	2	1.000	form_absent
3.500	3.500	NUM	NumType=Card	2	1.000	form_absent
3/4	3/4	NUM	NumType=Range	2	1.000	form_absent
30x30	30x30	NUM	NumType=Card	2	1.000	form_absent
31,11	31,11	NUM	NumType=Card	2	1.000	form_absent
324	324	NUM	NumType=Card	2	1.000	form_absent
3°	3°	ADJ	NumType=Ord	2	1.000	form_absent
4,9	4,9	NUM	NumType=Card	2	1.000	form_absent
422	422	NUM	NumType=Card	2	1.000	form_absent
49794	49794	NUM	NumType=Card	2	1.000	form_absent
5000	5000	NUM	NumType=Card	2	1.000	form_absent
56	56	NUM	NumType=Card	2	1.000	form_absent
587	587	NUM	NumType=Card	2	1.000	form_absent
6'	6'	NUM	NumType=Card	2	1.000	form_absent
6,93	6,93	NUM	NumType=Card	2	1.000	form_absent
6,98	6,98	NUM	NumType=Card	2	1.000	form_absent
61	61	NUM	NumType=Card	2	1.000	form_absent
63	63	NUM	NumType=Card	2	1.000	form_absent
633	633	NUM	NumType=Card	2	1.000	form_absent
69	69	NUM	NumType=Card	2	1.000	form_absent
769	769	NUM	NumType=Card	2	1.000	form_absent
79	79	NUM	NumType=Card	2	1.000	form_absent
796	796	NUM	NumType=Card	2	1.000	form_absent
8,3	8,3	NUM	NumType=Card	2	1.000	form_absent
8,4	8,4	NUM	NumType=Card	2	1.000	form_absent
81	81	NUM	NumType=Card	2	1.000	form_absent
817	817	NUM	NumType=Card	2	1.000	form_absent
820	820	NUM	NumType=Card	2	1.000	form_absent
826	826	NUM	NumType=Card	2	1.000	form_absent
833	833	NUM	NumType=Card	2	1.000	form_absent
839	839	NUM	NumType=Card	2	1.000	form_absent
843	843	NUM	NumType=Card	2	1.000	form_absent
850	850	NUM	NumType=Card	2	1.000	form_absent
857	857	NUM	NumType=Card	2	1.000	form_absent
858	858	NUM	NumType=Card	2	1.000	form_absent
86	86	NUM	NumType=Card	2	1.000	form_absent
861	861	NUM	NumType=Card	2	1.000	form_absent
862	862	NUM	NumType=Card	2	1.000	form_absent
865	865	NUM	NumType=Card	2	1.000	form_absent
869	869	NUM	NumType=Card	2	1.000	form_absent
875	875	NUM	NumType=Card	2	1.000	form_absent
876	876	NUM	NumType=Card	2	1.000	form_absent
880	880	NUM	NumType=Card	2	1.000	form_absent
882	882	NUM	NumType=Card	2	1.000	form_absent
888	888	NUM	NumType=Card	2	1.000	form_absent
890	890	NUM	NumType=Card	2	1.000	form_absent
891	891	NUM	NumType=Card	2	1.000	form_absent
896	896	NUM	NumType=Card	2	1.000	form_absent
898	898	NUM	NumType=Card	2	1.000	form_absent
9.00	9.00	NUM	NumType=Card	2	1.000	form_absent
9/11	9/11	PROPN	NumType=Card	2	1.000	form_absent
902	902	NUM	NumType=Card	2	1.000	form_absent
905	905	NUM	NumType=Card	2	1.000	form_absent
91	91	NUM	NumType=Card	2	1.000	form_absent
910	910	NUM	NumType=Card	2	1.000	form_absent
911	911	NUM	NumType=Card	2	1.000	form_absent
912	912	NUM	NumType=Card	2	1.000	form_absent
913	913	NUM	NumType=Card	2	1.000	form_absent
914	914	NUM	NumType=Card	2	1.000	form_absent
915	915	NUM	NumType=Card	2	1.000	form_absent
916	916	NUM	NumType=Card	2	1.000	form_absent
922	922	NUM	NumType=Card	2	1.000	form_absent
928	928	NUM	NumType=Card	2	1.000	form_absent
93	93	NUM	NumType=Card	2	1.000	form_absent
930	930	NUM	NumType=Card	2	1.000	form_absent
932	932	NUM	NumType=Card	2	1.000	form_absent
936	936	NUM	NumType=Card	2	1.000	form_absent
937	937	NUM	NumType=Card	2	1.000	form_absent
939	939	NUM	NumType=Card	2	1.000	form_absent
945	945	NUM	NumType=Card	2	1.000	form_absent
946	946	NUM	NumType=Card	2	1.000	form_absent
947	947	NUM	NumType=Card	2	1.000	form_absent
948	948	NUM	NumType=Card	2	1.000	form_absent
953	953	NUM	NumType=Card	2	1.000	form_absent
956	956	NUM	NumType=Card	2	1.000	form_absent
958	958	NUM	NumType=Card	2	1.000	form_absent
961	961	NUM	NumType=Card	2	1.000	form_absent
962	962	NUM	NumType=Card	2	1.000	form_absent
965	965	NUM	NumType=Card	2	1.000	form_absent
97	97	NUM	NumType=Card	2	1.000	form_absent
970	970	NUM	NumType=Card	2	1.000	form_absent
971	971	NUM	NumType=Card	2	1.000	form_absent
973	973	NUM	NumType=Card	2	1.000	form_absent
975	975	NUM	NumType=Card	2	1.000	form_absent
98	98	NUM	NumType=Card	2	1.000	form_absent
981	981	NUM	NumType=Card	2	1.000	form_absent
991	991	NUM	NumType=Card	2	1.000	form_absent
995	995	NUM	NumType=Card	2	1.000	form_absent
AB	Ab	PROPN	_	2	0.667	form_absent
AG	Ag	PROPN	_	2	1.000	form_absent
AIDS	Aids	PROPN	_	2	1.000	form_absent
AIEA	Aiea	PROPN	_	2	1.000	form_absent
AWACS	Awacs	PROPN	_	2	1.000	form_absent
Abbazia	abbazia	NOUN	Gender=Fem|Number=Sing	2	1.000	form_absent
Accendiamo	accendere	VERB	Mood=Ind|Number=Plur|Person=1|Tense=Pres|VerbForm=Fin	2	1.000	form_absent
Adolf	Adolf	PROPN	_	2	1.000	form_absent
Aeroporto	aeroporto	NOUN	Gender=Masc|Number=Sing	2	1.000	form_absent
Aerospaziale	aerospaziale	ADJ	Number=Sing	2	1.000	form_absent
Aerospaziali	aerospaziale	ADJ	Number=Plur	2	0.667	form_absent
Affari	affare	NOUN	Gender=Masc|Number=Plur	2	0.500	form_absent
AgustaWestland	AgustaWestland	PROPN	_	2	1.000	form_absent
Ah	ah	INTJ	_	2	1.000	form_absent
Akbar	Akbar	PROPN	_	2	1.000	form_absent
Alamo	Alamo	PROPN	_	2	1.000	form_absent
Alberta	Alberta	PROPN	_	2	1.000	form_absent
Alcide	Alcide	PROPN	_	2	1.000	form_absent
Alcune	alcuno	PRON	Gender=Fem|Number=Plur|PronType=Ind	2	0.333	form_absent
Alivar	Alivar	PROPN	_	2	1.000	form_absent
Almeno	almeno	ADV	_	2	1.000	form_absent
Altra	altro	DET	Gender=Fem|Number=Sing|PronType=Ind	2	1.000	form_absent
Altre	altro	ADJ	Gender=Fem|Number=Plur	2	0.250	form_absent
Altrimenti	altrimenti	ADV	_	2	0.667	form_absent
Altro	altro	DET	Gender=Masc|Number=Sing|PronType=Ind	2	0.400	form_absent
Americani	Americani	PROPN	_	2	1.000	form_absent
Amir	Amir	PROPN	_	2	1.000	form_absent
Amministrazione	amministrazione	NOUN	Gender=Fem|Number=Sing	2	1.000	form_absent
Amo	amare	VERB	Mood=Ind|Number=Sing|Person=1|Tense=Pres|VerbForm=Fin	2	1.000	form_absent
Amore	Amore	PROPN	_	2	0.667	form_absent
Analyser	Analyser	PROPN	_	2	1.000	form_absent
Ancellotti	Ancellotti	PROPN	_	2	1.000	form_absent
Andare	andare	VERB	VerbForm=Inf	2	1.000	form_absent
Andrè	Andrè	PROPN	_	2	1.000	form_absent
Anima	Anima	PROPN	_	2	1.000	form_absent
Antonia	Antonia	PROPN	_	2	1.000	form_absent
Anzio	Anzio	PROPN	_	2	1.000	form_absent
Apache	Apache	PROPN	_	2	1.000	form_absent
Appare	apparire	VERB	Mood=Ind|Number=Sing|Person=3|Tense=Pres|VerbForm=Fin	2	1.000	form_absent
Appuntamento	appuntamento	NOUN	Gender=Masc|Number=Sing	2	0.667	form_absent
Aquile	aquila	NOUN	Gender=Fem|Number=Plur	2	1.000	form_absent
Arabella	Arabella	PROPN	_	2	1.000	form_absent
Arch	Arch	PROPN	_	2	1.000	form_absent
Arden	Arden	PROPN	_	2	1.000	form_absent
Aristotele	Aristotele	PROPN	_	2	1.000	form_absent
Arizona	Arizona	PROPN	_	2	1.000	form_absent
Around	Around	X	Foreign=Yes	2	1.000	form_absent
Arrivarono	arrivare	VERB	Mood=Ind|Number=Plur|Person=3|Tense=Past|VerbForm=Fin	2	1.000	form_absent
Arsizio	Arsizio	PROPN	_	2	1.000	form_absent
Arte	arte	NOUN	Gender=Fem|Number=Sing	2	1.000	form_absent
Artur	Artur	PROPN	_	2	1.000	form_absent
Artù	Artù	PROPN	_	2	1.000	form_absent
Ascona	Ascona	PROPN	_	2	1.000	form_absent
Assemblea	Assemblea	PROPN	_	2	0.133	form_absent
Assia	Assia	PROPN	_	2	1.000	form_absent
Associazione	Associazione	PROPN	_	2	0.500	form_absent
Associazione	associazione	NOUN	Gender=Fem|Number=Sing	2	0.500	form_absent
Atrium	Atrium	PROPN	_	2	1.000	form_absent
Attila	Attila	PROPN	_	2	1.000	form_absent
Attraversamento	attraversamento	NOUN	Gender=Masc|Number=Sing	2	1.000	form_absent
Attraverso	attraverso	ADP	_	2	0.667	form_absent
Attribuzione	attribuzione	NOUN	Gender=Fem|Number=Sing	2	1.000	form_absent
Auguste	Auguste	PROPN	_	2	1.000	form_absent
Aumento	aumento	NOUN	Gender=Masc|Number=Sing	2	1.000	form_absent
Autonomia	Autonomia	PROPN	_	2	0.667	form_absent
Autore	Autore	PROPN	_	2	1.000	form_absent
Autorità	Autorità	PROPN	_	2	0.222	form_absent
Autosole	Autosole	PROPN	_	2	1.000	form_absent
Autostrade	Autostrade	PROPN	_	2	1.000	form_absent
Avrebbero	avere	AUX	Mood=Cnd|Number=Plur|Person=3|Tense=Pres|VerbForm=Fin	2	1.000	form_absent
Avviso	avviso	NOUN	Gender=Masc|Number=Sing	2	1.000	form_absent
Awards	Awards	PROPN	_	2	1.000	form_absent
BOLZANO	Bolzano	PROPN	_	2	1.000	form_absent
Babe	Babe	PROPN	_	2	1.000	form_absent
Bagora	Bagora	PROPN	_	2	1.000	form_absent
Bahia	Bahia	PROPN	_	2	1.000	form_absent
Baia	Baia	NOUN	Gender=Fem|Number=Sing	2	0.500	form_absent
Baia	baia	NOUN	Gender=Fem|Number=Sing	2	0.500	form_absent
Baldato	Baldato	PROPN	_	2	1.000	form_absent
Bandiera	bandiera	NOUN	Gender=Fem|Number=Sing	2	1.000	form_absent
Baquba	Baquba	PROPN	_	2	1.000	form_absent
Barrichello	Barrichello	PROPN	_	2	1.000	form_absent
Bashkim	Bashkim	PROPN	_	2	1.000	form_absent
Basilica	Basilica	NOUN	Gender=Fem|Number=Sing	2	1.000	form_absent
Bastano	bastare	VERB	Mood=Ind|Number=Plur|Person=3|Tense=Pres|VerbForm=Fin	2	1.000	form_absent
Batman	Batman	PROPN	_	2	1.000	form_absent
Battesimo	battesimo	NOUN	Gender=Masc|Number=Sing	2	1.000	form_absent
Bayrou	Bayrou	PROPN	_	2	1.000	form_absent
Ben-Hur	Ben-hur	PROPN	_	2	1.000	form_absent
Berry	Berry	PROPN	_	2	1.000	form_absent
Betsy	Betsy	PROPN	_	2	1.000	form_absent
Bi	Bi	PROPN	_	2	1.000	form_absent
Binz	Binz	PROPN	_	2	1.000	form_absent
Bisbetica	Bisbetica	PROPN	_	2	1.000	form_absent
Bisogna	bisognare	VERB	Mood=Ind|Number=Sing|Person=3|Tense=Pres|VerbForm=Fin	2	1.000	form_absent
Blanc	Blanc	PROPN	_	2	1.000	form_absent
Body	Body	PROPN	_	2	0.667	form_absent
Boldon	Boldon	PROPN	_	2	1.000	form_absent
Bombo	Bombo	X	Foreign=Yes	2	1.000	form_absent
Borbone	Borbone	PROPN	_	2	1.000	form_absent
Borsa	Borsa	PROPN	_	2	0.667	form_absent
Boulevard	Boulevard	PROPN	_	2	1.000	form_absent
Boulmerka	Boulmerka	PROPN	_	2	1.000	form_absent
Bowling	Bowling	NOUN	_	2	1.000	form_absent
Brabes	Brabes	PROPN	_	2	1.000	form_absent
Bradley	Bradley	PROPN	_	2	1.000	form_absent
Brambilla	Brambilla	PROPN	_	2	1.000	form_absent
Britney	Britney	PROPN	_	2	1.000	form_absent
Brolin	Brolin	PROPN	_	2	1.000	form_absent
Bros	Bros	PROPN	_	2	1.000	form_absent
Burundi	Burundi	PROPN	_	2	1.000	form_absent
Bussi	Bussi	PROPN	_	2	1.000	form_absent
Butt	Butt	PROPN	_	2	1.000	form_absent
Button	Button	PROPN	_	2	1.000	form_absent
CIA	CIA	PROPN	_	2	0.667	form_absent
CNN	Cnn	PROPN	_	2	1.000	form_absent
Caio	Caio	PROPN	_	2	1.000	form_absent
Cairoli	Cairoli	PROPN	_	2	1.000	form_absent
Calcio	calcio	NOUN	Gender=Masc|Number=Sing	2	0.500	form_absent
Calcutta	Calcutta	PROPN	_	2	1.000	form_absent
Calolziocorte	Calolziocorte	PROPN	_	2	1.000	form_absent
Campobello	Campobello	PROPN	_	2	1.000	form_absent
Cannery	Cannery	PROPN	_	2	1.000	form_absent
Capa	Capa	PROPN	_	2	1.000	form_absent
Capua	Capua	PROPN	_	2	1.000	form_absent
Caputo	Caputo	PROPN	_	2	1.000	form_absent
Carabinieri	Carabinieri	PROPN	_	2	0.667	form_absent
Caro	Caro	ADJ	Gender=Masc|Number=Sing	2	0.333	form_absent
Caro	caro	ADJ	Gender=Masc|Number=Sing	2	0.333	form_absent
Caroline	Caroline	PROPN	_	2	1.000	form_absent
Caruso	Caruso	PROPN	_	2	1.000	form_absent
Casati	Casati	PROPN	_	2	1.000	form_absent
Casi	caso	NOUN	Gender=Masc|Number=Plur	2	1.000	form_absent
Cassazione	cassazione	NOUN	Gender=Fem|Number=Sing	2	0.286	form_absent
Cassino	Cassino	PROPN	_	2	1.000	form_absent
Castellaneta	Castellaneta	PROPN	_	2	1.000	form_absent
Ce	ce	PRON	Clitic=Yes|PronType=Prs	2	0.400	form_absent
Cecchetti	Cecchetti	PROPN	_	2	1.000	form_absent
Cellulite	Cellulite	NOUN	Gender=Fem|Number=Sing	2	1.000	form_absent
Censimento	Censimento	NOUN	Gender=Masc|Number=Sing	2	1.000	form_absent
Cereda	Cereda	PROPN	_	2	1.000	form_absent
Cesar	Cesar	PROPN	_	2	1.000	form_absent
Cesaroni	Cesaroni	PROPN	_	2	1.000	form_absent
Character	character	NOUN	_	2	1.000	form_absent
Chester	Chester	PROPN	_	2	1.000	form_absent
Chiesa	Chiesa	NOUN	Gender=Fem|Number=Sing	2	0.182	form_absent
China	China	PROPN	_	2	1.000	form_absent
Chiunque	chiunque	PRON	Number=Sing|PronType=Rel	2	1.000	form_absent
Christo	Christo	PROPN	_	2	1.000	form_absent
Cimini	Cimini	PROPN	_	2	1.000	form_absent
Cimino	Cimino	PROPN	_	2	1.000	form_absent
Cinema	Cinema	NOUN	Gender=Masc|Number=Sing	2	0.250	form_absent
Cinema	Cinema	NOUN	Gender=Masc	2	0.250	form_absent
Cinema	Cinema	PROPN	_	2	0.250	form_absent
Cinque	Cinque	PROPN	_	2	0.333	form_absent
Claude	Claude	PROPN	_	2	1.000	form_absent
Clausola	clausola	NOUN	Gender=Fem|Number=Sing	2	1.000	form_absent
Clemente	Clemente	PROPN	_	2	1.000	form_absent
Clementina	Clementina	PROPN	_	2	1.000	form_absent
Clinica	clinica	NOUN	Gender=Fem|Number=Sing	2	1.000	form_absent
Cm	cm	NOUN	_	2	1.000	form_absent
Cod	Cod	PROPN	_	2	1.000	form_absent
Coetze	Coetze	PROPN	_	2	1.000	form_absent
Coleridge	Coleridge	PROPN	_	2	1.000	form_absent
Collezione	collezione	NOUN	Gender=Fem|Number=Sing	2	0.400	form_absent
Collodi	Collodi	PROPN	_	2	1.000	form_absent
Colonne	colonna	NOUN	Gender=Fem|Number=Plur	2	1.000	form_absent
Colpiscono	colpire	VERB	Mood=Ind|Number=Plur|Person=3|Tense=Pres|VerbForm=Fin	2	1.000	form_absent
Colpo	colpo	NOUN	Gender=Masc|Number=Sing	2	1.000	form_absent
Colui	colui	PRON	Gender=Masc|Number=Sing|PronType=Dem	2	1.000	form_absent
Comando	comando	NOUN	Gender=Masc|Number=Sing	2	0.667	form_absent
Composition	Composition	PROPN	_	2	1.000	form_absent
Comune	Comune	NOUN	Gender=Masc|Number=Sing	2	0.143	form_absent
Comuni	Comuni	NOUN	Gender=Masc|Number=Plur	2	0.100	form_absent
Comuni	Comuni	PROPN	_	2	0.100	form_absent
Comunità	comunità	NOUN	Gender=Fem|Number=Sing	2	0.133	form_absent
Comunque	comunque	ADV	_	2	0.500	form_absent
Comunque	comunque	SCONJ	_	2	0.500	form_absent
Com’	come	ADV	_	2	1.000	form_absent
Conchiglia	Conchiglia	PROPN	_	2	1.000	form_absent
Concludendo	concludere	VERB	VerbForm=Ger	2	1.000	form_absent
Confraternita	confraternita	NOUN	Gender=Fem|Number=Sing	2	0.667	form_absent
Congresso	Congresso	PROPN	_	2	0.400	form_absent
Conrad	Conrad	PROPN	_	2	1.000	form_absent
Consorzio	Consorzio	PROPN	_	2	1.000	form_absent
Contea	Contea	PROPN	_	2	1.000	form_absent
Continua	continuare	VERB	Mood=Ind|Number=Sing|Person=3|Tense=Pres|VerbForm=Fin	2	1.000	form_absent
Contreras	Contreras	PROPN	_	2	1.000	form_absent
Controlliamo	controllare	VERB	Mood=Ind|Number=Plur|Person=1|Tense=Pres|VerbForm=Fin	2	1.000	form_absent
Convenzione	convenzione	NOUN	Gender=Fem|Number=Sing	2	1.000	form_absent
Coordinamento	coordinamento	NOUN	Gender=Masc|Number=Sing	2	1.000	form_absent
Copland	Copland	PROPN	_	2	1.000	form_absent
Coppa	coppa	NOUN	Gender=Fem|Number=Sing	2	0.182	form_absent
Costantinopoli	Costantinopoli	PROPN	_	2	1.000	form_absent
Costo	costo	NOUN	Gender=Masc|Number=Sing	2	1.000	form_absent
Costruzioni	costruzione	NOUN	Gender=Fem|Number=Plur	2	1.000	form_absent
Cousin	Cousin	PROPN	_	2	1.000	form_absent
Cova	Cova	PROPN	_	2	1.000	form_absent
Cox	Cox	PROPN	_	2	1.000	form_absent
Crema	Crema	PROPN	_	2	0.400	form_absent
Cressida	Cressida	PROPN	_	2	1.000	form_absent
Cultura	Cultura	PROPN	_	2	0.500	form_absent
Cultura	cultura	NOUN	Gender=Fem|Number=Sing	2	0.500	form_absent
Cunhal	Cunhal	PROPN	_	2	1.000	form_absent
Curia	Curia	PROPN	_	2	1.000	form_absent
DVD	dvd	NOUN	Gender=Masc	2	1.000	form_absent
Dai	dare	VERB	Mood=Imp|Number=Sing|Person=2|Tense=Pres|VerbForm=Fin	2	1.000	form_absent
Dar	Dar	PROPN	_	2	1.000	form_absent
Data	dare	VERB	Gender=Fem|Number=Sing|Tense=Past|VerbForm=Part	2	0.500	form_absent
Davanti	davanti	ADV	ExtPos=ADP	2	1.000	form_absent
Daverio	Daverio	PROPN	_	2	1.000	form_absent
Dayton	Dayton	PROPN	_	2	1.000	form_absent
Debbie	Debbie	PROPN	_	2	1.000	form_absent
Decisione	decisione	NOUN	Gender=Fem|Number=Sing	2	1.000	form_absent
Del	Del	PROPN	_	2	1.000	form_absent
Delmastro	Delmastro	PROPN	_	2	1.000	form_absent
Derivata	Derivata	PROPN	_	2	1.000	form_absent
Desidero	desiderare	VERB	Mood=Ind|Number=Sing|Person=1|Tense=Pres|VerbForm=Fin	2	1.000	form_absent
Dette	detto	ADJ	Gender=Fem|Number=Plur	2	1.000	form_absent
Deum	Deum	PROPN	_	2	1.000	form_absent
Devi	dovere	AUX	Mood=Ind|Number=Sing|Person=2|Tense=Pres|VerbForm=Fin	2	1.000	form_absent
Diagnosi	Diagnosi	PROPN	_	2	1.000	form_absent
Diavolo	Diavolo	PROPN	_	2	1.000	form_absent
Dico	dire	VERB	Mood=Ind|Number=Sing|Person=1|Tense=Pres|VerbForm=Fin	2	1.000	form_absent
Dipartimento	dipartimento	NOUN	Gender=Masc|Number=Sing	2	1.000	form_absent
Dipende	dipendere	VERB	Mood=Ind|Number=Sing|Person=3|Tense=Pres|VerbForm=Fin	2	1.000	form_absent
Diritto	diritto	NOUN	Gender=Masc|Number=Sing	2	1.000	form_absent
Discussa	discutere	VERB	Gender=Fem|Number=Sing|Tense=Past|VerbForm=Part	2	1.000	form_absent
Diversi	diverso	DET	Gender=Masc|Number=Plur|PronType=Ind	2	1.000	form_absent
Dobbiamo	dovere	AUX	Mood=Ind|Number=Plur|Person=1|Tense=Pres|VerbForm=Fin	2	1.000	form_absent
Doctor	Doctor	PROPN	_	2	1.000	form_absent
Documentazione	documentazione	NOUN	Gender=Fem|Number=Sing	2	1.000	form_absent
Documento	documento	NOUN	Gender=Masc|Number=Sing	2	1.000	form_absent
Dog	Dog	PROPN	_	2	1.000	form_absent
Domenica	domenica	NOUN	Gender=Fem|Number=Sing	2	1.000	form_absent
Dominicana	Dominicana	PROPN	_	2	1.000	form_absent
Done	done	X	Foreign=Yes	2	1.000	form_absent
Dopotutto	dopotutto	ADV	_	2	1.000	form_absent
Dovrebbero	dovere	AUX	Mood=Cnd|Number=Plur|Person=3|Tense=Pres|VerbForm=Fin	2	1.000	form_absent
Dowden	Dowden	PROPN	_	2	1.000	form_absent
Draco	Draco	PROPN	_	2	1.000	form_absent
Droeshout	Droeshout	PROPN	_	2	1.000	form_absent
Dryden	Dryden	PROPN	_	2	1.000	form_absent
Duecentomila	duecentomila	NUM	NumType=Card	2	1.000	form_absent
Duke	Duke	PROPN	_	2	1.000	form_absent
Dunque	dunque	ADV	_	2	1.000	form_absent
EA	EA	PROPN	_	2	1.000	form_absent
ECM	ECM	PROPN	_	2	1.000	form_absent
ESRO	ESRO	PROPN	_	2	1.000	form_absent
Ebbene	ebbene	ADV	_	2	0.500	form_absent
Economics	Economics	PROPN	_	2	1.000	form_absent
Edgar	Edgar	PROPN	_	2	1.000	form_absent
Edizioni	Edizioni	PROPN	_	2	1.000	form_absent
Edwin	Edwin	PROPN	_	2	1.000	form_absent
Eiffel	Eiffel	PROPN	_	2	1.000	form_absent
Elancyl	Elancyl	PROPN	_	2	1.000	form_absent
Elba	Elba	PROPN	_	2	1.000	form_absent
Electronic	electronic	X	Foreign=Yes	2	0.667	form_absent
Elisabeth	Elisabeth	PROPN	_	2	1.000	form_absent
Elli	Elli	PROPN	_	2	1.000	form_absent
Elvira	Elvira	PROPN	_	2	1.000	form_absent
Emergono	emergere	VERB	Mood=Ind|Number=Plur|Person=3|Tense=Pres|VerbForm=Fin	2	1.000	form_absent
England	England	PROPN	_	2	1.000	form_absent
Enola	Enola	PROPN	_	2	1.000	form_absent
Enzensberger	Enzensberger	PROPN	_	2	1.000	form_absent
Eritrea	Eritrea	PROPN	_	2	1.000	form_absent
Errera	Errera	PROPN	_	2	1.000	form_absent
Es	Es	PROPN	_	2	1.000	form_absent
Esercito	Esercito	PROPN	_	2	0.333	form_absent
Esercizio	esercizio	NOUN	Gender=Masc|Number=Sing	2	1.000	form_absent
Esiste	esistere	VERB	Mood=Ind|Number=Sing|Person=3|Tense=Pres|VerbForm=Fin	2	1.000	form_absent
Espansione	Espansione	PROPN	_	2	1.000	form_absent
Esperienze	esperienza	NOUN	Gender=Fem|Number=Plur	2	1.000	form_absent
Esquilino	Esquilino	PROPN	_	2	1.000	form_absent
Eugénie	Eugénie	PROPN	_	2	1.000	form_absent
Euroclub	Euroclub	PROPN	_	2	1.000	form_absent
Eurotunnel	Eurotunnel	PROPN	_	2	1.000	form_absent
Euskirchen	Euskirchen	PROPN	_	2	1.000	form_absent
Event	Event	PROPN	_	2	1.000	form_absent
Everest	Everest	PROPN	_	2	1.000	form_absent
Everglades	Everglades	PROPN	_	2	1.000	form_absent
Extra	extra	NOUN	_	2	1.000	form_absent
Eyes	Eyes	X	Foreign=Yes	2	1.000	form_absent
E’	essere	AUX	Mood=Ind|Number=Sing|Person=3|Tense=Pres|VerbForm=Fin	2	1.000	form_absent
FIA	FIA	PROPN	_	2	1.000	form_absent
FIAT	FIAT	PROPN	_	2	0.667	form_absent
Facciamo	fare	VERB	Mood=Ind|Number=Plur|Person=1|Tense=Pres|VerbForm=Fin	2	1.000	form_absent
Facile	facile	ADJ	Number=Sing	2	1.000	form_absent
Fahrenheit	Fahrenheit	PROPN	_	2	1.000	form_absent
Falstaff	Falstaff	PROPN	_	2	1.000	form_absent
Fama	Fama	PROPN	_	2	1.000	form_absent
Fatebenefratelli	Fatebenefratelli	PROPN	_	2	1.000	form_absent
Federazione	Federazione	PROPN	_	2	0.400	form_absent
Ferdinand	Ferdinand	PROPN	_	2	1.000	form_absent
Ferme	fermo	ADJ	Gender=Fem|Number=Plur	2	1.000	form_absent
Ferrovie	ferrovia	NOUN	Gender=Fem|Number=Plur	2	0.667	form_absent
Fiatimpresit	Fiatimpresit	PROPN	_	2	1.000	form_absent
Fiera	Fiera	PROPN	_	2	0.333	form_absent
Filmstudio	Filmstudio	PROPN	_	2	1.000	form_absent
Finanze	finanza	NOUN	Gender=Fem|Number=Plur	2	1.000	form_absent
Finora	finora	ADV	_	2	1.000	form_absent
Flames	Flames	PROPN	_	2	1.000	form_absent
Flautre	Flautre	PROPN	_	2	1.000	form_absent
Flight	flight	NOUN	_	2	1.000	form_absent
Focalizza	focalizzare	VERB	Mood=Imp|Number=Sing|Person=2|Tense=Pres|VerbForm=Fin	2	1.000	form_absent
Fogli	Fogli	PROPN	_	2	1.000	form_absent
Fondi	fondo	NOUN	Gender=Masc|Number=Plur	2	0.667	form_absent
Fontenay	Fontenay	PROPN	_	2	1.000	form_absent
Fort	Fort	PROPN	_	2	1.000	form_absent
Forte	forte	ADJ	Number=Sing	2	1.000	form_absent
Forze	Forze	PROPN	_	2	0.333	form_absent
Foundation	Foundation	PROPN	_	2	1.000	form_absent
Franceschi	Franceschi	PROPN	_	2	1.000	form_absent
Fridén	Fridén	PROPN	_	2	1.000	form_absent
Fujimori	Fujimori	PROPN	_	2	1.000	form_absent
Furono	essere	AUX	Mood=Ind|Number=Plur|Person=3|Tense=Past|VerbForm=Fin	2	1.000	form_absent
Fusco	Fusco	PROPN	_	2	1.000	form_absent
Fyodor	Fyodor	PROPN	_	2	1.000	form_absent
G5	G5	PROPN	_	2	1.000	form_absent
GATT	Gatt	PROPN	_	2	0.667	form_absent
GIA	Gia	PROPN	_	2	1.000	form_absent
Gallery	Gallery	PROPN	_	2	0.667	form_absent
Garzelli	Garzelli	PROPN	_	2	1.000	form_absent
Gateway	Gateway	PROPN	_	2	1.000	form_absent
Gay	Gay	PROPN	_	2	1.000	form_absent
Gazidede	Gazidede	PROPN	_	2	1.000	form_absent
Generale	Generale	PROPN	_	2	0.250	form_absent
Generale	generale	NOUN	Number=Sing	2	0.250	form_absent
Germain	Germain	PROPN	_	2	1.000	form_absent
Ghana	Ghana	PROPN	_	2	1.000	form_absent
Giacconi	Giacconi	PROPN	_	2	1.000	form_absent
Giamaica	Giamaica	PROPN	_	2	1.000	form_absent
Gibernau	Gibernau	PROPN	_	2	1.000	form_absent
Gil	Gil	PROPN	_	2	1.000	form_absent
Giochi	gioco	NOUN	Gender=Masc|Number=Plur	2	0.500	form_absent
Giorgetti	Giorgetti	PROPN	_	2	1.000	form_absent
Giorgione	Giorgione	PROPN	_	2	1.000	form_absent
Giove	Giove	PROPN	_	2	1.000	form_absent
Giunta	Giunta	PROPN	_	2	0.133	form_absent
Gothenburg	Gothenburg	PROPN	_	2	1.000	form_absent
Graafschap	Graafschap	PROPN	_	2	1.000	form_absent
Gramigna	Gramigna	PROPN	_	2	1.000	form_absent
Gran	grande	ADJ	Gender=Masc|Number=Sing	2	0.182	form_absent
Grandet	Grandet	PROPN	_	2	1.000	form_absent
Greccio	Greccio	PROPN	_	2	1.000	form_absent
Greenwood	Greenwood	PROPN	_	2	1.000	form_absent
Grumello	Grumello	PROPN	_	2	1.000	form_absent
Guardia	guardia	NOUN	Gender=Fem|Number=Sing	2	0.667	form_absent
Guy	Guy	PROPN	_	2	1.000	form_absent
Habemus	Habemus	PROPN	_	2	0.500	form_absent
Habemus	Habemus	X	_	2	0.500	form_absent
Hackman	Hackman	PROPN	_	2	1.000	form_absent
Hai	avere	VERB	Mood=Ind|Number=Sing|Person=2|Tense=Pres|VerbForm=Fin	2	0.667	form_absent
Hamad	Hamad	PROPN	_	2	1.000	form_absent
Hamer	Hamer	PROPN	_	2	1.000	form_absent
Hanno	avere	VERB	Mood=Ind|Number=Plur|Person=3|Tense=Pres|VerbForm=Fin	2	0.125	form_absent
Hanski	Hanski	PROPN	_	2	1.000	form_absent
Happy	Happy	PROPN	_	2	1.000	form_absent
Harbor	Harbor	PROPN	_	2	1.000	form_absent
Hassiba	Hassiba	PROPN	_	2	1.000	form_absent
Heike	Heike	PROPN	_	2	1.000	form_absent
Heisenberg	Heisenberg	PROPN	_	2	1.000	form_absent
Hendrix	Hendrix	PROPN	_	2	1.000	form_absent
Henin	Henin	PROPN	_	2	1.000	form_absent
Henriksson	Henriksson	PROPN	_	2	1.000	form_absent
Holinshed	Holinshed	PROPN	_	2	1.000	form_absent
Honeywell	Honeywell	PROPN	_	2	1.000	form_absent
Hood	Hood	PROPN	_	2	1.000	form_absent
Hortensia	Hortensia	PROPN	_	2	1.000	form_absent
Hospital	Hospital	PROPN	_	2	1.000	form_absent
IRA	Ira	PROPN	_	2	1.000	form_absent
ISO	ISO	PROPN	_	2	1.000	form_absent
Ideatore	ideatore	NOUN	Gender=Masc|Number=Sing	2	1.000	form_absent
Identifier	Identifier	PROPN	_	2	1.000	form_absent
Idrata	idratare	VERB	Mood=Imp|Number=Sing|Person=2|Tense=Pres|VerbForm=Fin	2	1.000	form_absent
Igman	Igman	PROPN	_	2	1.000	form_absent
Impero	impero	NOUN	Gender=Masc|Number=Sing	2	0.667	form_absent
Indennità	indennità	NOUN	Gender=Fem	2	1.000	form_absent
Indice	indire	VERB	Mood=Ind|Number=Sing|Person=3|Tense=Pres|VerbForm=Fin	2	1.000	form_absent
Infanzia	Infanzia	PROPN	_	2	1.000	form_absent
Innanzitutto	innanzitutto	ADV	_	2	1.000	form_absent
Inquinanti	inquinante	NOUN	Gender=Masc|Number=Plur	2	1.000	form_absent
Insieme	insieme	ADV	ExtPos=ADP	2	0.400	form_absent
Internazionale	Internazionale	ADJ	Number=Sing	2	0.105	form_absent
Interpol	Interpol	PROPN	_	2	1.000	form_absent
Intifada	Intifada	PROPN	_	2	1.000	form_absent
Inutile	inutile	ADJ	Number=Sing	2	1.000	form_absent
Irma	Irma	PROPN	_	2	1.000	form_absent
Iron	Iron	PROPN	_	2	1.000	form_absent
Islamico	Islamico	PROPN	_	2	1.000	form_absent
Isola	Isola	PROPN	_	2	0.500	form_absent
Isola	isola	NOUN	Gender=Fem|Number=Sing	2	0.500	form_absent
Isole	Isole	NOUN	Gender=Fem|Number=Plur	2	0.400	form_absent
Isole	Isole	PROPN	_	2	0.400	form_absent
Istituto	Istituto	PROPN	_	2	0.400	form_absent
Istituto	istituto	NOUN	Gender=Masc|Number=Sing	2	0.400	form_absent
Istria	Istria	PROPN	_	2	1.000	form_absent
Italiana	italiana	ADJ	Gender=Fem|Number=Sing	2	0.222	form_absent
Izetbegovic	Izetbegovic	PROPN	_	2	1.000	form_absent
Jackie	Jackie	PROPN	_	2	1.000	form_absent
Japan	Japan	PROPN	_	2	1.000	form_absent
Jesus	Jesus	PROPN	_	2	1.000	form_absent
Jimi	Jimi	PROPN	_	2	1.000	form_absent
Johannes	Johannes	PROPN	_	2	1.000	form_absent
Johansson	Johansson	PROPN	_	2	1.000	form_absent
Joker	Joker	PROPN	_	2	1.000	form_absent
Joyner	Joyner	PROPN	_	2	1.000	form_absent
Justine	Justine	PROPN	_	2	1.000	form_absent
KINSHASA	Kinshasa	PROPN	_	2	1.000	form_absent
Karaburun	Karaburun	PROPN	_	2	1.000	form_absent
Kempe	Kempe	PROPN	_	2	1.000	form_absent
Keramik	Keramik	PROPN	_	2	1.000	form_absent
Keravem	Keravem	PROPN	_	2	1.000	form_absent
Kersee	Kersee	PROPN	_	2	1.000	form_absent
Kg	chilogrammo	NOUN	Gender=Masc	2	1.000	form_absent
Kharroubi	Kharroubi	PROPN	_	2	1.000	form_absent
Kiesbauer	Kiesbauer	PROPN	_	2	1.000	form_absent
Kikuru	Kikuru	PROPN	_	2	1.000	form_absent
Kimi	Kimi	PROPN	_	2	1.000	form_absent
Kruscev	Kruscev	PROPN	_	2	1.000	form_absent
Kurland	Kurland	PROPN	_	2	1.000	form_absent
Kutuzov	Kutuzov	PROPN	_	2	1.000	form_absent
Lacour	Lacour	PROPN	_	2	1.000	form_absent
Laggiù	laggiù	ADV	_	2	1.000	form_absent
Laghi	Laghi	PROPN	_	2	0.400	form_absent
Lagostena	Lagostena	PROPN	_	2	1.000	form_absent
Lancashire	Lancashire	PROPN	_	2	1.000	form_absent
Landini	Landini	PROPN	_	2	1.000	form_absent
Langley	Langley	PROPN	_	2	1.000	form_absent
Lapponia	Lapponia	PROPN	_	2	1.000	form_absent
Lasciamo	Lasciamo	VERB	Mood=Ind|Number=Plur|Person=1|Tense=Pres|VerbForm=Fin	2	0.667	form_absent
Lavoravano	lavorare	VERB	Mood=Ind|Number=Plur|Person=3|Tense=Imp|VerbForm=Fin	2	1.000	form_absent
Leasing	Leasing	PROPN	_	2	1.000	form_absent
Led	Led	PROPN	_	2	1.000	form_absent
Legge	Legge	PROPN	_	2	0.500	form_absent
Legge	legge	NOUN	Gender=Fem|Number=Sing	2	0.500	form_absent
Lehan	Lehan	PROPN	_	2	1.000	form_absent
Leica	Leica	PROPN	_	2	1.000	form_absent
Lepoitevin	Lepoitevin	PROPN	_	2	1.000	form_absent
Lesmo	Lesmo	PROPN	_	2	1.000	form_absent
Libertà	Libertà	PROPN	_	2	0.286	form_absent
Libertà	libertà	NOUN	Gender=Fem	2	0.286	form_absent
Libro	libro	NOUN	Gender=Masc|Number=Sing	2	0.286	form_absent
Licenza	Licenza	PROPN	_	2	1.000	form_absent
Locarno	Locarno	PROPN	_	2	1.000	form_absent
Locazioni	locazione	NOUN	Gender=Fem|Number=Plur	2	1.000	form_absent
Lola	Lola	PROPN	_	2	1.000	form_absent
Lorenzini	Lorenzini	PROPN	_	2	1.000	form_absent
Lothar	Lothar	PROPN	_	2	1.000	form_absent
Lubitsch	Lubitsch	PROPN	_	2	1.000	form_absent
Lucrezia	Lucrezia	PROPN	_	2	1.000	form_absent
Lucy	Lucy	PROPN	_	2	1.000	form_absent
Lupa	Lupa	PROPN	_	2	1.000	form_absent
Lushnja	Lushnja	PROPN	_	2	1.000	form_absent
Luther	Luther	PROPN	_	2	1.000	form_absent
Lì	lì	ADV	_	2	1.000	form_absent
M5S	M5S	PROPN	_	2	1.000	form_absent
MCC	Mcc	PROPN	_	2	1.000	form_absent
MILIONI	milione	NOUN	Gender=Masc|Number=Plur	2	1.000	form_absent
MTV	Mtv	PROPN	_	2	1.000	form_absent
Macciocchi	Macciocchi	PROPN	_	2	1.000	form_absent
Magari	magari	ADV	_	2	1.000	form_absent
Maggie	Maggie	PROPN	_	2	1.000	form_absent
Maggiori	maggiore	ADJ	Degree=Cmp|Number=Plur	2	1.000	form_absent
Magic	Magic	PROPN	_	2	1.000	form_absent
Maiden	Maiden	PROPN	_	2	1.000	form_absent
Maio	Maio	PROPN	_	2	1.000	form_absent
Malatesta	Malatesta	PROPN	_	2	1.000	form_absent
Malcolm	Malcolm	PROPN	_	2	1.000	form_absent
Malgrado	malgrado	ADP	_	2	1.000	form_absent
Malone	Malone	PROPN	_	2	1.000	form_absent
Mancando	mancare	VERB	VerbForm=Ger	2	1.000	form_absent
Marcianise	Marcianise	PROPN	_	2	1.000	form_absent
Marie-Jo	Marie-jo	PROPN	_	2	1.000	form_absent
Marinella	Marinella	PROPN	_	2	1.000	form_absent
Marmi	Marmi	PROPN	_	2	1.000	form_absent
Marsh	Marsh	PROPN	_	2	1.000	form_absent
Marty	Marty	PROPN	_	2	1.000	form_absent
Maruccio	Maruccio	PROPN	_	2	1.000	form_absent
Marvin	Marvin	PROPN	_	2	1.000	form_absent
Maryland	Maryland	PROPN	_	2	1.000	form_absent
Materazzi	Materazzi	PROPN	_	2	1.000	form_absent
Mazara	Mazara	PROPN	_	2	1.000	form_absent
Mba	Mba	PROPN	_	2	1.000	form_absent
Medvedev	Medvedev	PROPN	_	2	1.000	form_absent
Mehemet	Mehemet	PROPN	_	2	1.000	form_absent
Melozzo	Melozzo	PROPN	_	2	1.000	form_absent
Menchu	Menchu	PROPN	_	2	1.000	form_absent
Mercurio	Mercurio	PROPN	_	2	1.000	form_absent
Meres	Meres	PROPN	_	2	1.000	form_absent
Meribel	Meribel	PROPN	_	2	1.000	form_absent
Merkel	Merkel	PROPN	_	2	1.000	form_absent
Mesa	Mesa	PROPN	_	2	1.000	form_absent
Mica	mica	ADV	PronType=Neg	2	1.000	form_absent
Migliaia	migliaio	NOUN	Gender=Fem|Number=Plur	2	1.000	form_absent
Migroil	Migroil	PROPN	_	2	1.000	form_absent
Mikael	Mikael	PROPN	_	2	1.000	form_absent
Milwaukee	Milwaukee	PROPN	_	2	1.000	form_absent
Mimminu	Mimminu	PROPN	_	2	1.000	form_absent
Mind	mind	NOUN	Number=Sing	2	1.000	form_absent
Minh	Minh	PROPN	_	2	1.000	form_absent
Minzolini	Minzolini	PROPN	_	2	1.000	form_absent
Mirko	Mirko	PROPN	_	2	1.000	form_absent
Misura	misura	NOUN	Gender=Fem|Number=Sing	2	0.667	form_absent
Moltissimi	Moltissimi	DET	Gender=Masc|Number=Plur|PronType=Ind	2	1.000	form_absent
Mondiali	Mondiali	NOUN	Number=Plur	2	0.125	form_absent
Mondiali	mondiale	NOUN	Number=Plur	2	0.125	form_absent
Monetario	Monetario	PROPN	_	2	0.500	form_absent
Monetario	monetario	ADJ	Gender=Masc|Number=Sing	2	0.500	form_absent
Monitoring	monitoring	NOUN	Number=Sing	2	1.000	form_absent
Morte	Morte	PROPN	_	2	0.500	form_absent
Morto	morire	VERB	Gender=Masc|Number=Sing|Tense=Past|VerbForm=Part	2	1.000	form_absent
Mostro	Mostro	PROPN	_	2	1.000	form_absent
MotoGP	MotoGP	PROPN	_	2	1.000	form_absent
Mountjoy	Mountjoy	PROPN	_	2	1.000	form_absent
Movements	Movements	X	Foreign=Yes	2	1.000	form_absent
Mulieris	Mulieris	X	Foreign=Yes	2	1.000	form_absent
Murayama	Murayama	PROPN	_	2	1.000	form_absent
Mururoa	Mururoa	PROPN	_	2	1.000	form_absent
Musa	Musa	PROPN	_	2	1.000	form_absent
Musashino	Musashino	PROPN	_	2	1.000	form_absent
Museeuw	Museeuw	PROPN	_	2	1.000	form_absent
N	N	PROPN	_	2	0.667	form_absent
NA	Na	PROPN	_	2	1.000	form_absent
NAFTA	Nafta	PROPN	_	2	1.000	form_absent
NFL	Nfl	PROPN	_	2	1.000	form_absent
Nations	Nations	PROPN	_	2	1.000	form_absent
Navigatori	navigatore	NOUN	Gender=Masc|Number=Plur	2	1.000	form_absent
Nemmeno	nemmeno	ADV	PronType=Neg	2	1.000	form_absent
Nessun	nessun	DET	Gender=Masc|Number=Sing|PronType=Ind	2	0.154	form_absent
Nessuno	Nessuno	PROPN	_	2	0.105	form_absent
Nettuno	Nettuno	PROPN	_	2	1.000	form_absent
Newman	Newman	PROPN	_	2	1.000	form_absent
Niagara	Niagara	PROPN	_	2	1.000	form_absent
Niccolò	Niccolò	PROPN	_	2	1.000	form_absent
Nicholson	Nicholson	PROPN	_	2	1.000	form_absent
Nicklasson	Nicklasson	PROPN	_	2	1.000	form_absent
Nicolas	Nicolas	PROPN	_	2	1.000	form_absent
Niels	Niels	PROPN	_	2	1.000	form_absent
Niente	niente	PRON	Gender=Masc|Number=Sing|PronType=Ind	2	0.500	form_absent
Nikitin	Nikitin	PROPN	_	2	1.000	form_absent
Nikki	Nikki	PROPN	_	2	1.000	form_absent
Nilo	Nilo	PROPN	_	2	1.000	form_absent
Nokia	Nokia	PROPN	_	2	1.000	form_absent
Nonostante	nonostante	SCONJ	_	2	0.200	form_absent
Notizie	Notizie	NOUN	Gender=Fem|Number=Plur	2	0.333	form_absent
Novecento	novecento	NUM	NumType=Card	2	0.400	form_absent
Novecento	novecento	NOUN	Gender=Masc|Number=Sing	2	0.400	form_absent
Nube	nube	NOUN	Gender=Fem|Number=Sing	2	1.000	form_absent
Nulla	nulla	PRON	Number=Sing|PronType=Ind	2	0.667	form_absent
Numerose	numeroso	ADJ	Gender=Fem|Number=Plur	2	1.000	form_absent
Nuovo	Nuovo	ADJ	Gender=Masc|Number=Sing	2	0.333	form_absent
Nuovo	Nuovo	PROPN	_	2	0.333	form_absent
Nuovo	nuovo	ADJ	Gender=Masc|Number=Sing	2	0.333	form_absent
Nuvolari	Nuvolari	PROPN	_	2	1.000	form_absent
Né	né	CCONJ	_	2	1.000	form_absent
O'	O'	PROPN	_	2	1.000	form_absent
O'Toole	O'toole	PROPN	_	2	1.000	form_absent
Oakland	Oakland	PROPN	_	2	1.000	form_absent
Obbligo	obbligo	NOUN	Gender=Masc|Number=Sing	2	1.000	form_absent
Occhini	Occhini	PROPN	_	2	1.000	form_absent
Oklahoma	Oklahoma	PROPN	_	2	1.000	form_absent
Ole	Ole	PROPN	_	2	1.000	form_absent
Onorevole	onorevole	ADJ	Number=Sing	2	0.333	form_absent
Opaline	Opaline	PROPN	_	2	1.000	form_absent
Oppure	oppure	ADV	_	2	0.133	form_absent
Ordinamento	ordinamento	NOUN	Gender=Masc|Number=Sing	2	1.000	form_absent
Orejuela	Orejuela	PROPN	_	2	1.000	form_absent
Originario	Originario	PROPN	_	2	1.000	form_absent
Ottima	ottimo	ADJ	Gender=Fem|Number=Sing	2	1.000	form_absent
Ovidio	Ovidio	PROPN	_	2	1.000	form_absent
PC	Pc	PROPN	_	2	0.500	form_absent
PMI	PMI	PROPN	_	2	1.000	form_absent
PREMIO	premio	NOUN	Gender=Masc|Number=Sing	2	1.000	form_absent
Pablo	Pablo	PROPN	_	2	1.000	form_absent
Padre	Padre	PROPN	_	2	1.000	form_absent
Page	Page	PROPN	_	2	1.000	form_absent
Pagina	Pagina	PROPN	_	2	1.000	form_absent
Palestinese	Palestinese	PROPN	_	2	1.000	form_absent
Pandolfo	Pandolfo	PROPN	_	2	1.000	form_absent
Parco	parco	NOUN	Gender=Masc|Number=Sing	2	0.667	form_absent
Parimenti	parimenti	ADV	_	2	1.000	form_absent
Parlante	Parlante	PROPN	_	2	1.000	form_absent
Parlar	Parlar	PROPN	_	2	0.500	form_absent
Parlar	parlare	VERB	VerbForm=Inf	2	0.500	form_absent
Parliamo	parlare	VERB	Mood=Ind|Number=Plur|Person=1|Tense=Pres|VerbForm=Fin	2	1.000	form_absent
Particolarmente	particolarmente	ADV	_	2	1.000	form_absent
Passaggio	Passaggio	PROPN	_	2	0.333	form_absent
Passez	Passez	PROPN	_	2	1.000	form_absent
Pastena	Pastena	PROPN	_	2	1.000	form_absent
Paterno	Paterno	PROPN	_	2	1.000	form_absent
Patria	patria	NOUN	Gender=Fem|Number=Sing	2	0.667	form_absent
Patti	patto	NOUN	Gender=Masc|Number=Plur	2	0.667	form_absent
Paura	paura	NOUN	Gender=Fem|Number=Sing	2	0.667	form_absent
Pd	Pd	PROPN	_	2	1.000	form_absent
Penn	Penn	PROPN	_	2	1.000	form_absent
Peppa	Peppa	PROPN	_	2	1.000	form_absent
Perfino	perfino	ADV	_	2	1.000	form_absent
Persino	persino	ADV	_	2	1.000	form_absent
Peschiera	Peschiera	PROPN	_	2	1.000	form_absent
Phoenix	Phoenix	PROPN	_	2	1.000	form_absent
Piastrelle	piastrella	NOUN	Gender=Fem|Number=Plur	2	1.000	form_absent
Piattaforma	piattaforma	NOUN	Gender=Fem|Number=Sing	2	0.667	form_absent
Pil	Pil	PROPN	_	2	0.667	form_absent
Piramide	Piramide	PROPN	_	2	1.000	form_absent
Pisano	Pisano	PROPN	_	2	1.000	form_absent
Piscitelli	Piscitelli	PROPN	_	2	1.000	form_absent
Place	Place	PROPN	_	2	1.000	form_absent
Plutarco	Plutarco	PROPN	_	2	1.000	form_absent
Poche	poco	DET	Gender=Fem|Number=Plur|PronType=Ind	2	1.000	form_absent
Poe	Poe	PROPN	_	2	1.000	form_absent
Popular	Popular	PROPN	_	2	1.000	form_absent
Possesso	possesso	NOUN	Gender=Masc|Number=Sing	2	1.000	form_absent
Posso	potere	AUX	Mood=Ind|Number=Sing|Person=1|Tense=Pres|VerbForm=Fin	2	1.000	form_absent
Potrebbero	potere	AUX	Mood=Cnd|Number=Plur|Person=3|Tense=Pres|VerbForm=Fin	2	1.000	form_absent
Potter	Potter	PROPN	_	2	1.000	form_absent
Premio	Premio	NOUN	Gender=Masc|Number=Sing	2	0.143	form_absent
Presunzione	presunzione	NOUN	Gender=Fem|Number=Sing	2	1.000	form_absent
Primo	Primo	ADJ	Gender=Masc|NumType=Ord|Number=Sing	2	0.182	form_absent
Princeton	Princeton	PROPN	_	2	1.000	form_absent
Pritchett	Pritchett	PROPN	_	2	1.000	form_absent
Procura	procura	NOUN	Gender=Fem|Number=Sing	2	0.167	form_absent
Proposta	proposta	NOUN	Gender=Fem|Number=Sing	2	1.000	form_absent
Protezione	Protezione	NOUN	Gender=Fem|Number=Sing	2	0.500	form_absent
Prototaxites	Prototaxites	PROPN	_	2	1.000	form_absent
Provincie	provincia	NOUN	Gender=Fem|Number=Plur	2	1.000	form_absent
Public	Public	PROPN	_	2	1.000	form_absent
Puoi	potere	AUX	Mood=Ind|Number=Sing|Person=2|Tense=Pres|VerbForm=Fin	2	1.000	form_absent
Purché	purché	SCONJ	_	2	1.000	form_absent
Quegli	quello	DET	Gender=Masc|Number=Plur|PronType=Dem	2	0.667	form_absent
Quelle	quello	PRON	Gender=Fem|Number=Plur|PronType=Dem	2	0.667	form_absent
Quelli	quello	PRON	Gender=Masc|Number=Plur|PronType=Dem	2	1.000	form_absent
Quiney	Quiney	PROPN	_	2	1.000	form_absent
Raccolta	raccolta	NOUN	Gender=Fem|Number=Sing	2	1.000	form_absent
Rack	Rack	PROPN	_	2	1.000	form_absent
Radiofreccia	Radiofreccia	PROPN	_	2	1.000	form_absent
Raidue	Raidue	PROPN	_	2	1.000	form_absent
Raphaël	Raphaël	PROPN	_	2	1.000	form_absent
Rapid	Rapid	X	Foreign=Yes	2	1.000	form_absent
Rapita	rapire	VERB	Gender=Fem|Number=Sing|Tense=Past|VerbForm=Part	2	1.000	form_absent
Recentemente	recentemente	ADV	_	2	1.000	form_absent
Record	record	NOUN	Gender=Masc	2	1.000	form_absent
Regolamento	regolamento	NOUN	Gender=Masc|Number=Sing	2	1.000	form_absent
Reguzzoni	Reguzzoni	PROPN	_	2	1.000	form_absent
Relax	relax	NOUN	Gender=Masc	2	1.000	form_absent
Reprival	Reprival	PROPN	_	2	1.000	form_absent
Research	research	NOUN	_	2	1.000	form_absent
Resource	Resource	PROPN	_	2	1.000	form_absent
Resta	restare	VERB	Mood=Ind|Number=Sing|Person=3|Tense=Pres|VerbForm=Fin	2	1.000	form_absent
Revere	Revere	PROPN	_	2	1.000	form_absent
Revisione	revisione	NOUN	Gender=Fem|Number=Sing	2	1.000	form_absent
Rice	Rice	PROPN	_	2	1.000	form_absent
Riforma	Riforma	PROPN	_	2	1.000	form_absent
Rimoaldi	Rimoaldi	PROPN	_	2	1.000	form_absent
Ringrazio	ringraziare	VERB	Mood=Ind|Number=Sing|Person=1|Tense=Pres|VerbForm=Fin	2	1.000	form_absent
Ripetta	Ripetta	PROPN	_	2	1.000	form_absent
Ritengo	ritenere	VERB	Mood=Ind|Number=Sing|Person=1|Tense=Pres|VerbForm=Fin	2	1.000	form_absent
Rivaldo	Rivaldo	PROPN	_	2	1.000	form_absent
Robson	Robson	PROPN	_	2	1.000	form_absent
Rodin	Rodin	PROPN	_	2	1.000	form_absent
Romana	Romana	PROPN	_	2	1.000	form_absent
Rota	Rota	PROPN	_	2	1.000	form_absent
Rousseau	Rousseau	PROPN	_	2	1.000	form_absent
Rovereto	Rovereto	PROPN	_	2	1.000	form_absent
Row	Row	PROPN	_	2	1.000	form_absent
Rubempré	Rubempré	PROPN	_	2	1.000	form_absent
Rucellai	Rucellai	PROPN	_	2	1.000	form_absent
Rudic	Rudic	PROPN	_	2	1.000	form_absent
Ruth	Ruth	PROPN	_	2	1.000	form_absent
Ryan	Ryan	PROPN	_	2	1.000	form_absent
Rymer	Rymer	PROPN	_	2	1.000	form_absent
SFOP	Sfop	PROPN	_	2	1.000	form_absent
SIAE	SIAE	PROPN	_	2	1.000	form_absent
SMS	SMS	NOUN	Gender=Masc	2	1.000	form_absent
SO2	SO2	PROPN	_	2	1.000	form_absent
SOx	SOx	PROPN	_	2	1.000	form_absent
Saab	Saab	PROPN	_	2	1.000	form_absent
Sacher	Sacher	PROPN	_	2	1.000	form_absent
Salaam	Salaam	PROPN	_	2	1.000	form_absent
Salaria	Salaria	PROPN	_	2	1.000	form_absent
Salone	salone	NOUN	Gender=Masc|Number=Sing	2	0.667	form_absent
Salute	Salute	PROPN	_	2	1.000	form_absent
Samper	Samper	PROPN	_	2	1.000	form_absent
Sanità	sanità	NOUN	Gender=Fem	2	1.000	form_absent
Santanera	Santanera	PROPN	_	2	1.000	form_absent
Sapeva	sapere	VERB	Mood=Ind|Number=Sing|Person=3|Tense=Imp|VerbForm=Fin	2	1.000	form_absent
Sappiamo	sapere	VERB	Mood=Ind|Number=Plur|Person=1|Tense=Pres|VerbForm=Fin	2	0.667	form_absent
Saranda	Saranda	PROPN	_	2	1.000	form_absent
Saranno	essere	AUX	Mood=Ind|Number=Plur|Person=3|Tense=Fut|VerbForm=Fin	2	1.000	form_absent
Sarasota	Sarasota	PROPN	_	2	1.000	form_absent
Saridda	Saridda	PROPN	_	2	1.000	form_absent
Scajola	Scajola	PROPN	_	2	1.000	form_absent
Scalzi	Scalzi	PROPN	_	2	1.000	form_absent
Scarico	scarico	NOUN	Gender=Masc|Number=Sing	2	1.000	form_absent
Scatta	scattare	VERB	Mood=Ind|Number=Sing|Person=3|Tense=Pres|VerbForm=Fin	2	1.000	form_absent
Scegli	scegliere	VERB	Mood=Imp|Number=Sing|Person=2|Tense=Pres|VerbForm=Fin	2	1.000	form_absent
Scharfstein	Scharfstein	PROPN	_	2	1.000	form_absent
Schengen	Schengen	PROPN	_	2	1.000	form_absent
Sco	Sco	PROPN	_	2	1.000	form_absent
Scopri	scoprire	VERB	Mood=Imp|Number=Sing|Person=2|Tense=Pres|VerbForm=Fin	2	0.667	form_absent
Scuola	Scuola	PROPN	_	2	0.333	form_absent
Scutari	Scutari	PROPN	_	2	1.000	form_absent
Seduta	sedere	VERB	Gender=Fem|Number=Sing|Tense=Past|VerbForm=Part	2	1.000	form_absent
Segretario	Segretario	PROPN	_	2	0.667	form_absent
Sei	sei	NUM	NumType=Card	2	0.667	form_absent
Selex	Selex	PROPN	_	2	1.000	form_absent
Selva	Selva	PROPN	_	2	1.000	form_absent
Sembrava	sembrare	VERB	Mood=Ind|Number=Sing|Person=3|Tense=Imp|VerbForm=Fin	2	1.000	form_absent
Senato	Senato	PROPN	_	2	0.111	form_absent
Sequestrati	sequestrare	VERB	Gender=Masc|Number=Plur|Tense=Past|VerbForm=Part	2	1.000	form_absent
Serbi	serbo	NOUN	Gender=Masc|Number=Plur	2	0.667	form_absent
Serginho	Serginho	PROPN	_	2	1.000	form_absent
Series	Series	PROPN	_	2	1.000	form_absent
Settanta	settanta	NUM	NumType=Card	2	0.667	form_absent
Sette	sette	NUM	NumType=Card	2	1.000	form_absent
Settore	settore	NOUN	Gender=Masc|Number=Sing	2	1.000	form_absent
Sfinge	Sfinge	PROPN	_	2	1.000	form_absent
Shaban	Shaban	PROPN	_	2	1.000	form_absent
Shake	Shake	PROPN	_	2	1.000	form_absent
Shakeshafte	Shakeshafte	PROPN	_	2	1.000	form_absent
Sharm	Sharm	PROPN	_	2	1.000	form_absent
Shehu	Shehu	PROPN	_	2	1.000	form_absent
Sheik	Sheik	PROPN	_	2	1.000	form_absent
Sheu	Sheu	PROPN	_	2	1.000	form_absent
Signorelli	Signorelli	PROPN	_	2	1.000	form_absent
Sila	Sila	PROPN	_	2	1.000	form_absent
Simpsons	Simpsons	PROPN	_	2	1.000	form_absent
Sindacati	sindacato	NOUN	Gender=Masc|Number=Plur	2	1.000	form_absent
Sinora	sinora	ADV	_	2	1.000	form_absent
Sir	Sir	PROPN	_	2	1.000	form_absent
Sistema	sistema	NOUN	Gender=Masc|Number=Sing	2	0.667	form_absent
Sit	Sit	PROPN	_	2	1.000	form_absent
Smart	Smart	PROPN	_	2	1.000	form_absent
Snoop	Snoop	PROPN	_	2	1.000	form_absent
Sodio	sodio	NOUN	Gender=Masc|Number=Sing	2	1.000	form_absent
Sogni	Sogni	PROPN	_	2	0.667	form_absent
Somministrazione	somministrazione	NOUN	Gender=Fem|Number=Sing	2	1.000	form_absent
Soros	Soros	PROPN	_	2	1.000	form_absent
Sorpresa	sorpresa	NOUN	Gender=Fem|Number=Sing	2	1.000	form_absent
Sovietica	sovietica	ADJ	Gender=Fem|Number=Sing	2	0.400	form_absent
Spears	Spears	PROPN	_	2	1.000	form_absent
Spesa	spesa	NOUN	Gender=Fem|Number=Sing	2	1.000	form_absent
Spiega	spiegare	VERB	Mood=Ind|Number=Sing|Person=3|Tense=Pres|VerbForm=Fin	2	1.000	form_absent
Splatter	Splatter	PROPN	_	2	1.000	form_absent
Srebrenica	Srebrenica	PROPN	_	2	1.000	form_absent
St	St	PROPN	_	2	1.000	form_absent
Stava	stare	AUX	Mood=Ind|Number=Sing|Person=3|Tense=Imp|VerbForm=Fin	2	1.000	form_absent
Stonit	Stonit	PROPN	_	2	1.000	form_absent
Storquest	Storquest	PROPN	_	2	1.000	form_absent
Strano	strano	ADJ	Gender=Masc|Number=Sing	2	1.000	form_absent
Stress	stress	NOUN	Gender=Masc	2	1.000	form_absent
Sua	suo	DET	Gender=Fem|Number=Sing|Poss=Yes|PronType=Prs	2	1.000	form_absent
Sung	Sung	PROPN	_	2	1.000	form_absent
Superata	superare	VERB	Gender=Fem|Number=Sing|Tense=Past|VerbForm=Part	2	1.000	form_absent
Superbowl	Superbowl	PROPN	_	2	1.000	form_absent
Surin	Surin	PROPN	_	2	1.000	form_absent
Swoboda	Swoboda	PROPN	_	2	1.000	form_absent
Séguin	Séguin	PROPN	_	2	1.000	form_absent
Südtirol	Südtirol	PROPN	_	2	1.000	form_absent
Tabucchi	Tabucchi	PROPN	_	2	1.000	form_absent
Tarbes	Tarbes	PROPN	_	2	1.000	form_absent
Tate	Tate	PROPN	_	2	1.000	form_absent
Te	Te	PROPN	_	2	1.000	form_absent
Team	Team	PROPN	_	2	1.000	form_absent
Teatro	Teatro	PROPN	_	2	0.400	form_absent
Teatro	teatro	NOUN	Gender=Masc|Number=Sing	2	0.400	form_absent
Teghil	Teghil	PROPN	_	2	1.000	form_absent
Templeton	Templeton	PROPN	_	2	1.000	form_absent
Tenendo	tenere	VERB	VerbForm=Ger	2	1.000	form_absent
Tengo	tenere	VERB	Mood=Ind|Number=Sing|Person=1|Tense=Pres|VerbForm=Fin	2	1.000	form_absent
Tequila	Tequila	PROPN	_	2	1.000	form_absent
Terence	Terence	PROPN	_	2	1.000	form_absent
Tesoro	tesoro	NOUN	Gender=Masc|Number=Sing	2	1.000	form_absent
Tessieri	Tessieri	PROPN	_	2	1.000	form_absent
Tiberio	Tiberio	PROPN	_	2	1.000	form_absent
Tiro	Tiro	PROPN	_	2	1.000	form_absent
Tizio	tizio	NOUN	Gender=Masc|Number=Sing	2	1.000	form_absent
Tobago	Tobago	PROPN	_	2	1.000	form_absent
Tocchi	Tocchi	PROPN	_	2	1.000	form_absent
Tolgo	togliere	VERB	Mood=Ind|Number=Sing|Person=1|Tense=Pres|VerbForm=Fin	2	1.000	form_absent
Tomiichi	Tomiichi	PROPN	_	2	1.000	form_absent
Tor	Tor	PROPN	_	2	1.000	form_absent
Tornaboni	Tornaboni	PROPN	_	2	1.000	form_absent
Trasferimento	trasferimento	NOUN	Gender=Masc|Number=Sing	2	1.000	form_absent
Trasporto	trasporto	NOUN	Gender=Masc|Number=Sing	2	1.000	form_absent
Trattato	trattato	NOUN	Gender=Masc|Number=Sing	2	0.400	form_absent
Tre	tre	NUM	NumType=Card	2	1.000	form_absent
Tribunale	tribunale	NOUN	Gender=Masc|Number=Sing	2	1.000	form_absent
Tritan	Tritan	PROPN	_	2	1.000	form_absent
Trito	tritare	VERB	Mood=Ind|Number=Sing|Person=1|Tense=Pres|VerbForm=Fin	2	1.000	form_absent
Trofeo	Trofeo	PROPN	_	2	1.000	form_absent
Troilo	Troilo	PROPN	_	2	1.000	form_absent
Troppe	troppo	DET	Gender=Fem|Number=Plur|PronType=Ind	2	1.000	form_absent
Troppo	troppo	ADV	_	2	1.000	form_absent
Tulj	Tulj	PROPN	_	2	1.000	form_absent
Turiddu	Turiddu	PROPN	_	2	1.000	form_absent
Turing	Turing	PROPN	_	2	1.000	form_absent
Tuttora	tuttora	ADV	_	2	1.000	form_absent
UEFA	Uefa	PROPN	_	2	1.000	form_absent
UNESCO	Unesco	PROPN	_	2	1.000	form_absent
UNICE	Unice	PROPN	_	2	1.000	form_absent
UNICEF	Unicef	PROPN	_	2	1.000	form_absent
USA	Usa	PROPN	_	2	0.118	form_absent
Uaw	Uaw	PROPN	_	2	1.000	form_absent
Udf	Udf	PROPN	_	2	1.000	form_absent
Uganda	Uganda	PROPN	_	2	1.000	form_absent
Ulivi	ulivo	NOUN	Gender=Masc|Number=Plur	2	1.000	form_absent
Ulma	Ulma	PROPN	_	2	1.000	form_absent
Ump	Ump	PROPN	_	2	1.000	form_absent
Unhcr	Unhcr	PROPN	_	2	1.000	form_absent
Unidad	Unidad	PROPN	_	2	1.000	form_absent
Uniform	Uniform	PROPN	_	2	1.000	form_absent
Università	Università	PROPN	_	2	0.154	form_absent
Uomini	uomo	NOUN	Gender=Masc|Number=Plur	2	1.000	form_absent
Urbe	urbe	NOUN	Gender=Fem|Number=Sing	2	1.000	form_absent
VINCONO	vincere	VERB	Mood=Ind|Number=Plur|Person=3|Tense=Pres|VerbForm=Fin	2	1.000	form_absent
Vabbè	vabbè	INTJ	_	2	1.000	form_absent
Valentin	Valentin	PROPN	_	2	1.000	form_absent
Vallée	Vallée	PROPN	_	2	0.667	form_absent
Vasari	Vasari	PROPN	_	2	1.000	form_absent
Vatanen	Vatanen	PROPN	_	2	1.000	form_absent
Vede	vedere	VERB	Mood=Ind|Number=Sing|Person=3|Tense=Pres|VerbForm=Fin	2	1.000	form_absent
Velayati	Velayati	PROPN	_	2	1.000	form_absent
Veneziano	Veneziano	PROPN	_	2	1.000	form_absent
Verano	Verano	PROPN	_	2	1.000	form_absent
Versiamo	versare	VERB	Mood=Ind|Number=Plur|Person=1|Tense=Pres|VerbForm=Fin	2	1.000	form_absent
Vertice	Vertice	PROPN	_	2	1.000	form_absent
Vetere	Vetere	PROPN	_	2	1.000	form_absent
Vettel	Vettel	PROPN	_	2	1.000	form_absent
Vichy	Vichy	PROPN	_	2	1.000	form_absent
Vieira	Vieira	PROPN	_	2	1.000	form_absent
Viene	venire	AUX	Mood=Ind|Number=Sing|Person=3|Tense=Pres|VerbForm=Fin	2	1.000	form_absent
Viezzoli	Viezzoli	PROPN	_	2	1.000	form_absent
Villalba	Villalba	PROPN	_	2	1.000	form_absent
Vincoli	vincolo	NOUN	Gender=Masc|Number=Plur	2	1.000	form_absent
Vogliamo	volere	AUX	Mood=Ind|Number=Plur|Person=1|Tense=Pres|VerbForm=Fin	2	1.000	form_absent
Volandri	Volandri	PROPN	_	2	1.000	form_absent
Vorrei	volere	VERB	Mood=Cnd|Number=Sing|Person=1|Tense=Pres|VerbForm=Fin	2	0.250	form_absent
W	W	PROPN	_	2	1.000	form_absent
Wablieft	Wablieft	PROPN	_	2	1.000	form_absent
Wacław	Wacław	PROPN	_	2	1.000	form_absent
Waldorf	Waldorf	PROPN	_	2	1.000	form_absent
Walford-Astoria	Walford-astoria	PROPN	_	2	1.000	form_absent
Warhol	Warhol	PROPN	_	2	1.000	form_absent
Wilhelm	Wilhelm	PROPN	_	2	1.000	form_absent
Windscale	Windscale	PROPN	_	2	1.000	form_absent
Woodcock	Woodcock	PROPN	_	2	1.000	form_absent
Worcester	Worcester	PROPN	_	2	1.000	form_absent
XIII	XIII	ADJ	NumType=Ord|Number=Sing	2	1.000	form_absent
XIV	XIV	ADJ	NumType=Ord|Number=Sing	2	1.000	form_absent
XVII	XVII	ADJ	NumType=Ord|Number=Sing	2	0.400	form_absent
XVIII	XVIII	ADJ	NumType=Ord|Number=Sing	2	0.400	form_absent
Xerox	Xerox	PROPN	_	2	1.000	form_absent
Xiaoping	Xiaoping	PROPN	_	2	1.000	form_absent
Yagira	Yagira	PROPN	_	2	1.000	form_absent
Yamaha	Yamaha	PROPN	_	2	1.000	form_absent
Yankee	Yankee	PROPN	_	2	1.000	form_absent
Yankees	Yankees	PROPN	_	2	1.000	form_absent
Yanukovych	Yanukovych	PROPN	_	2	1.000	form_absent
Yemen	Yemen	PROPN	_	2	1.000	form_absent
Yuya	Yuya	PROPN	_	2	1.000	form_absent
Zajedno	Zajedno	PROPN	_	2	1.000	form_absent
Zepa	Zepa	PROPN	_	2	1.000	form_absent
Zeppelin	Zeppelin	PROPN	_	2	1.000	form_absent
Zona	zona	NOUN	Gender=Fem|Number=Sing	2	1.000	form_absent
accecamento	accecamento	NOUN	Gender=Masc|Number=Sing	2	1.000	form_absent
accessioni	accessione	NOUN	Gender=Fem|Number=Plur	2	1.000	form_absent
acero	acero	NOUN	Gender=Masc|Number=Sing	2	1.000	form_absent
acne	acne	NOUN	Gender=Fem|Number=Sing	2	1.000	form_absent
acquis	acquis	NOUN	Gender=Masc	2	1.000	form_absent
adempier	adempiere	VERB	VerbForm=Inf	2	1.000	form_absent
all-path	all-path	ADJ	_	2	1.000	form_absent
allorquando	allorquando	SCONJ	_	2	1.000	form_absent
analizzatore	analizzatore	NOUN	Gender=Masc|Number=Sing	2	1.000	form_absent
anti	anti	ADP	_	2	0.200	form_absent
antisolare	antisolare	ADJ	Number=Sing	2	1.000	form_absent
appieno	appieno	ADV	_	2	1.000	form_absent
asciugacapelli	asciugacapelli	NOUN	Gender=Masc	2	1.000	form_absent
astista	astista	NOUN	Gender=Masc|Number=Sing	2	0.667	form_absent
avulsione	avulsione	NOUN	Gender=Fem|Number=Sing	2	1.000	form_absent
away	away	X	Foreign=Yes	2	1.000	form_absent
azimuth	azimuth	NOUN	Gender=Masc	2	1.000	form_absent
bardolatria	bardolatria	NOUN	Gender=Fem|Number=Sing	2	1.000	form_absent
bracconaggio	bracconaggio	NOUN	Gender=Masc|Number=Sing	2	1.000	form_absent
c.d.	cosiddetto	ADJ	_	2	1.000	form_absent
cannelle	cannella	NOUN	Gender=Fem|Number=Plur	2	1.000	form_absent
clou	clou	NOUN	Gender=Masc	2	1.000	form_absent
colatoio	colatoio	NOUN	Gender=Masc|Number=Sing	2	1.000	form_absent
comitatologia	comitatologia	NOUN	Gender=Fem|Number=Sing	2	1.000	form_absent
complementare	complementare	ADJ	Number=Sing	2	1.000	form_absent
conservatrici	conservatore	ADJ	Gender=Fem|Number=Plur	2	1.000	form_absent
corporibus	corporibus	X	Foreign=Yes	2	1.000	form_absent
cover	cover	NOUN	_	2	1.000	form_absent
crine	crine	NOUN	Gender=Masc|Number=Sing	2	1.000	form_absent
dadini	dadini	NOUN	Gender=Masc|Number=Plur	2	1.000	form_absent
debbo	dovere	AUX	Mood=Ind|Number=Sing|Person=1|Tense=Pres|VerbForm=Fin	2	1.000	form_absent
demo	demo	NOUN	_	2	1.000	form_absent
difender	difendere	VERB	VerbForm=Inf	2	1.000	form_absent
dignitatem	dignitatem	X	Foreign=Yes	2	1.000	form_absent
disambiguazione	disambiguazione	NOUN	Gender=Fem|Number=Sing	2	1.000	form_absent
discapito	discapito	NOUN	Gender=Masc|Number=Sing	2	1.000	form_absent
disotto	disotto	ADV	_	2	1.000	form_absent
distr.	distr.	VERB	Tense=Past|VerbForm=Part	2	0.400	form_absent
ebano	ebano	NOUN	Gender=Masc|Number=Sing	2	1.000	form_absent
edema	edema	NOUN	Gender=Masc|Number=Sing	2	1.000	form_absent
el	el	PROPN	_	2	1.000	form_absent
electronic	electronic	ADJ	_	2	1.000	form_absent
eleggibilità	eleggibilità	NOUN	Gender=Fem	2	1.000	form_absent
espromissione	espromissione	NOUN	Gender=Fem|Number=Sing	2	1.000	form_absent
essai	essai	NOUN	_	2	1.000	form_absent
est	est	NOUN	_	2	0.250	form_absent
estender	estendere	VERB	VerbForm=Inf	2	1.000	form_absent
etagere	etagere	NOUN	_	2	1.000	form_absent
euclidea	euclideo	ADJ	Gender=Fem|Number=Sing	2	1.000	form_absent
eurozona	eurozona	NOUN	Gender=Fem|Number=Sing	2	1.000	form_absent
f	f	X	_	2	0.500	form_absent
f	f	NOUN	_	2	0.500	form_absent
fast	fast	ADJ	_	2	0.667	form_absent
ferocemente	ferocemente	ADV	_	2	1.000	form_absent
fisiocrati	fisiocrati	NOUN	Gender=Masc|Number=Plur	2	1.000	form_absent
fitness	fitness	NOUN	Gender=Fem	2	1.000	form_absent
food	food	NOUN	_	2	1.000	form_absent
frequency	frequency	NOUN	_	2	1.000	form_absent
fumée	fumée	ADJ	_	2	1.000	form_absent
funicolari	funicolare	ADJ	Number=Plur	2	1.000	form_absent
fuoripista	fuoripista	ADV	_	2	1.000	form_absent
ghiaietta	ghiaietta	NOUN	Gender=Fem|Number=Sing	2	1.000	form_absent
gnà	gnà	NOUN	Gender=Fem|Number=Sing	2	1.000	form_absent
guru	guru	NOUN	Gender=Masc	2	1.000	form_absent
h	h	X	_	2	1.000	form_absent
hashish	hashish	NOUN	Gender=Masc	2	1.000	form_absent
hibakusha	hibakusha	NOUN	_	2	1.000	form_absent
hoc	hoc	X	Foreign=Yes	2	1.000	form_absent
iCommons	iCommons	PROPN	_	2	1.000	form_absent
iguana	iguana	NOUN	Gender=Fem|Number=Sing	2	1.000	form_absent
iii	iii	ADJ	NumType=Ord|Number=Sing	2	1.000	form_absent
impregiudicate	impregiudicato	ADJ	Gender=Fem|Number=Plur	2	1.000	form_absent
inammissibilità	inammissibilità	NOUN	Gender=Fem	2	1.000	form_absent
incandescenza	incandescenza	NOUN	Gender=Fem|Number=Sing	2	1.000	form_absent
inefficacia	inefficacia	NOUN	Gender=Fem|Number=Sing	2	1.000	form_absent
infartuati	infartuato	NOUN	Gender=Masc|Number=Plur	2	1.000	form_absent
instaurazione	instaurazione	NOUN	Gender=Fem|Number=Sing	2	1.000	form_absent
intossicamento	intossicamento	NOUN	Gender=Masc|Number=Sing	2	1.000	form_absent
iv	iv	ADJ	NumType=Ord|Number=Sing	2	1.000	form_absent
kg	chilogrammo	NOUN	Gender=Masc	2	1.000	form_absent
l	l	X	_	2	1.000	form_absent
l.	legge	NOUN	Gender=Fem|Number=Sing	2	1.000	form_absent
lacchè	lacchè	NOUN	Gender=Masc	2	1.000	form_absent
lastrici	lastrico	NOUN	Gender=Masc|Number=Plur	2	1.000	form_absent
lek	lek	NOUN	Gender=Masc	2	1.000	form_absent
lizza	lizza	NOUN	Gender=Fem|Number=Sing	2	1.000	form_absent
machine	machine	NOUN	_	2	1.000	form_absent
madreperla	madreperla	NOUN	Gender=Fem|Number=Sing	2	1.000	form_absent
mandorle	mandorla	NOUN	Gender=Fem|Number=Plur	2	1.000	form_absent
mansuefatti	mansuefatto	ADJ	Gender=Masc|Number=Plur	2	1.000	form_absent
memorizzazione	memorizzazione	NOUN	Gender=Fem|Number=Sing	2	1.000	form_absent
miceliale	miceliale	NOUN	Gender=Fem|Number=Plur	2	1.000	form_absent
micron	micron	NOUN	Gender=Masc	2	1.000	form_absent
miracolosamente	miracolosamente	ADV	_	2	1.000	form_absent
mirra	mirra	NOUN	Gender=Fem|Number=Sing	2	1.000	form_absent
mm	millimetro	NOUN	Gender=Masc	2	0.400	form_absent
mula	mulo	NOUN	Gender=Fem|Number=Sing	2	1.000	form_absent
muralismo	muralismo	NOUN	Gender=Masc|Number=Sing	2	1.000	form_absent
n	n	X	_	2	1.000	form_absent
nasconder	nascondere	VERB	VerbForm=Inf	2	1.000	form_absent
nobilmente	nobilmente	ADV	_	2	1.000	form_absent
nondimeno	nondimeno	ADV	_	2	1.000	form_absent
n°	numero	NOUN	Gender=Masc	2	1.000	form_absent
oltranza	oltranza	NOUN	Gender=Fem|Number=Sing	2	1.000	form_absent
origano	origano	NOUN	Gender=Masc|Number=Sing	2	1.000	form_absent
ossalati	ossalati	NOUN	Gender=Masc|Number=Plur	2	1.000	form_absent
particolar	particolare	ADJ	Number=Sing	2	1.000	form_absent
pattern	pattern	NOUN	Gender=Masc	2	1.000	form_absent
penny	penny	NOUN	Gender=Masc	2	1.000	form_absent
percento	percento	NOUN	Gender=Masc|Number=Sing	2	0.667	form_absent
perdues	perdues	X	Foreign=Yes	2	1.000	form_absent
pesciolina	pesciolino	NOUN	Gender=Fem|Number=Sing	2	1.000	form_absent
pipì	pipì	NOUN	Gender=Fem|Number=Sing	2	0.667	form_absent
plankton	plankton	NOUN	_	2	1.000	form_absent
poliestere	poliestere	NOUN	Gender=Masc|Number=Sing	2	1.000	form_absent
polmonare	polmonare	ADJ	Number=Sing	2	1.000	form_absent
po’	poco	ADV	_	2	1.000	form_absent
pre	pre	ADJ	_	2	0.500	form_absent
pre	pre	ADJ	Gender=Fem|Number=Plur	2	0.500	form_absent
printer	printer	NOUN	_	2	1.000	form_absent
proiettività	proiettività	NOUN	Gender=Fem	2	1.000	form_absent
protegger	proteggere	VERB	VerbForm=Inf	2	1.000	form_absent
qualificabile	qualificabile	ADJ	Number=Sing	2	1.000	form_absent
qualvolta	qualvolta	ADV	_	2	1.000	form_absent
quantunque	quantunque	SCONJ	_	2	1.000	form_absent
quinque	quinque	X	Foreign=Yes	2	1.000	form_absent
radiotelemetro	radiotelemetro	NOUN	Gender=Masc|Number=Sing	2	1.000	form_absent
ravveder	ravvedere	VERB	VerbForm=Inf	2	1.000	form_absent
rayon	rayon	NOUN	Gender=Masc	2	1.000	form_absent
regularibus	regularibus	X	Foreign=Yes	2	1.000	form_absent
ridosso	ridosso	NOUN	Gender=Masc|Number=Sing	2	1.000	form_absent
riprender	riprendere	VERB	VerbForm=Inf	2	1.000	form_absent
run	run	X	Foreign=Yes	2	0.667	form_absent
running	running	ADJ	_	2	1.000	form_absent
s	s	X	_	2	1.000	form_absent
secret	secret	NOUN	_	2	1.000	form_absent
sen	sen	X	Foreign=Yes	2	1.000	form_absent
separabili	separabile	ADJ	Number=Plur	2	1.000	form_absent
sequestratario	sequestratario	NOUN	Gender=Masc|Number=Sing	2	1.000	form_absent
shakespeariani	shakespeariani	ADJ	Gender=Masc|Number=Plur	2	1.000	form_absent
solfuro	solfuro	NOUN	Gender=Masc|Number=Sing	2	1.000	form_absent
sottopor	sottoporre	VERB	VerbForm=Inf	2	1.000	form_absent
sottovuoto	sottovuoto	ADV	_	2	1.000	form_absent
sottrar	sottrarre	VERB	VerbForm=Inf	2	1.000	form_absent
sovrappeso	sovrappeso	NOUN	Gender=Masc|Number=Sing	2	1.000	form_absent
sovrappiù	sovrappiù	NOUN	Gender=Masc	2	1.000	form_absent
specificatore	specificatore	NOUN	Gender=Masc|Number=Sing	2	1.000	form_absent
spudoratamente	spudoratamente	ADV	_	2	1.000	form_absent
sun	sun	X	Foreign=Yes	2	1.000	form_absent
superficiario	superficiario	NOUN	Gender=Masc|Number=Sing	2	1.000	form_absent
supplementari	supplementare	ADJ	Number=Plur	2	1.000	form_absent
teglia	teglia	NOUN	Gender=Fem|Number=Sing	2	1.000	form_absent
timo	timo	NOUN	Gender=Masc|Number=Sing	2	1.000	form_absent
to	to	X	Foreign=Yes	2	0.500	form_absent
to	to	ADP	_	2	0.500	form_absent
toeletta	toeletta	NOUN	Gender=Fem|Number=Sing	2	1.000	form_absent
tutt'	tutto	ADJ	ExtPos=ADV|Number=Sing	2	0.286	form_absent
tutt'	tutto	ADJ	Number=Sing	2	0.286	form_absent
ufficiosamente	ufficiosamente	ADV	_	2	1.000	form_absent
vespero	vespero	NOUN	Gender=Masc|Number=Sing	2	1.000	form_absent
vibrafono	vibrafono	NOUN	Gender=Masc|Number=Sing	2	1.000	form_absent
vietrese	vietrese	ADJ	Number=Sing	2	0.667	form_absent
watt	watt	NOUN	Gender=Masc	2	1.000	form_absent
with	with	X	Foreign=Yes	2	1.000	form_absent
xix	diciannovesimo	ADJ	NumType=Ord|Number=Sing	2	1.000	form_absent
xx	ventesimo	ADJ	NumType=Ord|Number=Sing	2	1.000	form_absent
'1	'1	NUM	NumType=Card	1	1.000	form_absent
'11	'11	NUM	NumType=Card	1	1.000	form_absent
'20	'20	NUM	NumType=Card	1	1.000	form_absent
'30	'30	NUM	NumType=Card	1	1.000	form_absent
'36	'36	NUM	NumType=Card	1	1.000	form_absent
'40	'40	NUM	NumType=Card	1	1.000	form_absent
'45	'45	NUM	NumType=Card	1	1.000	form_absent
'47	'47	NUM	NumType=Card	1	1.000	form_absent
'48	'48	NUM	NumType=Card	1	1.000	form_absent
'53	'53	NUM	NumType=Card	1	1.000	form_absent
'61	'61	NUM	NumType=Card	1	1.000	form_absent
'71	'71	NUM	NumType=Card	1	1.000	form_absent
'73	'73	NUM	NumType=Card	1	1.000	form_absent
'74	'74	NUM	NumType=Card	1	1.000	form_absent
'76	'76	NUM	NumType=Card	1	1.000	form_absent
'800	'800	NUM	NumType=Card	1	1.000	form_absent
'82	'82	NUM	NumType=Card	1	1.000	form_absent
'85	'85	NUM	NumType=Card	1	1.000	form_absent
'88	'88	NUM	NumType=Card	1	1.000	form_absent
'95	'95	NUM	NumType=Card	1	1.000	form_absent
'97	'97	NUM	NumType=Card	1	1.000	form_absent
'98	'98	NUM	NumType=Card	1	1.000	form_absent
'Neill	'neill	PROPN	_	1	1.000	form_absent
'O	'o	PROPN	_	1	1.000	form_absent
'Tip	'tip	PROPN	_	1	1.000	form_absent
(!),	(!),	X	_	1	1.000	form_absent
-10	-10	NUM	NumType=Card	1	1.000	form_absent
-20º	-20º	NUM	NumType=Card	1	1.000	form_absent
0,2	0,2	NUM	NumType=Card	1	1.000	form_absent
0,4	0,4	NUM	NumType=Card	1	1.000	form_absent
0083	0083	NUM	NumType=Card	1	1.000	form_absent
0106	0106	NUM	NumType=Card	1	1.000	form_absent
02-54919	02-54919	NUM	NumType=Card	1	1.000	form_absent
02/54271	02/54271	NUM	NumType=Card	1	1.000	form_absent
02/800403	02/800403	NUM	NumType=Card	1	1.000	form_absent
02/8399466	02/8399466	NUM	NumType=Card	1	1.000	form_absent
035/260612	035/260612	NUM	NumType=Card	1	1.000	form_absent
051/580495	051/580495	NUM	NumType=Card	1	1.000	form_absent
06-58202122	06-58202122	NUM	NumType=Card	1	1.000	form_absent
06-87186077	06-87186077	NUM	NumType=Card	1	1.000	form_absent
1'13''	1'13''	NUM	NumType=Card	1	1.000	form_absent
1,25	1,25	NUM	NumType=Card	1	1.000	form_absent
1,6	1,6	NUM	NumType=Card	1	1.000	form_absent
1,74	1,74	NUM	NumType=Card	1	1.000	form_absent
1,75	1,75	NUM	NumType=Card	1	1.000	form_absent
1,8	1,8	NUM	NumType=Card	1	1.000	form_absent
1,9	1,9	NUM	NumType=Card	1	1.000	form_absent
1.	1.	NUM	NumType=Card	1	1.000	form_absent
1.00'16''	1.00'16''	NUM	NumType=Card	1	1.000	form_absent
1.000.000	1.000.000	NUM	NumType=Card	1	1.000	form_absent
1.117.000	1.117.000	NUM	NumType=Card	1	1.000	form_absent
1.125	1.125	NUM	NumType=Card	1	1.000	form_absent
1.150	1.150	NUM	NumType=Card	1	1.000	form_absent
1.19'59''	1.19'59''	NUM	NumType=Card	1	1.000	form_absent
1.400	1.400	NUM	NumType=Card	1	1.000	form_absent
1.800	1.800	NUM	NumType=Card	1	1.000	form_absent
1.850.000	1.850.000	NUM	NumType=Card	1	1.000	form_absent
10''	10''	NUM	NumType=Card	1	1.000	form_absent
10''12	10''12	NUM	NumType=Card	1	1.000	form_absent
10,25	10,25	NUM	NumType=Card	1	1.000	form_absent
10,30	10,30	NUM	NumType=Card	1	1.000	form_absent
1001	1001	NUM	NumType=Card	1	1.000	form_absent
1003	1003	NUM	NumType=Card	1	1.000	form_absent
1005	1005	NUM	NumType=Card	1	1.000	form_absent
1006	1006	NUM	NumType=Card	1	1.000	form_absent
1007	1007	NUM	NumType=Card	1	1.000	form_absent
1008	1008	NUM	NumType=Card	1	1.000	form_absent
1011	1011	NUM	NumType=Card	1	1.000	form_absent
1012	1012	NUM	NumType=Card	1	1.000	form_absent
1013	1013	NUM	NumType=Card	1	1.000	form_absent
1015	1015	NUM	NumType=Card	1	1.000	form_absent
1017	1017	NUM	NumType=Card	1	1.000	form_absent
1018	1018	NUM	NumType=Card	1	1.000	form_absent
1019	1019	NUM	NumType=Card	1	1.000	form_absent
1020	1020	NUM	NumType=Card	1	1.000	form_absent
1024	1024	NUM	NumType=Card	1	1.000	form_absent
1025	1025	NUM	NumType=Card	1	1.000	form_absent
1026	1026	NUM	NumType=Card	1	1.000	form_absent
1028	1028	NUM	NumType=Card	1	1.000	form_absent
1029	1029	NUM	NumType=Card	1	1.000	form_absent
1034	1034	NUM	NumType=Card	1	1.000	form_absent
1037	1037	NUM	NumType=Card	1	1.000	form_absent
1039	1039	NUM	NumType=Card	1	1.000	form_absent
104	104	NUM	NumType=Card	1	1.000	form_absent
1040	1040	NUM	NumType=Card	1	1.000	form_absent
1041	1041	NUM	NumType=Card	1	1.000	form_absent
1042	1042	NUM	NumType=Card	1	1.000	form_absent
1043	1043	NUM	NumType=Card	1	1.000	form_absent
1045	1045	NUM	NumType=Card	1	1.000	form_absent
1046	1046	NUM	NumType=Card	1	1.000	form_absent
1047	1047	NUM	NumType=Card	1	1.000	form_absent
1048	1048	NUM	NumType=Card	1	1.000	form_absent
1049	1049	NUM	NumType=Card	1	1.000	form_absent
105	105	NUM	NumType=Card	1	1.000	form_absent
1050	1050	NUM	NumType=Card	1	1.000	form_absent
1051	1051	NUM	NumType=Card	1	1.000	form_absent
1052	1052	NUM	NumType=Card	1	1.000	form_absent
1054	1054	NUM	NumType=Card	1	1.000	form_absent
1055	1055	NUM	NumType=Card	1	1.000	form_absent
1056	1056	NUM	NumType=Card	1	1.000	form_absent
1057	1057	NUM	NumType=Card	1	1.000	form_absent
1059	1059	NUM	NumType=Card	1	1.000	form_absent
106	106	NUM	NumType=Card	1	1.000	form_absent
1060	1060	NUM	NumType=Card	1	1.000	form_absent
1063	1063	NUM	NumType=Card	1	1.000	form_absent
1064	1064	NUM	NumType=Card	1	1.000	form_absent
1065	1065	NUM	NumType=Card	1	1.000	form_absent
1067	1067	NUM	NumType=Card	1	1.000	form_absent
1068	1068	NUM	NumType=Card	1	1.000	form_absent
107	107	NUM	NumType=Card	1	1.000	form_absent
107.000	107.000	NUM	NumType=Card	1	1.000	form_absent
1071	1071	NUM	NumType=Card	1	1.000	form_absent
1074	1074	NUM	NumType=Card	1	1.000	form_absent
1078	1078	NUM	NumType=Card	1	1.000	form_absent
1079	1079	NUM	NumType=Card	1	1.000	form_absent
109	109	NUM	NumType=Card	1	1.000	form_absent
10:04	10:04	NUM	NumType=Card	1	1.000	form_absent
10:05	10:05	NUM	NumType=Card	1	1.000	form_absent
11'06''	11'06''	NUM	NumType=Card	1	1.000	form_absent
11,8	11,8	NUM	NumType=Card	1	1.000	form_absent
11.07	11.07	NUM	NumType=Card	1	1.000	form_absent
110	110	NUM	NumType=Card	1	1.000	form_absent
1101	1101	NUM	NumType=Card	1	1.000	form_absent
1104	1104	NUM	NumType=Card	1	1.000	form_absent
1106	1106	NUM	NumType=Card	1	1.000	form_absent
1109	1109	NUM	NumType=Card	1	1.000	form_absent
1111	1111	NUM	NumType=Card	1	1.000	form_absent
11147	11147	NUM	NumType=Card	1	1.000	form_absent
1119	1119	NUM	NumType=Card	1	1.000	form_absent
1136	1136	NUM	NumType=Card	1	1.000	form_absent
114	114	NUM	NumType=Card	1	1.000	form_absent
1140	1140	NUM	NumType=Card	1	1.000	form_absent
1153	1153	NUM	NumType=Card	1	1.000	form_absent
116.000	116.000	NUM	NumType=Card	1	1.000	form_absent
1164	1164	NUM	NumType=Card	1	1.000	form_absent
1176	1176	NUM	NumType=Card	1	1.000	form_absent
1193	1193	NUM	NumType=Card	1	1.000	form_absent
12,5	12,5	NUM	NumType=Card	1	1.000	form_absent
1200	1200	NUM	NumType=Card	1	1.000	form_absent
1203	1203	NUM	NumType=Card	1	1.000	form_absent
1209	1209	NUM	NumType=Card	1	1.000	form_absent
120x300	120x300	NUM	NumType=Card	1	1.000	form_absent
121	121	NUM	NumType=Card	1	1.000	form_absent
1219	1219	NUM	NumType=Card	1	1.000	form_absent
122	122	NUM	NumType=Card	1	1.000	form_absent
1223	1223	NUM	NumType=Card	1	1.000	form_absent
1258	1258	NUM	NumType=Card	1	1.000	form_absent
1260	1260	NUM	NumType=Card	1	1.000	form_absent
1263	1263	NUM	NumType=Card	1	1.000	form_absent
1264	1264	NUM	NumType=Card	1	1.000	form_absent
1267	1267	NUM	NumType=Card	1	1.000	form_absent
127	127	NUM	NumType=Card	1	1.000	form_absent
127.000	127.000	NUM	NumType=Card	1	1.000	form_absent
128	128	NUM	NumType=Card	1	1.000	form_absent
129	129	NUM	NumType=Card	1	1.000	form_absent
13'	13'	NUM	NumType=Card	1	1.000	form_absent
13.00	13.00	NUM	NumType=Card	1	1.000	form_absent
1321	1321	NUM	NumType=Card	1	1.000	form_absent
133	133	NUM	NumType=Card	1	1.000	form_absent
135.000	135.000	NUM	NumType=Card	1	1.000	form_absent
136	136	NUM	NumType=Card	1	1.000	form_absent
1379	1379	NUM	NumType=Card	1	1.000	form_absent
1389	1389	NUM	NumType=Card	1	1.000	form_absent
140.000	140.000	NUM	NumType=Card	1	1.000	form_absent
1400	1400	NUM	NumType=Card	1	1.000	form_absent
14040	14040	NUM	NumType=Card	1	1.000	form_absent
1406	1406	NUM	NumType=Card	1	1.000	form_absent
1412	1412	NUM	NumType=Card	1	1.000	form_absent
1418	1418	NUM	NumType=Card	1	1.000	form_absent
143	143	NUM	NumType=Card	1	1.000	form_absent
1430	1430	NUM	NumType=Card	1	1.000	form_absent
1431	1431	NUM	NumType=Card	1	1.000	form_absent
1439	1439	NUM	NumType=Card	1	1.000	form_absent
1440	1440	NUM	NumType=Card	1	1.000	form_absent
1442	1442	NUM	NumType=Card	1	1.000	form_absent
1445	1445	NUM	NumType=Card	1	1.000	form_absent
1449	1449	NUM	NumType=Card	1	1.000	form_absent
1451	1451	NUM	NumType=Card	1	1.000	form_absent
1453	1453	NUM	NumType=Card	1	1.000	form_absent
1455	1455	NUM	NumType=Card	1	1.000	form_absent
1456	1456	NUM	NumType=Card	1	1.000	form_absent
1462	1462	NUM	NumType=Card	1	1.000	form_absent
1467	1467	NUM	NumType=Card	1	1.000	form_absent
1472	1472	NUM	NumType=Card	1	1.000	form_absent
1482	1482	NUM	NumType=Card	1	1.000	form_absent
1487	1487	NUM	NumType=Card	1	1.000	form_absent
1490	1490	NUM	NumType=Card	1	1.000	form_absent
15,7	15,7	NUM	NumType=Card	1	1.000	form_absent
15.40	15.40	NUM	NumType=Card	1	1.000	form_absent
150/300	150/300	NUM	NumType=Range	1	1.000	form_absent
15099	15099	NUM	NumType=Card	1	1.000	form_absent
151	151	NUM	NumType=Card	1	1.000	form_absent
1516	1516	NUM	NumType=Card	1	1.000	form_absent
1553	1553	NUM	NumType=Card	1	1.000	form_absent
1579	1579	NUM	NumType=Card	1	1.000	form_absent
1582	1582	NUM	NumType=Card	1	1.000	form_absent
1587	1587	NUM	NumType=Card	1	1.000	form_absent
1588	1588	NUM	NumType=Card	1	1.000	form_absent
1590	1590	NUM	NumType=Card	1	1.000	form_absent
1591	1591	NUM	NumType=Card	1	1.000	form_absent
1597	1597	NUM	NumType=Card	1	1.000	form_absent
15992	15992	NUM	NumType=Card	1	1.000	form_absent
1600	1600	NUM	NumType=Card	1	1.000	form_absent
1601	1601	NUM	NumType=Card	1	1.000	form_absent
1606	1606	NUM	NumType=Card	1	1.000	form_absent
1607	1607	NUM	NumType=Card	1	1.000	form_absent
1611	1611	NUM	NumType=Card	1	1.000	form_absent
1612	1612	NUM	NumType=Card	1	1.000	form_absent
163	163	NUM	NumType=Card	1	1.000	form_absent
1630	1630	NUM	NumType=Card	1	1.000	form_absent
1635	1635	NUM	NumType=Card	1	1.000	form_absent
164	164	NUM	NumType=Card	1	1.000	form_absent
165	165	NUM	NumType=Card	1	1.000	form_absent
1660	1660	NUM	NumType=Card	1	1.000	form_absent
1670	1670	NUM	NumType=Card	1	1.000	form_absent
168	168	NUM	NumType=Card	1	1.000	form_absent
17'	17'	NUM	NumType=Card	1	1.000	form_absent
17,3	17,3	NUM	NumType=Card	1	1.000	form_absent
17,5	17,5	NUM	NumType=Card	1	1.000	form_absent
17.000	17.000	NUM	NumType=Card	1	1.000	form_absent
17.30	17.30	NUM	NumType=Card	1	1.000	form_absent
1700	1700	NUM	NumType=Card	1	1.000	form_absent
1709	1709	NUM	NumType=Card	1	1.000	form_absent
1711	1711	NUM	NumType=Card	1	1.000	form_absent
175.000	175.000	NUM	NumType=Card	1	1.000	form_absent
1757	1757	NUM	NumType=Card	1	1.000	form_absent
1760	1760	NUM	NumType=Card	1	1.000	form_absent
1765	1765	NUM	NumType=Card	1	1.000	form_absent
17744	17744	NUM	NumType=Card	1	1.000	form_absent
1775	1775	NUM	NumType=Card	1	1.000	form_absent
1776	1776	NUM	NumType=Card	1	1.000	form_absent
1790	1790	NUM	NumType=Card	1	1.000	form_absent
1793	1793	NUM	NumType=Card	1	1.000	form_absent
1799	1799	NUM	NumType=Card	1	1.000	form_absent
18,55	18,55	NUM	NumType=Card	1	1.000	form_absent
18.000	18.000	NUM	NumType=Card	1	1.000	form_absent
18.30	18.30	NUM	NumType=Card	1	1.000	form_absent
1802	1802	NUM	NumType=Card	1	1.000	form_absent
1805	1805	NUM	NumType=Card	1	1.000	form_absent
1807	1807	NUM	NumType=Card	1	1.000	form_absent
1813	1813	NUM	NumType=Card	1	1.000	form_absent
1814	1814	NUM	NumType=Card	1	1.000	form_absent
1816	1816	NUM	NumType=Card	1	1.000	form_absent
1821	1821	NUM	NumType=Card	1	1.000	form_absent
1826	1826	NUM	NumType=Card	1	1.000	form_absent
1828	1828	NUM	NumType=Card	1	1.000	form_absent
1829	1829	NUM	NumType=Card	1	1.000	form_absent
1831	1831	NUM	NumType=Card	1	1.000	form_absent
1833	1833	NUM	NumType=Card	1	1.000	form_absent
1836	1836	NUM	NumType=Card	1	1.000	form_absent
1853	1853	NUM	NumType=Card	1	1.000	form_absent
1857	1857	NUM	NumType=Card	1	1.000	form_absent
1859	1859	NUM	NumType=Card	1	1.000	form_absent
1863	1863	NUM	NumType=Card	1	1.000	form_absent
1865	1865	NUM	NumType=Card	1	1.000	form_absent
1868	1868	NUM	NumType=Card	1	1.000	form_absent
1876	1876	NUM	NumType=Card	1	1.000	form_absent
1877	1877	NUM	NumType=Card	1	1.000	form_absent
1880	1880	NUM	NumType=Card	1	1.000	form_absent
1885	1885	NUM	NumType=Card	1	1.000	form_absent
1888	1888	NUM	NumType=Card	1	1.000	form_absent
1891	1891	NUM	NumType=Card	1	1.000	form_absent
19'43''	19'43''	NUM	NumType=Card	1	1.000	form_absent
1901	1901	NUM	NumType=Card	1	1.000	form_absent
1902	1902	NUM	NumType=Card	1	1.000	form_absent
1904	1904	NUM	NumType=Card	1	1.000	form_absent
1905	1905	NUM	NumType=Card	1	1.000	form_absent
1906	1906	NUM	NumType=Card	1	1.000	form_absent
1907	1907	NUM	NumType=Card	1	1.000	form_absent
1909	1909	NUM	NumType=Card	1	1.000	form_absent
1912	1912	NUM	NumType=Card	1	1.000	form_absent
1918	1918	NUM	NumType=Card	1	1.000	form_absent
1923-2003	1923-2003	NUM	NumType=Card	1	1.000	form_absent
1928	1928	NUM	NumType=Card	1	1.000	form_absent
1929	1929	NUM	NumType=Card	1	1.000	form_absent
1932	1932	NUM	NumType=Card	1	1.000	form_absent
1935	1935	NUM	NumType=Card	1	1.000	form_absent
1950	1950	NUM	NumType=Card	1	1.000	form_absent
1952	1952	NUM	NumType=Card	1	1.000	form_absent
1955	1955	NUM	NumType=Card	1	1.000	form_absent
1968	1968	NUM	NumType=Card	1	1.000	form_absent
1977	1977	NUM	NumType=Card	1	1.000	form_absent
198	198	NUM	NumType=Card	1	1.000	form_absent
199	199	NUM	NumType=Card	1	1.000	form_absent
19:50	19:50	NUM	NumType=Card	1	1.000	form_absent
1:20	1:20	NUM	NumType=Card	1	1.000	form_absent
2'42''	2'42''	NUM	NumType=Card	1	1.000	form_absent
2,01	2,01	NUM	NumType=Card	1	1.000	form_absent
2,2	2,2	NUM	NumType=Card	1	1.000	form_absent
2,4	2,4	NUM	NumType=Card	1	1.000	form_absent
2,5	2,5	NUM	NumType=Card	1	1.000	form_absent
2,7	2,7	NUM	NumType=Card	1	1.000	form_absent
2.3	2.3	NUM	NumType=Card	1	1.000	form_absent
2.30	2.30	NUM	NumType=Card	1	1.000	form_absent
2.5	2.5	NUM	NumType=Card	1	1.000	form_absent
2/3	2/3	NUM	NumType=Range	1	1.000	form_absent
20'01''	20'01''	NUM	NumType=Card	1	1.000	form_absent
20.00	20.00	NUM	NumType=Card	1	1.000	form_absent
20.06	20.06	NUM	NumType=Card	1	1.000	form_absent
20.45	20.45	NUM	NumType=Card	1	1.000	form_absent
20.50	20.50	NUM	NumType=Card	1	1.000	form_absent
2015	2015	NUM	NumType=Card	1	1.000	form_absent
2017	2017	NUM	NumType=Card	1	1.000	form_absent
204	204	NUM	NumType=Card	1	1.000	form_absent
2041	2041	NUM	NumType=Card	1	1.000	form_absent
2042	2042	NUM	NumType=Card	1	1.000	form_absent
205	205	NUM	NumType=Card	1	1.000	form_absent
2053	2053	NUM	NumType=Card	1	1.000	form_absent
207	207	NUM	NumType=Card	1	1.000	form_absent
208	208	NUM	NumType=Card	1	1.000	form_absent
20970	20970	NUM	NumType=Card	1	1.000	form_absent
20:24:0	20:24:0	NUM	NumType=Card	1	1.000	form_absent
20th	20th	PROPN	_	1	1.000	form_absent
20°	20°	ADJ	NumType=Ord	1	1.000	form_absent
2127	2127	NUM	NumType=Card	1	1.000	form_absent
213	213	NUM	NumType=Card	1	1.000	form_absent
215	215	NUM	NumType=Card	1	1.000	form_absent
218,46	218,46	NUM	NumType=Card	1	1.000	form_absent
22.000	22.000	NUM	NumType=Card	1	1.000	form_absent
22.4.1995	22.4.1995	NUM	NumType=Card	1	1.000	form_absent
22.500	22.500	NUM	NumType=Card	1	1.000	form_absent
22.684.000	22.684.000	NUM	NumType=Card	1	1.000	form_absent
220.000	220.000	NUM	NumType=Card	1	1.000	form_absent
2200	2200	NUM	NumType=Card	1	1.000	form_absent
23'	23'	NUM	NumType=Card	1	1.000	form_absent
231	231	NUM	NumType=Card	1	1.000	form_absent
232	232	NUM	NumType=Card	1	1.000	form_absent
240	240	NUM	NumType=Card	1	1.000	form_absent
2422	2422	NUM	NumType=Card	1	1.000	form_absent
25,84	25,84	NUM	NumType=Card	1	1.000	form_absent
25.000	25.000	NUM	NumType=Card	1	1.000	form_absent
251	251	NUM	NumType=Card	1	1.000	form_absent
25449	25449	NUM	NumType=Card	1	1.000	form_absent
255	255	NUM	NumType=Card	1	1.000	form_absent
2561	2561	NUM	NumType=Card	1	1.000	form_absent
26.554.020	26.554.020	NUM	NumType=Card	1	1.000	form_absent
260	260	NUM	NumType=Card	1	1.000	form_absent
2600	2600	NUM	NumType=Card	1	1.000	form_absent
261	261	NUM	NumType=Card	1	1.000	form_absent
263	263	NUM	NumType=Card	1	1.000	form_absent
2645	2645	NUM	NumType=Card	1	1.000	form_absent
2651	2651	NUM	NumType=Card	1	1.000	form_absent
2655	2655	NUM	NumType=Card	1	1.000	form_absent
2680	2680	NUM	NumType=Card	1	1.000	form_absent
2684	2684	NUM	NumType=Card	1	1.000	form_absent
2697	2697	NUM	NumType=Card	1	1.000	form_absent
27,6	27,6	NUM	NumType=Card	1	1.000	form_absent
27.500	27.500	NUM	NumType=Card	1	1.000	form_absent
270	270	NUM	NumType=Card	1	1.000	form_absent
2702	2702	NUM	NumType=Card	1	1.000	form_absent
2704	2704	NUM	NumType=Card	1	1.000	form_absent
2720	2720	NUM	NumType=Card	1	1.000	form_absent
2727	2727	NUM	NumType=Card	1	1.000	form_absent
2756	2756	NUM	NumType=Card	1	1.000	form_absent
2763	2763	NUM	NumType=Card	1	1.000	form_absent
2775	2775	NUM	NumType=Card	1	1.000	form_absent
2789	2789	NUM	NumType=Card	1	1.000	form_absent
2816	2816	NUM	NumType=Card	1	1.000	form_absent
2825	2825	NUM	NumType=Card	1	1.000	form_absent
29,4	29,4	NUM	NumType=Card	1	1.000	form_absent
291	291	NUM	NumType=Card	1	1.000	form_absent
2930	2930	NUM	NumType=Card	1	1.000	form_absent
2941	2941	NUM	NumType=Card	1	1.000	form_absent
2948	2948	NUM	NumType=Card	1	1.000	form_absent
2963	2963	NUM	NumType=Card	1	1.000	form_absent
2°	2°	ADJ	NumType=Ord	1	1.000	form_absent
3,55	3,55	NUM	NumType=Card	1	1.000	form_absent
3,6	3,6	NUM	NumType=Card	1	1.000	form_absent
3,65	3,65	NUM	NumType=Card	1	1.000	form_absent
3,9	3,9	NUM	NumType=Card	1	1.000	form_absent
3.0	3.0	NUM	NumType=Card	1	1.000	form_absent
3.100	3.100	NUM	NumType=Card	1	1.000	form_absent
3.400	3.400	NUM	NumType=Card	1	1.000	form_absent
3.800	3.800	NUM	NumType=Card	1	1.000	form_absent
30,5x30,5	30,5x30,5	NUM	NumType=Card	1	1.000	form_absent
30.000	30.000	NUM	NumType=Card	1	1.000	form_absent
305	305	NUM	NumType=Card	1	1.000	form_absent
309,4	309,4	NUM	NumType=Card	1	1.000	form_absent
310	310	NUM	NumType=Card	1	1.000	form_absent
3100	3100	NUM	NumType=Card	1	1.000	form_absent
31306	31306	NUM	NumType=Card	1	1.000	form_absent
32.975	32.975	NUM	NumType=Card	1	1.000	form_absent
320	320	NUM	NumType=Card	1	1.000	form_absent
3267	3267	NUM	NumType=Card	1	1.000	form_absent
328	328	NUM	NumType=Card	1	1.000	form_absent
33.000	33.000	NUM	NumType=Card	1	1.000	form_absent
3300	3300	NUM	NumType=Card	1	1.000	form_absent
33787	33787	NUM	NumType=Card	1	1.000	form_absent
339-991199	339-991199	NUM	NumType=Card	1	1.000	form_absent
34'	34'	NUM	NumType=Card	1	1.000	form_absent
344	344	NUM	NumType=Card	1	1.000	form_absent
35'	35'	NUM	NumType=Card	1	1.000	form_absent
35,8	35,8	NUM	NumType=Card	1	1.000	form_absent
3500	3500	NUM	NumType=Card	1	1.000	form_absent
355.089,40	355.089,40	NUM	NumType=Card	1	1.000	form_absent
35_	ExtraSubj=Yes|35_	ADJ	NumType=Ord	1	1.000	form_absent
374	374	NUM	NumType=Card	1	1.000	form_absent
390	390	NUM	NumType=Card	1	1.000	form_absent
396	396	NUM	NumType=Card	1	1.000	form_absent
4'	4'	NUM	NumType=Card	1	1.000	form_absent
4,2	4,2	NUM	NumType=Card	1	1.000	form_absent
4,5	4,5	NUM	NumType=Card	1	1.000	form_absent
4,6	4,6	NUM	NumType=Card	1	1.000	form_absent
4,7	4,7	NUM	NumType=Card	1	1.000	form_absent
4.755.000	4.755.000	NUM	NumType=Card	1	1.000	form_absent
40'31''	40'31''	NUM	NumType=Card	1	1.000	form_absent
404	404	NUM	NumType=Card	1	1.000	form_absent
4045	4045	NUM	NumType=Card	1	1.000	form_absent
41'	41'	NUM	NumType=Card	1	1.000	form_absent
41,46	41,46	NUM	NumType=Card	1	1.000	form_absent
41,5	41,5	NUM	NumType=Card	1	1.000	form_absent
41,7	41,7	NUM	NumType=Card	1	1.000	form_absent
41,795	41,795	NUM	NumType=Card	1	1.000	form_absent
420	420	NUM	NumType=Card	1	1.000	form_absent
427	427	NUM	NumType=Card	1	1.000	form_absent
43'	43'	NUM	NumType=Card	1	1.000	form_absent
43''	43''	NUM	NumType=Card	1	1.000	form_absent
43,1	43,1	NUM	NumType=Card	1	1.000	form_absent
43,5	43,5	NUM	NumType=Card	1	1.000	form_absent
431	431	NUM	NumType=Card	1	1.000	form_absent
43432	43432	NUM	NumType=Card	1	1.000	form_absent
438	438	NUM	NumType=Card	1	1.000	form_absent
44''	44''	NUM	NumType=Card	1	1.000	form_absent
44.000	44.000	NUM	NumType=Card	1	1.000	form_absent
45,7x45,7	45,7x45,7	NUM	NumType=Card	1	1.000	form_absent
450.000	450.000	NUM	NumType=Card	1	1.000	form_absent
45227	45227	NUM	NumType=Card	1	1.000	form_absent
456	456	NUM	NumType=Card	1	1.000	form_absent
46.500	46.500	NUM	NumType=Card	1	1.000	form_absent
465	465	NUM	NumType=Card	1	1.000	form_absent
46enne	46enne	ADJ	Number=Sing	1	1.000	form_absent
47,6	47,6	NUM	NumType=Card	1	1.000	form_absent
480	480	NUM	NumType=Card	1	1.000	form_absent
48esimo	48esimo	ADJ	Gender=Masc|NumType=Ord|Number=Sing	1	1.000	form_absent
499	499	NUM	NumType=Card	1	1.000	form_absent
4:30	4:30	NUM	NumType=Card	1	1.000	form_absent
5,5	5,5	NUM	NumType=Card	1	1.000	form_absent
5,6	5,6	NUM	NumType=Card	1	1.000	form_absent
5,7	5,7	NUM	NumType=Card	1	1.000	form_absent
50000	50000	NUM	NumType=Card	1	1.000	form_absent
50x50	50x50	NUM	NumType=Card	1	1.000	form_absent
511	511	NUM	NumType=Card	1	1.000	form_absent
52,6	52,6	NUM	NumType=Card	1	1.000	form_absent
53	53	NUM	NumType=Card	1	1.000	form_absent
53''	53''	NUM	NumType=Card	1	1.000	form_absent
5300	5300	NUM	NumType=Card	1	1.000	form_absent
53358	53358	NUM	NumType=Card	1	1.000	form_absent
54	54	NUM	NumType=Card	1	1.000	form_absent
54,6	54,6	NUM	NumType=Card	1	1.000	form_absent
540	540	NUM	NumType=Card	1	1.000	form_absent
543	543	NUM	NumType=Card	1	1.000	form_absent
547	547	NUM	NumType=Card	1	1.000	form_absent
54°	54°	ADJ	NumType=Ord|Number=Sing	1	1.000	form_absent
556	556	NUM	NumType=Card	1	1.000	form_absent
55enne	55enne	ADJ	Number=Sing	1	1.000	form_absent
56206	56206	NUM	NumType=Card	1	1.000	form_absent
56°	56°	ADJ	Gender=Masc|NumType=Ord|Number=Sing	1	1.000	form_absent
57°	57°	ADJ	Gender=Masc|NumType=Ord|Number=Sing	1	1.000	form_absent
581	581	NUM	NumType=Card	1	1.000	form_absent
588	588	NUM	NumType=Card	1	1.000	form_absent
6,65	6,65	NUM	NumType=Card	1	1.000	form_absent
6,74	6,74	NUM	NumType=Card	1	1.000	form_absent
6,76	6,76	NUM	NumType=Card	1	1.000	form_absent
6,78	6,78	NUM	NumType=Card	1	1.000	form_absent
6,84	6,84	NUM	NumType=Card	1	1.000	form_absent
6,86	6,86	NUM	NumType=Card	1	1.000	form_absent
6,96	6,96	NUM	NumType=Card	1	1.000	form_absent
6.405	6.405	NUM	NumType=Card	1	1.000	form_absent
60x60	60x60	NUM	NumType=Card	1	1.000	form_absent
615	615	NUM	NumType=Card	1	1.000	form_absent
616	616	NUM	NumType=Card	1	1.000	form_absent
627	627	NUM	NumType=Card	1	1.000	form_absent
62817	62817	NUM	NumType=Card	1	1.000	form_absent
63,8	63,8	NUM	NumType=Card	1	1.000	form_absent
649	649	NUM	NumType=Card	1	1.000	form_absent
65.000	65.000	NUM	NumType=Card	1	1.000	form_absent
65180	65180	NUM	NumType=Card	1	1.000	form_absent
670	670	NUM	NumType=Card	1	1.000	form_absent
678	678	NUM	NumType=Card	1	1.000	form_absent
68	68	NUM	NumType=Card	1	1.000	form_absent
698	698	NUM	NumType=Card	1	1.000	form_absent
7,30	7,30	NUM	NumType=Card	1	1.000	form_absent
7.000	7.000	NUM	NumType=Card	1	1.000	form_absent
7.800.000,00	7.800.000,00	NUM	NumType=Card	1	1.000	form_absent
707	707	NUM	NumType=Card	1	1.000	form_absent
71062	71062	NUM	NumType=Card	1	1.000	form_absent
713	713	NUM	NumType=Card	1	1.000	form_absent
717	717	NUM	NumType=Card	1	1.000	form_absent
718	718	NUM	NumType=Card	1	1.000	form_absent
72.000	72.000	NUM	NumType=Card	1	1.000	form_absent
73	73	NUM	NumType=Card	1	1.000	form_absent
73362	73362	NUM	NumType=Card	1	1.000	form_absent
740	740	NUM	NumType=Card	1	1.000	form_absent
747	747	NUM	NumType=Card	1	1.000	form_absent
748,91	748,91	NUM	NumType=Card	1	1.000	form_absent
7502	7502	NUM	NumType=Card	1	1.000	form_absent
757	757	NUM	NumType=Card	1	1.000	form_absent
794.231.223	794.231.223	NUM	NumType=Card	1	1.000	form_absent
7:32	7:32	NUM	NumType=Card	1	1.000	form_absent
8.	8.	NUM	NumType=Card	1	1.000	form_absent
80.000	80.000	NUM	NumType=Card	1	1.000	form_absent
800-196.196	800-196.196	SYM	_	1	1.000	form_absent
80970	80970	NUM	NumType=Card	1	1.000	form_absent
80°	80°	ADJ	Gender=Masc|NumType=Ord|Number=Sing	1	1.000	form_absent
812	812	NUM	NumType=Card	1	1.000	form_absent
815	815	PROPN	_	1	1.000	form_absent
816,8	816,8	NUM	NumType=Card	1	1.000	form_absent
81917	81917	NUM	NumType=Card	1	1.000	form_absent
824	824	NUM	NumType=Card	1	1.000	form_absent
829229	829229	NUM	NumType=Card	1	1.000	form_absent
835	835	NUM	NumType=Card	1	1.000	form_absent
836	836	NUM	NumType=Card	1	1.000	form_absent
838	838	NUM	NumType=Card	1	1.000	form_absent
842	842	NUM	NumType=Card	1	1.000	form_absent
845	845	NUM	NumType=Card	1	1.000	form_absent
847	847	NUM	NumType=Card	1	1.000	form_absent
848	848	NUM	NumType=Card	1	1.000	form_absent
849	849	NUM	NumType=Card	1	1.000	form_absent
852	852	NUM	NumType=Card	1	1.000	form_absent
854	854	NUM	NumType=Card	1	1.000	form_absent
855	855	NUM	NumType=Card	1	1.000	form_absent
859	859	NUM	NumType=Card	1	1.000	form_absent
864	864	NUM	NumType=Card	1	1.000	form_absent
866	866	NUM	NumType=Card	1	1.000	form_absent
867	867	NUM	NumType=Card	1	1.000	form_absent
868	868	NUM	NumType=Card	1	1.000	form_absent
871	871	NUM	NumType=Card	1	1.000	form_absent
879	879	NUM	NumType=Card	1	1.000	form_absent
883	883	NUM	NumType=Card	1	1.000	form_absent
884	884	NUM	NumType=Card	1	1.000	form_absent
886	886	NUM	NumType=Card	1	1.000	form_absent
887	887	NUM	NumType=Card	1	1.000	form_absent
889	889	NUM	NumType=Card	1	1.000	form_absent
892	892	NUM	NumType=Card	1	1.000	form_absent
893	893	NUM	NumType=Card	1	1.000	form_absent
894	894	NUM	NumType=Card	1	1.000	form_absent
895	895	NUM	NumType=Card	1	1.000	form_absent
8963	8963	NUM	NumType=Card	1	1.000	form_absent
897	897	NUM	NumType=Card	1	1.000	form_absent
9''79	9''79	NUM	NumType=Card	1	1.000	form_absent
90.000	90.000	NUM	NumType=Card	1	1.000	form_absent
9002	9002	NUM	NumType=Card	1	1.000	form_absent
901	901	NUM	NumType=Card	1	1.000	form_absent
90210	90210	NUM	NumType=Card	1	1.000	form_absent
904	904	NUM	NumType=Card	1	1.000	form_absent
906	906	NUM	NumType=Card	1	1.000	form_absent
917	917	NUM	NumType=Card	1	1.000	form_absent
919	919	NUM	NumType=Card	1	1.000	form_absent
920	920	NUM	NumType=Card	1	1.000	form_absent
92205	92205	NUM	NumType=Card	1	1.000	form_absent
924	924	NUM	NumType=Card	1	1.000	form_absent
925	925	NUM	NumType=Card	1	1.000	form_absent
926	926	NUM	NumType=Card	1	1.000	form_absent
929	929	NUM	NumType=Card	1	1.000	form_absent
931	931	NUM	NumType=Card	1	1.000	form_absent
941	941	NUM	NumType=Card	1	1.000	form_absent
943	943	NUM	NumType=Card	1	1.000	form_absent
94300	94300	NUM	NumType=Card	1	1.000	form_absent
944	944	NUM	NumType=Card	1	1.000	form_absent
950	950	NUM	NumType=Card	1	1.000	form_absent
951	951	NUM	NumType=Card	1	1.000	form_absent
952	952	NUM	NumType=Card	1	1.000	form_absent
9522	9522	NUM	NumType=Card	1	1.000	form_absent
95340	95340	NUM	NumType=Card	1	1.000	form_absent
954	954	NUM	NumType=Card	1	1.000	form_absent
95422	95422	NUM	NumType=Card	1	1.000	form_absent
955	955	NUM	NumType=Card	1	1.000	form_absent
957	957	NUM	NumType=Card	1	1.000	form_absent
959	959	NUM	NumType=Card	1	1.000	form_absent
960	960	NUM	NumType=Card	1	1.000	form_absent
963	963	NUM	NumType=Card	1	1.000	form_absent
964	964	NUM	NumType=Card	1	1.000	form_absent
966	966	NUM	NumType=Card	1	1.000	form_absent
967	967	NUM	NumType=Card	1	1.000	form_absent
968	968	NUM	NumType=Card	1	1.000	form_absent
972	972	NUM	NumType=Card	1	1.000	form_absent
974	974	NUM	NumType=Card	1	1.000	form_absent
976	976	NUM	NumType=Card	1	1.000	form_absent
977	977	NUM	NumType=Card	1	1.000	form_absent
978	978	NUM	NumType=Card	1	1.000	form_absent
979	979	NUM	NumType=Card	1	1.000	form_absent
980	980	NUM	NumType=Card	1	1.000	form_absent
984	984	NUM	NumType=Card	1	1.000	form_absent
987	987	NUM	NumType=Card	1	1.000	form_absent
989	989	NUM	NumType=Card	1	1.000	form_absent
99.000	99.000	NUM	NumType=Card	1	1.000	form_absent
992	992	NUM	NumType=Card	1	1.000	form_absent
994	994	NUM	NumType=Card	1	1.000	form_absent
996	996	NUM	NumType=Card	1	1.000	form_absent
997	997	NUM	NumType=Card	1	1.000	form_absent
998	998	NUM	NumType=Card	1	1.000	form_absent
A.C.	A.C.	PROPN	_	1	1.000	form_absent
A5-0104	A5-0104	PROPN	_	1	1.000	form_absent
A5-0105	A5-0105	PROPN	_	1	1.000	form_absent
A5-0108	A5-0108	PROPN	_	1	1.000	form_absent
AB	AB	PROPN	_	1	0.333	form_absent
AC	AC	PROPN	_	1	1.000	form_absent
ACLU	Aclu	PROPN	_	1	1.000	form_absent
ACNUR	Acnur	PROPN	_	1	1.000	form_absent
AD	AD	PROPN	_	1	1.000	form_absent
ALCIDE	ALCIDE	PROPN	_	1	1.000	form_absent
ALDI	Aldi	PROPN	_	1	1.000	form_absent
ANC	Anc	PROPN	_	1	1.000	form_absent
AOT40	AOT40	PROPN	_	1	1.000	form_absent
AS	As	PROPN	_	1	1.000	form_absent
ASI	ASI	PROPN	_	1	1.000	form_absent
ATIS	ATIS	PROPN	_	1	1.000	form_absent
Abaco	Abaco	X	Foreign=Yes	1	0.500	form_absent
Abaco	abaco	NOUN	Gender=Masc|Number=Sing	1	0.500	form_absent
Abbaglia	abbagliare	VERB	Mood=Ind|Number=Sing|Person=3|Tense=Pres|VerbForm=Fin	1	1.000	form_absent
Abbandono	abbandono	NOUN	Gender=Masc|Number=Sing	1	1.000	form_absent
Abbattimento	abbattimento	NOUN	Gender=Masc|Number=Sing	1	1.000	form_absent
Abbeville	Abbeville	PROPN	_	1	1.000	form_absent
Abbey	Abbey	PROPN	_	1	1.000	form_absent
Abbondano	abbondare	VERB	Mood=Ind|Number=Plur|Person=3|Tense=Pres|VerbForm=Fin	1	1.000	form_absent
Abbott	Abbott	PROPN	_	1	1.000	form_absent
Abe	Abe	PROPN	_	1	1.000	form_absent
Abel	Abel	PROPN	_	1	1.000	form_absent
Abitazioni	Abitazioni	NOUN	Gender=Fem|Number=Plur	1	1.000	form_absent
Abramo	Abramo	PROPN	_	1	1.000	form_absent
Abrantès	Abrantès	PROPN	_	1	1.000	form_absent
Abruzzi	Abruzzi	PROPN	_	1	1.000	form_absent
Abusi	abuso	NOUN	Gender=Masc|Number=Plur	1	1.000	form_absent
Acacia	acacia	NOUN	Number=Sing	1	1.000	form_absent
Acanfora	Acanfora	PROPN	_	1	1.000	form_absent
Accademia	Accademia	PROPN	_	1	1.000	form_absent
Accanto	accanto	ADV	_	1	0.200	form_absent
Accertamento	accertamento	NOUN	Gender=Masc|Number=Sing	1	1.000	form_absent
Accesso	accesso	NOUN	Gender=Masc|Number=Sing	1	1.000	form_absent
Accetto	accettare	VERB	Mood=Ind|Number=Sing|Person=1|Tense=Pres|VerbForm=Fin	1	1.000	form_absent
Accompagnato	accompagnare	VERB	Gender=Masc|Number=Sing|Tense=Past|VerbForm=Part	1	1.000	form_absent
Account	Account	PROPN	_	1	1.000	form_absent
Accredita	accreditare	VERB	Mood=Ind|Number=Sing|Person=3|Tense=Pres|VerbForm=Fin	1	1.000	form_absent
Accumulated	accumulated	ADJ	_	1	1.000	form_absent
Accusa	accusa	NOUN	Gender=Fem|Number=Sing	1	1.000	form_absent
Ackley	Ackley	PROPN	_	1	1.000	form_absent
Acosta	Acosta	PROPN	_	1	1.000	form_absent
Acquafredda	Acquafredda	PROPN	_	1	1.000	form_absent
Acquisto	acquisto	NOUN	Gender=Masc|Number=Sing	1	1.000	form_absent
Act	Act	PROPN	_	1	1.000	form_absent
Actor	Actor	PROPN	_	1	1.000	form_absent
Addario	Addario	PROPN	_	1	1.000	form_absent
Addenbrooke	Addenbrooke	PROPN	_	1	1.000	form_absent
Additional	additional	ADJ	_	1	1.000	form_absent
Adelaide	Adelaide	PROPN	_	1	1.000	form_absent
Adelsi	Adelsi	PROPN	_	1	1.000	form_absent
Adem	Adem	PROPN	_	1	1.000	form_absent
Adj	Adj	PROPN	_	1	1.000	form_absent
Adolph	Adolph	PROPN	_	1	1.000	form_absent
Adottar	adottare	VERB	VerbForm=Inf	1	1.000	form_absent
Adventure	Adventure	PROPN	_	1	1.000	form_absent
Adwords	Adwords	PROPN	_	1	1.000	form_absent
Aerobrigata	Aerobrigata	PROPN	_	1	1.000	form_absent
Aeronautica	Aeronautica	PROPN	_	1	0.250	form_absent
Aeronautico	Aeronautico	PROPN	_	1	1.000	form_absent
Aeroplano	Aeroplano	PROPN	_	1	1.000	form_absent
Aerospaziali	aerospaziali	ADJ	Number=Plur	1	0.333	form_absent
Afanasiev	Afanasiev	PROPN	_	1	1.000	form_absent
Affari	Affari	PROPN	_	1	0.250	form_absent
Affari	Affari	NOUN	Gender=Fem|Number=Sing	1	0.250	form_absent
Affi	Affi	PROPN	_	1	1.000	form_absent
Affidava	affidare	VERB	Mood=Ind|Number=Sing|Person=3|Tense=Imp|VerbForm=Fin	1	1.000	form_absent
Affiliato	Affiliato	PROPN	_	1	1.000	form_absent
Affrontando	affrontare	VERB	VerbForm=Ger	1	1.000	form_absent
Affrontare	affrontare	VERB	VerbForm=Inf	1	1.000	form_absent
Africo	Africo	PROPN	_	1	1.000	form_absent
Agazio	Agazio	PROPN	_	1	1.000	form_absent
Agenzia	Agenzia	PROPN	_	1	0.500	form_absent
Agenzia	Agenzia	NOUN	Gender=Fem|Number=Sing	1	0.500	form_absent
Aggiungo	aggiungere	VERB	Mood=Ind|Number=Sing|Person=1|Tense=Pres|VerbForm=Fin	1	1.000	form_absent
Ahab	Ahab	PROPN	_	1	1.000	form_absent
Ahmadinejad	Ahmadinejad	PROPN	_	1	1.000	form_absent
Aid	Aid	PROPN	_	1	1.000	form_absent
Aiea	Aiea	PROPN	_	1	1.000	form_absent
Aism	Aism	PROPN	_	1	1.000	form_absent
Aiut	Aiut	PROPN	_	1	1.000	form_absent
Akabane	Akabane	PROPN	_	1	1.000	form_absent
Al.	Al.	PROPN	_	1	1.000	form_absent
AlRimal	Alrimal	PROPN	_	1	1.000	form_absent
Ala	Ala	PROPN	_	1	1.000	form_absent
Alamos	Alamos	PROPN	_	1	1.000	form_absent
Albacete	Albacete	PROPN	_	1	1.000	form_absent
Albano	Albano	PROPN	_	1	1.000	form_absent
Alberizzi	Alberizzi	PROPN	_	1	1.000	form_absent
Albertville	Albertville	PROPN	_	1	1.000	form_absent
Album	album	NOUN	Number=Sing	1	1.000	form_absent
Aldrich	Aldrich	PROPN	_	1	1.000	form_absent
Aldrin	Aldrin	PROPN	_	1	1.000	form_absent
Alemanno	Alemanno	PROPN	_	1	1.000	form_absent
Alemka	Alemka	PROPN	_	1	1.000	form_absent
Alexandra	Alexandra	PROPN	_	1	1.000	form_absent
Alexia	Alexia	PROPN	_	1	1.000	form_absent
Alfacel	Alfacel	PROPN	_	1	1.000	form_absent
Algarve	Algarve	PROPN	_	1	1.000	form_absent
Alger	Alger	PROPN	_	1	1.000	form_absent
Alia	Alia	PROPN	_	1	1.000	form_absent
Alienikov	Alienikov	PROPN	_	1	1.000	form_absent
Alija	Alija	PROPN	_	1	1.000	form_absent
Alimentare	Alimentare	ADJ	Number=Sing	1	0.500	form_absent
Alimentare	alimentare	ADJ	Number=Sing	1	0.500	form_absent
Alimucaj	Alimucaj	PROPN	_	1	1.000	form_absent
Alimucay	Alimucay	PROPN	_	1	1.000	form_absent
Aliseo	Aliseo	PROPN	_	1	1.000	form_absent
Alisio	Alisio	PROPN	_	1	1.000	form_absent
Allan	Allan	PROPN	_	1	1.000	form_absent
Allarme	allarme	NOUN	Gender=Masc|Number=Sing	1	1.000	form_absent
Almeida	Almeida	PROPN	_	1	1.000	form_absent
Alpin	Alpin	PROPN	_	1	1.000	form_absent
Alpino	Alpino	PROPN	_	1	1.000	form_absent
Alt	Alt	PROPN	_	1	1.000	form_absent
Alta	Alta	PROPN	_	1	1.000	form_absent
Alte	Alte	PROPN	_	1	1.000	form_absent
Althea	Althea	PROPN	_	1	1.000	form_absent
Altissima	alto	ADJ	Degree=Abs|Gender=Fem|Number=Sing	1	1.000	form_absent
Altissimo	Altissimo	PROPN	_	1	1.000	form_absent
Alto	Alto	ADJ	Number=Sing	1	0.143	form_absent
Altre	altro	PRON	Gender=Fem|Number=Plur|PronType=Ind	1	0.125	form_absent
Altrimenti	altrimenti	CCONJ	_	1	0.333	form_absent
Alvalade	Alvalade	PROPN	_	1	1.000	form_absent
Alveo	alveo	NOUN	Gender=Masc|Number=Sing	1	1.000	form_absent
Alydaress	Alydaress	PROPN	_	1	1.000	form_absent
Ama	Ama	PROPN	_	1	0.333	form_absent
Ama	amare	VERB	Mood=Ind|Number=Sing|Person=3|Tense=Pres|VerbForm=Fin	1	0.333	form_absent
Ama	amare	VERB	Mood=Imp|Number=Sing|Person=2|Tense=Pres|VerbForm=Fin	1	0.333	form_absent
Amado	Amado	PROPN	_	1	1.000	form_absent
Amaldi	Amaldi	PROPN	_	1	1.000	form_absent
Amarcord	Amarcord	PROPN	_	1	1.000	form_absent
Amazon	Amazon	PROPN	_	1	1.000	form_absent
Ambassador	Ambassador	PROPN	_	1	1.000	form_absent
Ambiente	ambiente	NOUN	Gender=Masc|Number=Sing	1	1.000	form_absent
Ambito	ambito	NOUN	Gender=Masc|Number=Sing	1	1.000	form_absent
Amelia	Amelia	PROPN	_	1	1.000	form_absent
Amelie	Amelie	PROPN	_	1	1.000	form_absent
Amen	amen	INTJ	_	1	1.000	form_absent
Americana	Americana	PROPN	_	1	1.000	form_absent
Americano	Americano	PROPN	_	1	1.000	form_absent
Americhe	Americhe	PROPN	_	1	1.000	form_absent
Ames	Ames	PROPN	_	1	1.000	form_absent
Amiata	Amiata	PROPN	_	1	1.000	form_absent
Amichevole	amichevole	NOUN	Gender=Fem|Number=Sing	1	1.000	form_absent
Amici	Amici	PROPN	_	1	1.000	form_absent
Amiens	Amiens	PROPN	_	1	1.000	form_absent
Amincissant	Amincissant	PROPN	_	1	1.000	form_absent
Amintore	Amintore	PROPN	_	1	1.000	form_absent
Ammaniti	Ammaniti	PROPN	_	1	1.000	form_absent
Ammessa	ammettere	VERB	Gender=Fem|Number=Sing|Tense=Past|VerbForm=Part	1	1.000	form_absent
Ammesso	ammettere	VERB	Gender=Masc|Number=Sing|Tense=Past|VerbForm=Part	1	1.000	form_absent
Amodio	Amodio	PROPN	_	1	1.000	form_absent
Amore	amore	NOUN	Gender=Masc|Number=Sing	1	0.333	form_absent
Ampi	ampio	ADJ	Gender=Masc|Number=Plur	1	1.000	form_absent
Analoga	analogo	ADJ	Gender=Fem|Number=Sing	1	1.000	form_absent
Anand	Anand	PROPN	_	1	1.000	form_absent
Anci	Anci	PROPN	_	1	1.000	form_absent
Andar	andare	VERB	VerbForm=Inf	1	1.000	form_absent
Andava	andare	VERB	Mood=Ind|Number=Sing|Person=3|Tense=Imp|VerbForm=Fin	1	1.000	form_absent
Andersonville	Andersonville	PROPN	_	1	1.000	form_absent
Andres	Andres	PROPN	_	1	1.000	form_absent
Andriy	Andriy	PROPN	_	1	1.000	form_absent
Andrà	andare	VERB	Mood=Ind|Number=Sing|Person=3|Tense=Fut|VerbForm=Fin	1	1.000	form_absent
Andrés	Andrés	PROPN	_	1	1.000	form_absent
Angabu	Angabu	PROPN	_	1	1.000	form_absent
Angelica	Angelica	PROPN	_	1	1.000	form_absent
Angels	angels	NOUN	_	1	1.000	form_absent
Angelus	Angelus	PROPN	_	1	1.000	form_absent
Angera	Angera	PROPN	_	1	1.000	form_absent
Anghiari	Anghiari	PROPN	_	1	1.000	form_absent
Angus	Angus	PROPN	_	1	1.000	form_absent
Anic	Anic	PROPN	_	1	1.000	form_absent
Animali	animale	NOUN	Gender=Masc|Number=Plur	1	1.000	form_absent
Annapolis	Annapolis	PROPN	_	1	1.000	form_absent
Annarita	Annarita	PROPN	_	1	1.000	form_absent
Annette	Annette	PROPN	_	1	1.000	form_absent
Annie	Annie	PROPN	_	1	1.000	form_absent
Anno	Anno	NOUN	Gender=Masc|Number=Sing	1	1.000	form_absent
Annotiamo	annotare	VERB	Mood=Ind|Number=Plur|Person=1|Tense=Pres|VerbForm=Fin	1	1.000	form_absent
Annunciando	annunciare	VERB	VerbForm=Ger	1	1.000	form_absent
Annunciata	Annunciata	PROPN	_	1	1.000	form_absent
Ansia	ansia	NOUN	Gender=Fem|Number=Sing	1	1.000	form_absent
Anti	Anti	ADJ	_	1	0.500	form_absent
Anti	anti	ADJ	_	1	0.500	form_absent
Anticellulite	Anticellulite	PROPN	_	1	1.000	form_absent
Antico	Antico	PROPN	_	1	1.000	form_absent
Anticomunista	anticomunista	NOUN	Number=Sing	1	1.000	form_absent
Antimafia	antimafia	ADJ	_	1	0.500	form_absent
Antimafia	antimafia	ADJ	Number=Sing	1	0.500	form_absent
Antioquia	Antioquia	PROPN	_	1	1.000	form_absent
Anversa	Anversa	PROPN	_	1	1.000	form_absent
Anwar	Anwar	PROPN	_	1	1.000	form_absent
Aoste	Aoste	PROPN	_	1	1.000	form_absent
Aparna	Aparna	PROPN	_	1	1.000	form_absent
Apartheid	apartheid	NOUN	Gender=Masc	1	1.000	form_absent
Apathy	apathy	X	Foreign=Yes	1	1.000	form_absent
Apocalisse	Apocalisse	PROPN	_	1	1.000	form_absent
Apolloni	Apolloni	PROPN	_	1	1.000	form_absent
Appello	appello	NOUN	Gender=Masc|Number=Sing	1	1.000	form_absent
Appena	appena	SCONJ	_	1	1.000	form_absent
Appesi	appendere	VERB	Gender=Masc|Number=Plur|Tense=Past|VerbForm=Part	1	1.000	form_absent
Applica	applicare	VERB	Mood=Imp|Number=Sing|Person=2|Tense=Pres|VerbForm=Fin	1	1.000	form_absent
Applicabilità	applicabilità	NOUN	Gender=Fem	1	1.000	form_absent
Applicata	applicata	ADJ	Gender=Fem|Number=Sing	1	1.000	form_absent
Appoggio	appoggio	NOUN	Gender=Masc|Number=Sing	1	1.000	form_absent
Appuntamento	Appuntamento	NOUN	Gender=Masc|Number=Sing	1	0.333	form_absent
Apre	aprire	VERB	Mood=Ind|Number=Sing|Person=3|Tense=Pres|VerbForm=Fin	1	1.000	form_absent
Apted	Apted	PROPN	_	1	1.000	form_absent
Aqaba	Aqaba	PROPN	_	1	1.000	form_absent
Aqsa	Aqsa	PROPN	_	1	1.000	form_absent
Arabi	Arabi	PROPN	_	1	1.000	form_absent
Arbitri	arbitro	NOUN	Gender=Masc|Number=Plur	1	1.000	form_absent
Arby	Arby	PROPN	_	1	1.000	form_absent
Arcand	Arcand	PROPN	_	1	1.000	form_absent
Arcas	Arcas	PROPN	_	1	1.000	form_absent
Archie	Archie	PROPN	_	1	1.000	form_absent
Arcipelago	Arcipelago	PROPN	_	1	1.000	form_absent
Ardennes	Ardennes	PROPN	_	1	1.000	form_absent
Arechi	Arechi	PROPN	_	1	1.000	form_absent
Arendt	Arendt	PROPN	_	1	1.000	form_absent
Arens	Arens	PROPN	_	1	1.000	form_absent
Argirocastro	Argirocastro	PROPN	_	1	1.000	form_absent
Aria	aria	NOUN	Gender=Fem|Number=Sing	1	1.000	form_absent
Arkan	Arkan	PROPN	_	1	1.000	form_absent
Armato	Armato	PROPN	_	1	1.000	form_absent
Armee	Armee	PROPN	_	1	1.000	form_absent
Armendariz	Armendariz	PROPN	_	1	1.000	form_absent
Armenise	Armenise	PROPN	_	1	1.000	form_absent
Armi	Armi	PROPN	_	1	1.000	form_absent
Armillato	Armillato	PROPN	_	1	1.000	form_absent
Armin	Armin	PROPN	_	1	1.000	form_absent
Armonk	Armonk	PROPN	_	1	1.000	form_absent
Arnold	Arnold	PROPN	_	1	1.000	form_absent
Arnoldo	Arnoldo	PROPN	_	1	1.000	form_absent
Arnone	Arnone	PROPN	_	1	1.000	form_absent
Arpacal	Arpacal	PROPN	_	1	1.000	form_absent
Arrestate	arrestare	VERB	Gender=Fem|Number=Plur|Tense=Past|VerbForm=Part	1	1.000	form_absent
Arriagada	Arriagada	PROPN	_	1	1.000	form_absent
Arrigo	Arrigo	PROPN	_	1	1.000	form_absent
Arrivare	arrivare	VERB	VerbForm=Inf	1	1.000	form_absent
Arriveranno	arrivare	VERB	Mood=Ind|Number=Plur|Person=3|Tense=Fut|VerbForm=Fin	1	1.000	form_absent
Arrivi	arrivare	VERB	Mood=Ind|Number=Sing|Person=2|Tense=Pres|VerbForm=Fin	1	1.000	form_absent
Arsenatsgatan	Arsenatsgatan	PROPN	_	1	1.000	form_absent
Arsenico	arsenico	NOUN	Gender=Masc|Number=Sing	1	1.000	form_absent
Artista	artista	NOUN	Number=Sing	1	1.000	form_absent
As	As	X	Foreign=Yes	1	1.000	form_absent
Asahara	Asahara	PROPN	_	1	1.000	form_absent
Asburgo	Asburgo	PROPN	_	1	1.000	form_absent
Asbury	Asbury	PROPN	_	1	1.000	form_absent
Ascanio	Ascanio	PROPN	_	1	1.000	form_absent
Asciuga	asciugare	VERB	Mood=Imp|Number=Sing|Person=2|Tense=Pres|VerbForm=Fin	1	1.000	form_absent
Asciughiamo	asciugare	VERB	Mood=Ind|Number=Plur|Person=1|Tense=Pres|VerbForm=Fin	1	1.000	form_absent
Aspera	Aspera	X	Foreign=Yes	1	1.000	form_absent
Aspettai	aspettare	VERB	Mood=Ind|Number=Sing|Person=1|Tense=Past|VerbForm=Fin	1	1.000	form_absent
Aspettando	aspettare	VERB	VerbForm=Ger	1	1.000	form_absent
Aspetto	aspettare	VERB	Mood=Ind|Number=Sing|Person=1|Tense=Pres|VerbForm=Fin	1	1.000	form_absent
Assaliti	assalire	VERB	Gender=Masc|Number=Plur|Tense=Past|VerbForm=Part	1	1.000	form_absent
Assalto	assalto	NOUN	Gender=Masc|Number=Sing	1	1.000	form_absent
Assatis	Assatis	PROPN	_	1	1.000	form_absent
Asse	Asse	PROPN	_	1	0.500	form_absent
Asse	asse	NOUN	Gender=Masc|Number=Sing	1	0.500	form_absent
Assediato	assediare	VERB	Gender=Masc|Number=Sing|Tense=Past|VerbForm=Part	1	1.000	form_absent
Assegnati	assegnare	VERB	Gender=Masc|Number=Plur|Tense=Past|VerbForm=Part	1	1.000	form_absent
Assemblee	assemblea	NOUN	Gender=Fem|Number=Plur	1	1.000	form_absent
Assessorato	Assessorato	NOUN	Gender=Masc|Number=Sing	1	1.000	form_absent
Assicura	assicurare	VERB	Mood=Imp|Number=Sing|Person=2|Tense=Pres|VerbForm=Fin	1	1.000	form_absent
Assieme	assieme	ADV	ExtPos=ADP	1	1.000	form_absent
Associazioni	associazione	NOUN	Gender=Fem|Number=Sing	1	1.000	form_absent
Assovini	Assovini	PROPN	_	1	1.000	form_absent
Assuan	Assuan	PROPN	_	1	1.000	form_absent
Astra	Astra	X	Foreign=Yes	1	1.000	form_absent
Astrobee	Astrobee	PROPN	_	1	1.000	form_absent
Asturie	Asturie	PROPN	_	1	1.000	form_absent
At	At	PROPN	_	1	1.000	form_absent
Ata	Ata	PROPN	_	1	1.000	form_absent
Atenagora	Atenagora	PROPN	_	1	1.000	form_absent
Athens	Athens	PROPN	_	1	1.000	form_absent
Atlantis	Atlantis	PROPN	_	1	1.000	form_absent
Atm	Atm	PROPN	_	1	1.000	form_absent
Ato	Ato	PROPN	_	1	1.000	form_absent
Atomica	Atomica	ADJ	Gender=Fem|Number=Sing	1	1.000	form_absent
Attaccabottoni	attaccabottoni	NOUN	_	1	1.000	form_absent
Attacco	attacco	NOUN	Gender=Masc|Number=Sing	1	1.000	form_absent
Attendiamo	attendere	VERB	Mood=Ind|Number=Plur|Person=1|Tense=Pres|VerbForm=Fin	1	1.000	form_absent
Atti	atto	NOUN	Gender=Masc|Number=Plur	1	1.000	form_absent
Attiva	Attiva	X	_	1	1.000	form_absent
Atto	Atto	PROPN	_	1	1.000	form_absent
Attori	Attori	PROPN	_	1	1.000	form_absent
Attraversano	attraversare	VERB	Mood=Ind|Number=Plur|Person=3|Tense=Pres|VerbForm=Fin	1	1.000	form_absent
Attraverso	attraversare	VERB	Mood=Ind|Number=Sing|Person=1|Tense=Pres|VerbForm=Fin	1	0.333	form_absent
Attualità	attualità	NOUN	Gender=Fem|Number=Sing	1	1.000	form_absent
Aubin	Aubin	PROPN	_	1	1.000	form_absent
Aubrey	Aubrey	PROPN	_	1	1.000	form_absent
Aubry	Aubry	PROPN	_	1	1.000	form_absent
Auditorium	Auditorium	PROPN	_	1	0.500	form_absent
Auditorium	auditorium	NOUN	Gender=Masc|Number=Sing	1	0.500	form_absent
Audrey	Audrey	PROPN	_	1	1.000	form_absent
August	August	PROPN	_	1	1.000	form_absent
Aumentiamo	aumentare	VERB	Mood=Ind|Number=Plur|Person=1|Tense=Pres|VerbForm=Fin	1	1.000	form_absent
Aurelia	Aurelia	PROPN	_	1	1.000	form_absent
Ausbury	Ausbury	PROPN	_	1	1.000	form_absent
Automobile	automobile	NOUN	Gender=Fem|Number=Sing	1	1.000	form_absent
Autonomia	autonomia	NOUN	Gender=Fem|Number=Sing	1	0.333	form_absent
Autorità	Autorità	NOUN	Gender=Fem	1	0.111	form_absent
Autorizza	autorizzare	VERB	Mood=Ind|Number=Sing|Person=3|Tense=Pres|VerbForm=Fin	1	1.000	form_absent
Autorizzazione	autorizzazione	NOUN	Gender=Fem|Number=Sing	1	1.000	form_absent
Autotrasporti	Autotrasporti	PROPN	_	1	1.000	form_absent
Av	Av	PROPN	_	1	1.000	form_absent
Avanzi	Avanzi	PROPN	_	1	1.000	form_absent
Avdekie	Avdekie	PROPN	_	1	1.000	form_absent
Aventino	Aventino	PROPN	_	1	1.000	form_absent
Avere	avere	VERB	VerbForm=Inf	1	1.000	form_absent
Avery	Avery	PROPN	_	1	1.000	form_absent
Avete	avere	AUX	Mood=Ind|Number=Plur|Person=2|Tense=Pres|VerbForm=Fin	1	1.000	form_absent
Avevano	avere	VERB	Mood=Ind|Number=Plur|Person=3|Tense=Imp|VerbForm=Fin	1	0.500	form_absent
Avevano	avere	AUX	Mood=Ind|Number=Plur|Person=3|Tense=Imp|VerbForm=Fin	1	0.500	form_absent
Avevo	avere	VERB	Mood=Ind|Number=Sing|Person=1|Tense=Imp|VerbForm=Fin	1	0.500	form_absent
Avevo	avere	AUX	Mood=Ind|Number=Sing|Person=1|Tense=Imp|VerbForm=Fin	1	0.500	form_absent
Aviacion	Aviacion	PROPN	_	1	1.000	form_absent
Aviazione	aviazione	NOUN	Gender=Fem|Number=Sing	1	1.000	form_absent
Avignone	Avignone	PROPN	_	1	1.000	form_absent
Avio	Avio	PROPN	_	1	1.000	form_absent
Aviocar	Aviocar	PROPN	_	1	1.000	form_absent
Avni	Avni	PROPN	_	1	1.000	form_absent
Avorio	Avorio	PROPN	_	1	1.000	form_absent
Avray	Avray	PROPN	_	1	1.000	form_absent
Avrei	avere	AUX	Mood=Cnd|Number=Sing|Person=1|Tense=Pres|VerbForm=Fin	1	1.000	form_absent
Avremo	avere	VERB	Mood=Ind|Number=Plur|Person=1|Tense=Fut|VerbForm=Fin	1	1.000	form_absent
Avvenne	avvenire	VERB	Mood=Ind|Number=Sing|Person=3|Tense=Past|VerbForm=Fin	1	1.000	form_absent
Avvertono	avvertire	VERB	Mood=Ind|Number=Plur|Person=3|Tense=Pres|VerbForm=Fin	1	1.000	form_absent
Avvolgiamo	avvolgere	VERB	Mood=Ind|Number=Plur|Person=1|Tense=Pres|VerbForm=Fin	1	1.000	form_absent
Award	Award	NOUN	Foreign=Yes	1	0.167	form_absent
Aztechi	Aztechi	PROPN	_	1	1.000	form_absent
Azzarello	Azzarello	PROPN	_	1	1.000	form_absent
Azzorre	Azzorre	PROPN	_	1	1.000	form_absent
BBC	Bbc	PROPN	_	1	1.000	form_absent
BMFT	Bmft	PROPN	_	1	1.000	form_absent
BOE	BOE	PROPN	_	1	1.000	form_absent
BOGOTÀ	Bogotà	PROPN	_	1	1.000	form_absent
BONN	Bonn	PROPN	_	1	1.000	form_absent
BP	BP	PROPN	_	1	1.000	form_absent
BRINDISI	Brindisi	PROPN	_	1	1.000	form_absent
Baath	Baath	PROPN	_	1	1.000	form_absent
Babacar	Babacar	PROPN	_	1	1.000	form_absent
Babar	Babar	PROPN	_	1	1.000	form_absent
Babbage	Babbage	PROPN	_	1	1.000	form_absent
Babberich	Babberich	PROPN	_	1	1.000	form_absent
Babilonia	Babilonia	PROPN	_	1	1.000	form_absent
Baciu	Baciu	PROPN	_	1	1.000	form_absent
Bacon	Bacon	PROPN	_	1	1.000	form_absent
Badoglio	Badoglio	PROPN	_	1	1.000	form_absent
Bagnaia	Bagnaia	PROPN	_	1	1.000	form_absent
Bagnasco	Bagnasco	PROPN	_	1	1.000	form_absent
Bagno	Bagno	NOUN	Gender=Masc|Number=Sing	1	0.500	form_absent
Bagno	bagno	NOUN	Gender=Masc|Number=Sing	1	0.500	form_absent
Bahrein	Bahrein	PROPN	_	1	1.000	form_absent
Bakhtiar	Bakhtiar	PROPN	_	1	1.000	form_absent
Baku	Baku	PROPN	_	1	1.000	form_absent
Bakula	Bakula	PROPN	_	1	1.000	form_absent
Baldassarre	Baldassarre	PROPN	_	1	1.000	form_absent
Baldi	Baldi	PROPN	_	1	1.000	form_absent
Balena	Balena	PROPN	_	1	1.000	form_absent
Balneogel	Balneogel	PROPN	_	1	1.000	form_absent
Balzamo	Balzamo	PROPN	_	1	1.000	form_absent
Bambin	bambino	PROPN	_	1	1.000	form_absent
Bambino	bambino	NOUN	Gender=Masc|Number=Sing	1	0.125	form_absent
Bambino	bambino	PROPN	_	1	0.125	form_absent
Bancomat	bancomat	NOUN	Gender=Masc|Number=Sing	1	1.000	form_absent
Band	Band	PROPN	_	1	1.000	form_absent
Banner	Banner	PROPN	_	1	1.000	form_absent
Banting	Banting	PROPN	_	1	1.000	form_absent
Barata	Barata	PROPN	_	1	1.000	form_absent
Barents	Barents	PROPN	_	1	1.000	form_absent
Baretti	Baretti	PROPN	_	1	1.000	form_absent
Barile	Barile	PROPN	_	1	1.000	form_absent
Barker	Barker	PROPN	_	1	1.000	form_absent
Barona	Barona	PROPN	_	1	1.000	form_absent
Barriera	Barriera	PROPN	_	1	1.000	form_absent
Barsebacks	Barsebacks	PROPN	_	1	1.000	form_absent
Barthes	Barthes	PROPN	_	1	1.000	form_absent
Bartow	Bartow	PROPN	_	1	1.000	form_absent
Barzio	Barzio	PROPN	_	1	1.000	form_absent
Basaglia	Basaglia	PROPN	_	1	1.000	form_absent
Basando	basare	VERB	VerbForm=Ger	1	1.000	form_absent
Basilico	Basilico	PROPN	_	1	1.000	form_absent
Bass	Bass	PROPN	_	1	1.000	form_absent
Bassora	Bassora	PROPN	_	1	1.000	form_absent
Basti	bastare	VERB	Mood=Sub|Number=Sing|Person=3|Tense=Pres|VerbForm=Fin	1	1.000	form_absent
Bastoni	Bastoni	PROPN	_	1	1.000	form_absent
Battelle	Battelle	PROPN	_	1	1.000	form_absent
Battistini	Battistini	PROPN	_	1	1.000	form_absent
Bauhaus	Bauhaus	PROPN	_	1	1.000	form_absent
Bausch	Bausch	PROPN	_	1	1.000	form_absent
Bay	Bay	PROPN	_	1	1.000	form_absent
Bayer	Bayer	PROPN	_	1	1.000	form_absent
Beast	beast	NOUN	Number=Sing	1	1.000	form_absent
Beato	beato	ADJ	Gender=Masc|Number=Sing	1	1.000	form_absent
Beatty	Beatty	PROPN	_	1	1.000	form_absent
Beauty	Beauty	PROPN	_	1	1.000	form_absent
Beck	Beck	PROPN	_	1	1.000	form_absent
Bedri	Bedri	PROPN	_	1	1.000	form_absent
Beh	beh	ADV	_	1	1.000	form_absent
Beleza	Beleza	PROPN	_	1	1.000	form_absent
Belforte	Belforte	PROPN	_	1	1.000	form_absent
Belleri	Belleri	PROPN	_	1	1.000	form_absent
Bellingham	Bellingham	PROPN	_	1	1.000	form_absent
Bellinzona	Bellinzona	PROPN	_	1	1.000	form_absent
Bellott	Bellott	PROPN	_	1	1.000	form_absent
Benarrivo	Benarrivo	PROPN	_	1	1.000	form_absent
Bench	Bench	PROPN	_	1	1.000	form_absent
Bendictis	Bendictis	PROPN	_	1	1.000	form_absent
Benenson	Benenson	PROPN	_	1	1.000	form_absent
Benfica	Benfica	PROPN	_	1	1.000	form_absent
Beni	Beni	PROPN	_	1	0.500	form_absent
Beni	bene	NOUN	Gender=Masc|Number=Plur	1	0.500	form_absent
Bentley	Bentley	PROPN	_	1	1.000	form_absent
Berat	Berat	PROPN	_	1	1.000	form_absent
Berdychiv	Berdychiv	PROPN	_	1	1.000	form_absent
Berdyczow	Berdyczow	PROPN	_	1	1.000	form_absent
Berkeley	Berkeley	PROPN	_	1	1.000	form_absent
Berlioz	Berlioz	PROPN	_	1	1.000	form_absent
Bernardino	Bernardino	PROPN	_	1	1.000	form_absent
Bernigaud	Bernigaud	PROPN	_	1	1.000	form_absent
Bernié	Bernié	PROPN	_	1	1.000	form_absent
Bersagli	bersaglio	NOUN	Gender=Masc|Number=Plur	1	1.000	form_absent
Bertolt	Bertolt	PROPN	_	1	1.000	form_absent
Bertrand	Bertrand	PROPN	_	1	1.000	form_absent
Best	Best	ADJ	_	1	0.500	form_absent
Best	Best	PROPN	_	1	0.500	form_absent
Bestia	Bestia	PROPN	_	1	1.000	form_absent
Betlemme	Betlemme	PROPN	_	1	1.000	form_absent
Bette	Bette	PROPN	_	1	1.000	form_absent
Bevi	bere	VERB	Mood=Imp|Number=Sing|Person=2|Tense=Pres|VerbForm=Fin	1	1.000	form_absent
Bhish	Bhish	PROPN	_	1	1.000	form_absent
Bi-Fluide	Bi-fluide	PROPN	_	1	1.000	form_absent
Biase	Biase	PROPN	_	1	1.000	form_absent
Bibbia	Bibbia	PROPN	_	1	1.000	form_absent
Biberson	Biberson	PROPN	_	1	1.000	form_absent
Biblioteca	biblioteca	NOUN	Gender=Fem|Number=Sing	1	1.000	form_absent
Bicci	Bicci	PROPN	_	1	1.000	form_absent
Bich	Bich	PROPN	_	1	1.000	form_absent
Bilancio	bilancio	NOUN	Gender=Masc|Number=Sing	1	1.000	form_absent
Bild	Bild	PROPN	_	1	1.000	form_absent
Bio	Bio	ADJ	_	1	1.000	form_absent
Biopoint	Biopoint	PROPN	_	1	1.000	form_absent
Biosphere	Biosphere	PROPN	_	1	1.000	form_absent
Biotherm	Biotherm	PROPN	_	1	1.000	form_absent
Birmingham	Birmingham	PROPN	_	1	1.000	form_absent
Bishopgate	Bishopgate	PROPN	_	1	1.000	form_absent
Bisognerebbe	bisognare	VERB	Mood=Cnd|Number=Sing|Person=3|Tense=Pres|VerbForm=Fin	1	1.000	form_absent
Blackout	Blackout	NOUN	Gender=Masc	1	1.000	form_absent
Blake	Blake	PROPN	_	1	1.000	form_absent
Blitz	Blitz	PROPN	_	1	1.000	form_absent
Blonder	Blonder	PROPN	_	1	1.000	form_absent
Bluegrass	Bluegrass	PROPN	_	1	1.000	form_absent
Blunt	Blunt	PROPN	_	1	1.000	form_absent
BoE	BoE	PROPN	_	1	1.000	form_absent
Boario	Boario	PROPN	_	1	1.000	form_absent
Bobby	Bobby	PROPN	_	1	1.000	form_absent
Boccone	Boccone	PROPN	_	1	1.000	form_absent
Bocelli	Bocelli	PROPN	_	1	1.000	form_absent
Body	Body	NOUN	_	1	0.333	form_absent
Boe	Boe	PROPN	_	1	1.000	form_absent
Boemia	Boemia	PROPN	_	1	1.000	form_absent
Bogotà	Bogotà	PROPN	_	1	1.000	form_absent
Bohemia	Bohemia	PROPN	_	1	1.000	form_absent
Bohr	Bohr	PROPN	_	1	1.000	form_absent
Bolero	bolero	NOUN	Gender=Masc|Number=Sing	1	1.000	form_absent
Bolin	Bolin	PROPN	_	1	1.000	form_absent
Bolivar	Bolivar	PROPN	_	1	1.000	form_absent
Bolivia	Bolivia	PROPN	_	1	1.000	form_absent
Bollywood	Bollywood	PROPN	_	1	1.000	form_absent
Bolognese	Bolognese	PROPN	_	1	1.000	form_absent
Bolognesi	Bolognesi	PROPN	_	1	1.000	form_absent
Bombe	Bombe	PROPN	_	1	1.000	form_absent
Bonacina	Bonacina	PROPN	_	1	1.000	form_absent
Bonacossi	Bonacossi	PROPN	_	1	1.000	form_absent
Bonelli	Bonelli	PROPN	_	1	1.000	form_absent
Boom	boom	NOUN	Gender=Masc	1	1.000	form_absent
Bor	Bor	PROPN	_	1	1.000	form_absent
Borella	Borella	PROPN	_	1	1.000	form_absent
Borromeo	Borromeo	PROPN	_	1	1.000	form_absent
Borroni	Borroni	PROPN	_	1	1.000	form_absent
Borsa	Borsa	NOUN	Gender=Fem|Number=Sing	1	0.333	form_absent
Boschi	bosco	NOUN	Gender=Masc|Number=Plur	1	1.000	form_absent
Botticelli	Botticelli	PROPN	_	1	1.000	form_absent
Bottinelli	Bottinelli	PROPN	_	1	1.000	form_absent
Bourg	Bourg	PROPN	_	1	1.000	form_absent
Bovet	Bovet	PROPN	_	1	1.000	form_absent
Boville	Boville	PROPN	_	1	1.000	form_absent
Bovo	Bovo	PROPN	_	1	1.000	form_absent
Boz	Boz	PROPN	_	1	1.000	form_absent
Bozic	Bozic	PROPN	_	1	1.000	form_absent
Bozzetto	Bozzetto	PROPN	_	1	1.000	form_absent
Bracciano	Bracciano	PROPN	_	1	1.000	form_absent
Braga	Braga	PROPN	_	1	1.000	form_absent
Brandeburgo	Brandeburgo	PROPN	_	1	1.000	form_absent
Brandon	Brandon	PROPN	_	1	1.000	form_absent
Branson	Branson	PROPN	_	1	1.000	form_absent
Brant	Brant	PROPN	_	1	1.000	form_absent
Brasilia	Brasilia	PROPN	_	1	1.000	form_absent
Brava	bravo	ADJ	Gender=Fem|Number=Sing	1	1.000	form_absent
Braveheart	Braveheart	PROPN	_	1	1.000	form_absent
Breeders'	Breeders'	PROPN	_	1	1.000	form_absent
Breetveld	Breetveld	PROPN	_	1	1.000	form_absent
Brembilla	Brembilla	PROPN	_	1	1.000	form_absent
Brent	Brent	PROPN	_	1	1.000	form_absent
Brenta	Brenta	PROPN	_	1	1.000	form_absent
Bresson	Bresson	PROPN	_	1	1.000	form_absent
Brett	Brett	PROPN	_	1	1.000	form_absent
Bretton	Bretton	PROPN	_	1	1.000	form_absent
Brewers	Brewers	PROPN	_	1	1.000	form_absent
Briatore	Briatore	PROPN	_	1	1.000	form_absent
Brigade	Brigade	NOUN	Number=Sing	1	1.000	form_absent
Brighenti	Brighenti	PROPN	_	1	1.000	form_absent
Brioni	Brioni	PROPN	_	1	1.000	form_absent
Brisbane	Brisbane	PROPN	_	1	1.000	form_absent
Brna	Brna	PROPN	_	1	1.000	form_absent
Brno	Brno	PROPN	_	1	1.000	form_absent
Broiler	Broiler	PROPN	_	1	1.000	form_absent
Bronx	Bronx	PROPN	_	1	1.000	form_absent
Bronzo	Bronzo	PROPN	_	1	1.000	form_absent
Brooklin	Brooklin	PROPN	_	1	1.000	form_absent
Brooks	Brooks	PROPN	_	1	1.000	form_absent
Brosnan	Brosnan	PROPN	_	1	1.000	form_absent
Brosse	Brosse	PROPN	_	1	1.000	form_absent
Brownell	Brownell	PROPN	_	1	1.000	form_absent
Broz	Broz	PROPN	_	1	1.000	form_absent
Bruciata	bruciare	VERB	Gender=Fem|Number=Sing|Tense=Past|VerbForm=Part	1	1.000	form_absent
Brugherio	Brugherio	PROPN	_	1	1.000	form_absent
Bruguera	Bruguera	PROPN	_	1	1.000	form_absent
Brummel	Brummel	PROPN	_	1	1.000	form_absent
Brunelleschi	Brunelleschi	PROPN	_	1	1.000	form_absent
Brunico	Brunico	PROPN	_	1	1.000	form_absent
Bruson	Bruson	PROPN	_	1	1.000	form_absent
Bryan	Bryan	PROPN	_	1	1.000	form_absent
Brändström	Brändström	PROPN	_	1	1.000	form_absent
Bubnenkova	Bubnenkova	PROPN	_	1	1.000	form_absent
Buckingham	Buckingham	PROPN	_	1	1.000	form_absent
Bucks	Bucks	PROPN	_	1	1.000	form_absent
Buddha	Buddha	PROPN	_	1	1.000	form_absent
Buffalo	Buffalo	PROPN	_	1	1.000	form_absent
Buildings	Buildings	PROPN	_	1	1.000	form_absent
Bull	Bull	PROPN	_	1	1.000	form_absent
Bunker	Bunker	PROPN	_	1	1.000	form_absent
Buonaguro	Buonaguro	PROPN	_	1	1.000	form_absent
Buoni	buono	NOUN	Gender=Masc|Number=Plur	1	1.000	form_absent
Buoninsegna	Buoninsegna	PROPN	_	1	1.000	form_absent
Burns	Burns	PROPN	_	1	1.000	form_absent
Bursham	Bursham	PROPN	_	1	1.000	form_absent
Burt	Burt	PROPN	_	1	1.000	form_absent
Burton	Burton	PROPN	_	1	1.000	form_absent
Busi	Busi	PROPN	_	1	1.000	form_absent
Butros	Butros	PROPN	_	1	1.000	form_absent
Butti	Butti	PROPN	_	1	1.000	form_absent
Buzz	Buzz	PROPN	_	1	1.000	form_absent
Byrne	Byrne	PROPN	_	1	1.000	form_absent
Byron	Byron	PROPN	_	1	1.000	form_absent
C-212-300	C-212-300	PROPN	_	1	1.000	form_absent
C.F.	C.F.	PROPN	_	1	1.000	form_absent
C5-0004	C5-0004	PROPN	_	1	1.000	form_absent
C5-0122	C5-0122	PROPN	_	1	1.000	form_absent
C5-0208	C5-0208	PROPN	_	1	1.000	form_absent
CAMPOBELLO	Campobello	PROPN	_	1	1.000	form_absent
CAPRI	Capri	PROPN	_	1	1.000	form_absent
CASA	Casa	PROPN	_	1	1.000	form_absent
CATANIA	Catania	PROPN	_	1	1.000	form_absent
CBS	Cbs	PROPN	_	1	1.000	form_absent
CCC	Ccc	PROPN	_	1	1.000	form_absent
CCPL	CCPL	PROPN	_	1	1.000	form_absent
CD	cd	NOUN	Gender=Masc	1	1.000	form_absent
CEASMO	CEASMO	PROPN	_	1	1.000	form_absent
CEN	CEN	PROPN	_	1	1.000	form_absent
CERS	Cers	PROPN	_	1	1.000	form_absent
CESENATICO	Cesenatico	PROPN	_	1	1.000	form_absent
CGIL	CGIL	PROPN	_	1	1.000	form_absent
CIA	Cia	PROPN	_	1	0.333	form_absent
CISL	CISL	PROPN	_	1	1.000	form_absent
CIVITAVECCHIA	Civitavecchia	PROPN	_	1	1.000	form_absent
CO2	CO2	PROPN	_	1	1.000	form_absent
COBOL	Cobol	PROPN	_	1	1.000	form_absent
CPC	CPC	PROPN	_	1	1.000	form_absent
CPM	CPM	PROPN	_	1	1.000	form_absent
CPR	Cpr	PROPN	_	1	1.000	form_absent
CS2	CS2	PROPN	_	1	1.000	form_absent
CSI	CSI	PROPN	_	1	1.000	form_absent
CSKA	Cska	PROPN	_	1	1.000	form_absent
Cabilia	Cabilia	PROPN	_	1	1.000	form_absent
CableWireless	CableWireless	PROPN	_	1	1.000	form_absent
Caccamo	Caccamo	PROPN	_	1	1.000	form_absent
Cacciato	cacciare	VERB	Gender=Masc|Number=Sing|Tense=Past|VerbForm=Part	1	1.000	form_absent
Cadore	Cadore	PROPN	_	1	1.000	form_absent
Cafu	Cafu	PROPN	_	1	1.000	form_absent
Cagnotto	Cagnotto	PROPN	_	1	1.000	form_absent
Caino	Caino	PROPN	_	1	1.000	form_absent
Calcio	Calcio	NOUN	Gender=Masc|Number=Sing	1	0.250	form_absent
Calcio	Calcio	PROPN	_	1	0.250	form_absent
Calcistica	Calcistica	PROPN	_	1	1.000	form_absent
Caledonia	Caledonia	PROPN	_	1	1.000	form_absent
Calgary	Calgary	PROPN	_	1	1.000	form_absent
Calibrava	calibrare	VERB	Mood=Ind|Number=Sing|Person=3|Tense=Imp|VerbForm=Fin	1	1.000	form_absent
Califano	Califano	PROPN	_	1	1.000	form_absent
Calli	Calli	PROPN	_	1	1.000	form_absent
Cambiamo	cambiare	VERB	Mood=Ind|Number=Plur|Person=1|Tense=Pres|VerbForm=Fin	1	1.000	form_absent
Cambiando	cambiare	VERB	VerbForm=Ger	1	1.000	form_absent
Cambio	cambio	VERB	Mood=Ind|Number=Sing|Person=1|Tense=Pres|VerbForm=Fin	1	1.000	form_absent
Camby	Camby	PROPN	_	1	1.000	form_absent
Camfin	Camfin	PROPN	_	1	1.000	form_absent
Camille	Camille	PROPN	_	1	1.000	form_absent
Campaign	Campaign	PROPN	_	1	1.000	form_absent
Campane	Campane	PROPN	_	1	0.500	form_absent
Campane	campana	NOUN	Gender=Fem|Number=Plur	1	0.500	form_absent
Campione	campione	NOUN	Gender=Masc|Number=Sing	1	1.000	form_absent
Can	Can	PROPN	_	1	1.000	form_absent
Canarie	Canarie	PROPN	_	1	1.000	form_absent
Canberra	Canberra	PROPN	_	1	1.000	form_absent
Cancion	Cancion	PROPN	_	1	1.000	form_absent
Candidati	candidato	NOUN	Gender=Masc|Number=Plur	1	1.000	form_absent
Cane	cane	NOUN	Gender=Masc|Number=Sing	1	1.000	form_absent
Canestrari	Canestrari	PROPN	_	1	1.000	form_absent
Canins	Canins	PROPN	_	1	1.000	form_absent
Cantante	cantante	NOUN	Number=Sing	1	1.000	form_absent
Canyon	Canyon	PROPN	_	1	1.000	form_absent
Caos	caos	NOUN	Gender=Masc	1	1.000	form_absent
Capam	Capam	X	_	1	1.000	form_absent
Capannoni	capannone	NOUN	Gender=Masc|Number=Plur	1	1.000	form_absent
Caparezza	Caparezza	PROPN	_	1	1.000	form_absent
Capelluti	Capelluti	PROPN	_	1	1.000	form_absent
Capita	capitare	VERB	Mood=Ind|Number=Sing|Person=3|Tense=Pres|VerbForm=Fin	1	1.000	form_absent
Capitano	capitare	VERB	Mood=Ind|Number=Plur|Person=3|Tense=Pres|VerbForm=Fin	1	1.000	form_absent
Capitol	Capitol	PROPN	_	1	1.000	form_absent
Capodistria	Capodistria	PROPN	_	1	1.000	form_absent
Capone	Capone	PROPN	_	1	1.000	form_absent
Capote	Capote	PROPN	_	1	1.000	form_absent
Cappato	Cappato	PROPN	_	1	1.000	form_absent
Capriati	Capriati	PROPN	_	1	1.000	form_absent
Captain	Captain	PROPN	_	1	1.000	form_absent
Capuzzoni	Capuzzoni	PROPN	_	1	1.000	form_absent
Car	Car	PROPN	_	1	1.000	form_absent
Cara	Cara	ADJ	Gender=Fem|Number=Sing	1	1.000	form_absent
Carabinieri	carabiniere	NOUN	Gender=Masc|Number=Plur	1	0.333	form_absent
Carate	Carate	PROPN	_	1	1.000	form_absent
Card	Card	PROPN	_	1	1.000	form_absent
Cardarelli	Cardarelli	PROPN	_	1	1.000	form_absent
Cardenio	Cardenio	PROPN	_	1	1.000	form_absent
Cardoli	Cardoli	PROPN	_	1	1.000	form_absent
Care	caro	ADJ	Gender=Fem|Number=Plur	1	1.000	form_absent
Carenza	carenza	NOUN	Gender=Fem|Number=Sing	1	1.000	form_absent
Carey	Carey	PROPN	_	1	1.000	form_absent
Carignano	Carignano	PROPN	_	1	1.000	form_absent
Carinzia	Carinzia	PROPN	_	1	1.000	form_absent
Carissimi	caro	NOUN	Gender=Masc|Number=Plur	1	1.000	form_absent
Carla	Carla	PROPN	_	1	1.000	form_absent
Carling	Carling	PROPN	_	1	1.000	form_absent
Carlyle	Carlyle	PROPN	_	1	1.000	form_absent
Carmagnola	Carmagnola	PROPN	_	1	1.000	form_absent
Carnegie	Carnegie	PROPN	_	1	1.000	form_absent
Caro	Caro	ADJ	Gender=Masc	1	0.167	form_absent
Caro	caro	NOUN	Gender=Masc|Number=Sing	1	0.167	form_absent
Carrier	Carrier	PROPN	_	1	1.000	form_absent
Carroll	Carroll	PROPN	_	1	1.000	form_absent
Carson	Carson	PROPN	_	1	1.000	form_absent
Carta	Carta	PROPN	_	1	1.000	form_absent
Casadei	Casadei	PROPN	_	1	1.000	form_absent
Casaviva	Casaviva	PROPN	_	1	1.000	form_absent
Cascate	Cascate	PROPN	_	1	1.000	form_absent
Caschi	Caschi	PROPN	_	1	0.500	form_absent
Caschi	casco	NOUN	Gender=Masc|Number=Plur	1	0.500	form_absent
Cascine	Cascine	PROPN	_	1	1.000	form_absent
Caso	caso	NOUN	Gender=Masc|Number=Sing	1	1.000	form_absent
Caspar	Caspar	PROPN	_	1	1.000	form_absent
Caspio	Caspio	PROPN	_	1	1.000	form_absent
Cassa	Cassa	PROPN	_	1	1.000	form_absent
Cassini	Cassini	PROPN	_	1	1.000	form_absent
Cassuto	Cassuto	PROPN	_	1	1.000	form_absent
Castelporziano	Castelporziano	PROPN	_	1	1.000	form_absent
Castiello	Castiello	PROPN	_	1	1.000	form_absent
Castillo	Castillo	PROPN	_	1	1.000	form_absent
Castrovillari	Castrovillari	PROPN	_	1	1.000	form_absent
Catanzarese	Catanzarese	PROPN	_	1	1.000	form_absent
Categoriali	categoriale	ADJ	Number=Plur	1	1.000	form_absent
Catinari	Catinari	PROPN	_	1	1.000	form_absent
Catone	Catone	PROPN	_	1	1.000	form_absent
Catores	Catores	PROPN	_	1	1.000	form_absent
Cattedrale	Cattedrale	PROPN	_	1	1.000	form_absent
Causa	Causa	PROPN	_	1	1.000	form_absent
Cav	Cav	PROPN	_	1	1.000	form_absent
Cava	Cava	PROPN	_	1	1.000	form_absent
Cavaliere	Cavaliere	PROPN	_	1	1.000	form_absent
Caviglia	Caviglia	PROPN	_	1	1.000	form_absent
Cayman	Cayman	PROPN	_	1	1.000	form_absent
Ccpl	Ccpl	PROPN	_	1	1.000	form_absent
Cda	Cda	PROPN	_	1	1.000	form_absent
Ceca	Ceca	PROPN	_	1	0.333	form_absent
Ceca	Ceca	ADJ	Gender=Fem|Number=Sing	1	0.333	form_absent
Ceca	ceco	ADJ	Gender=Fem|Number=Sing	1	0.333	form_absent
Ceccarini	Ceccarini	PROPN	_	1	1.000	form_absent
Ceceni	Ceceni	NOUN	Gender=Masc|Number=Plur	1	1.000	form_absent
Cedere	cedere	VERB	VerbForm=Inf	1	1.000	form_absent
Cedras	Cedras	PROPN	_	1	1.000	form_absent
Celestino	Celestino	PROPN	_	1	1.000	form_absent
Cenaj	Cenaj	PROPN	_	1	1.000	form_absent
Cento	cento	NUM	NumType=Card	1	1.000	form_absent
Centofanti	Centofanti	PROPN	_	1	1.000	form_absent
Centomiglia	Centomiglia	PROPN	_	1	1.000	form_absent
Centrale	Centrale	PROPN	_	1	0.500	form_absent
Centrale	centrale	ADJ	Number=Sing	1	0.500	form_absent
Century	Century	PROPN	_	1	1.000	form_absent
Ceramica	Ceramica	PROPN	_	1	1.000	form_absent
Ceramiche	Ceramiche	PROPN	_	1	1.000	form_absent
Ceraudo	Ceraudo	PROPN	_	1	1.000	form_absent
Cerca	cercare	VERB	Mood=Imp|Number=Sing|Person=2|Tense=Pres|VerbForm=Fin	1	1.000	form_absent
Cercate	cercare	VERB	Mood=Imp|Number=Plur|Person=2|Tense=Pres|VerbForm=Fin	1	1.000	form_absent
Cercavano	cercare	VERB	Mood=Ind|Number=Plur|Person=3|Tense=Imp|VerbForm=Fin	1	1.000	form_absent
Cerchiamo	cercare	VERB	Mood=Ind|Number=Plur|Person=1|Tense=Pres|VerbForm=Fin	1	1.000	form_absent
Ceric	Ceric	PROPN	_	1	1.000	form_absent
Cerioli	Cerioli	PROPN	_	1	1.000	form_absent
Certamente	certamente	ADV	_	1	1.000	form_absent
Cessazione	cessazione	NOUN	Gender=Fem|Number=Sing	1	1.000	form_absent
Cessione	cessione	NOUN	Gender=Fem|Number=Sing	1	1.000	form_absent
Cetrella	Cetrella	PROPN	_	1	1.000	form_absent
Cezair	Cezair	PROPN	_	1	1.000	form_absent
Chacel	Chacel	PROPN	_	1	1.000	form_absent
Chaco	Chaco	PROPN	_	1	1.000	form_absent
Chafa	Chafa	PROPN	_	1	1.000	form_absent
Chagall	Chagall	PROPN	_	1	1.000	form_absent
Chaitow	Chaitow	PROPN	_	1	1.000	form_absent
Challenger	Challenger	PROPN	_	1	1.000	form_absent
Champ	Champ	PROPN	_	1	1.000	form_absent
Chancellorsville	Chancellorsville	PROPN	_	1	1.000	form_absent
Chandal	Chandal	PROPN	_	1	1.000	form_absent
Chaos	Chaos	PROPN	_	1	0.500	form_absent
Chaos	chaos	NOUN	_	1	0.500	form_absent
Chardonnet	Chardonnet	PROPN	_	1	1.000	form_absent
Charge	Charge	NOUN	Number=Sing	1	1.000	form_absent
Charlemagne	Charlemagne	PROPN	_	1	1.000	form_absent
Charlot	Charlot	PROPN	_	1	1.000	form_absent
Charlotta	Charlotta	PROPN	_	1	1.000	form_absent
Charlotte	Charlotte	PROPN	_	1	1.000	form_absent
Charlton	Charlton	PROPN	_	1	1.000	form_absent
Chaucer	Chaucer	PROPN	_	1	1.000	form_absent
Chef	Chef	PROPN	_	1	1.000	form_absent
Cherso	Cherso	PROPN	_	1	1.000	form_absent
Cheung	Cheung	PROPN	_	1	1.000	form_absent
Chez	Chez	PROPN	_	1	1.000	form_absent
Chiamata	chiamare	VERB	Gender=Fem|Number=Sing|Tense=Past|VerbForm=Part	1	1.000	form_absent
Chiamate	chiamare	VERB	Mood=Imp|Number=Plur|Person=2|Tense=Pres|VerbForm=Fin	1	1.000	form_absent
Chiapas	Chiapas	PROPN	_	1	1.000	form_absent
Chiaro	chiaro	ADJ	Gender=Masc|Number=Sing	1	1.000	form_absent
Chiavenna	Chiavenna	PROPN	_	1	1.000	form_absent
Chicken	Chicken	PROPN	_	1	1.000	form_absent
Chiede	chiedere	VERB	Mood=Ind|Number=Sing|Person=3|Tense=Pres|VerbForm=Fin	1	1.000	form_absent
Chiedi	chiedere	VERB	Mood=Imp|Number=Sing|Person=2|Tense=Pres|VerbForm=Fin	1	1.000	form_absent
Chiediamo	chiedere	VERB	Mood=Ind|Number=Plur|Person=1|Tense=Pres|VerbForm=Fin	1	1.000	form_absent
Chiedo	chiedere	VERB	Mood=Ind|Number=Sing|Person=1|Tense=Pres|VerbForm=Fin	1	1.000	form_absent
Chiedono	chiedere	VERB	Mood=Ind|Number=Plur|Person=3|Tense=Pres|VerbForm=Fin	1	1.000	form_absent
Chieste	chiedere	VERB	Gender=Fem|Number=Plur|Tense=Past|VerbForm=Part	1	1.000	form_absent
Child	Child	PROPN	_	1	1.000	form_absent
Chili	Chili	PROPN	_	1	1.000	form_absent
Chinon	Chinon	PROPN	_	1	1.000	form_absent
Chippendale	Chippendale	PROPN	_	1	1.000	form_absent
Chiude	chiudere	VERB	Mood=Ind|Number=Sing|Person=3|Tense=Pres|VerbForm=Fin	1	1.000	form_absent
Chiudi	chiudere	VERB	Mood=Imp|Number=Sing|Person=2|Tense=Pres|VerbForm=Fin	1	1.000	form_absent
Chiusura	chiusura	NOUN	Gender=Fem|Number=Sing	1	1.000	form_absent
Chongqing	Chongqing	PROPN	_	1	1.000	form_absent
Chopin	Chopin	PROPN	_	1	1.000	form_absent
Chouans	Chouans	PROPN	_	1	1.000	form_absent
Christen	Christen	PROPN	_	1	1.000	form_absent
Christine	Christine	PROPN	_	1	1.000	form_absent
Christoph	Christoph	PROPN	_	1	1.000	form_absent
Chronicles	Chronicles	PROPN	_	1	1.000	form_absent
Chronique	Chronique	PROPN	_	1	1.000	form_absent
Chuck	Chuck	PROPN	_	1	1.000	form_absent
Chūō	Chūō	PROPN	_	1	1.000	form_absent
Ciao	ciao	INTJ	_	1	1.000	form_absent
Ciccio	Ciccio	PROPN	_	1	1.000	form_absent
Cicero	Cicero	PROPN	_	1	1.000	form_absent
Ciclismo	ciclismo	NOUN	Gender=Masc|Number=Sing	1	1.000	form_absent
Ciclosporina	ciclosporina	NOUN	Gender=Fem|Number=Sing	1	1.000	form_absent
Cimabue	Cimabue	PROPN	_	1	1.000	form_absent
Cimbelino	Cimbelino	PROPN	_	1	1.000	form_absent
Cincinnati	Cincinnati	PROPN	_	1	1.000	form_absent
Cinciripini	Cinciripini	PROPN	_	1	1.000	form_absent
Cinema	Cinema	X	Foreign=Yes	1	0.125	form_absent
Cinema	cinema	NOUN	Gender=Masc	1	0.125	form_absent
Cinquanta	cinquanta	NUM	NumType=Card	1	1.000	form_absent
Cinquantacinque	cinquantacinque	NUM	NumType=Card	1	1.000	form_absent
Cinquecento	cinquecento	NUM	NumType=Card	1	1.000	form_absent
Cinzia	Cinzia	PROPN	_	1	1.000	form_absent
Ciociaria	Ciociaria	PROPN	_	1	1.000	form_absent
Cioè	cioè	ADV	_	1	1.000	form_absent
Circa	circa	ADP	_	1	0.250	form_absent
Cisa	Cisa	PROPN	_	1	1.000	form_absent
Citigroup	Citigroup	PROPN	_	1	1.000	form_absent
Cittadina	cittadino	NOUN	Gender=Fem|Number=Sing	1	1.000	form_absent
Cittadinanza	Cittadinanza	X	_	1	1.000	form_absent
Cittadini	cittadino	NOUN	Gender=Masc|Number=Plur	1	1.000	form_absent
Civiltà	Civiltà	PROPN	_	1	1.000	form_absent
Classic	Classic	PROPN	_	1	1.000	form_absent
Classici	classico	ADJ	Gender=Masc|Number=Plur	1	1.000	form_absent
Classico	Classico	PROPN	_	1	1.000	form_absent
Clausewitz	Clausewitz	PROPN	_	1	1.000	form_absent
Claxton	Claxton	PROPN	_	1	1.000	form_absent
Clayton	Clayton	PROPN	_	1	1.000	form_absent
Cleese	Cleese	PROPN	_	1	1.000	form_absent
Cleopatra	Cleopatra	PROPN	_	1	1.000	form_absent
Cliccando	cliccare	VERB	VerbForm=Ger	1	1.000	form_absent
Clijsters	Clijsters	PROPN	_	1	1.000	form_absent
Cline	Cline	PROPN	_	1	1.000	form_absent
Clirimi	Clirimi	PROPN	_	1	1.000	form_absent
Close	Close	PROPN	_	1	1.000	form_absent
Co.	Co.	PROPN	_	1	1.000	form_absent
Cobain	Cobain	PROPN	_	1	1.000	form_absent
Coca-Cola	Coca-Cola	PROPN	_	1	1.000	form_absent
Cocciante	Cocciante	PROPN	_	1	1.000	form_absent
Cochran	Cochran	PROPN	_	1	1.000	form_absent
Codependency	Codependency	PROPN	_	1	1.000	form_absent
Codesto	codesto	PRON	Gender=Masc|Number=Sing|PronType=Dem	1	1.000	form_absent
Coe	Coe	PROPN	_	1	1.000	form_absent
Coello	Coello	PROPN	_	1	1.000	form_absent
Coglieva	cogliere	VERB	Mood=Ind|Number=Sing|Person=3|Tense=Imp|VerbForm=Fin	1	1.000	form_absent
Cohr	Cohr	PROPN	_	1	1.000	form_absent
Coke	Coke	PROPN	_	1	1.000	form_absent
Cold	Cold	PROPN	_	1	1.000	form_absent
Cole	Cole	PROPN	_	1	1.000	form_absent
Coletti	Coletti	PROPN	_	1	1.000	form_absent
Collaku	Collaku	PROPN	_	1	1.000	form_absent
Collepardo	Collepardo	PROPN	_	1	1.000	form_absent
Collège	Collège	PROPN	_	1	1.000	form_absent
Cologna	Cologna	PROPN	_	1	1.000	form_absent
Colomba	Colomba	PROPN	_	1	1.000	form_absent
Colonnese	Colonnese	PROPN	_	1	1.000	form_absent
Colori	colore	NOUN	Gender=Masc|Number=Plur	1	1.000	form_absent
Colosio	Colosio	PROPN	_	1	1.000	form_absent
Coltivare	coltivare	VERB	VerbForm=Inf	1	1.000	form_absent
Coluzzi	Coluzzi	PROPN	_	1	1.000	form_absent
Com'	come	ADV	_	1	0.500	form_absent
Com'	come	SCONJ	_	1	0.500	form_absent
Comandamenti	Comandamenti	PROPN	_	1	1.000	form_absent
Comandante	comandante	NOUN	Gender=Masc|Number=Sing	1	1.000	form_absent
Comandi	comando	NOUN	Gender=Masc|Number=Plur	1	1.000	form_absent
Comando	Comando	NOUN	Gender=Masc|Number=Sing	1	0.333	form_absent
Combatteremo	combattere	VERB	Mood=Ind|Number=Plur|Person=1|Tense=Fut|VerbForm=Fin	1	1.000	form_absent
Combinando	combinare	VERB	VerbForm=Ger	1	1.000	form_absent
Comedie	Comedie	PROPN	_	1	1.000	form_absent
Comics	Comics	PROPN	_	1	1.000	form_absent
Comincia	cominciare	VERB	Mood=Ind|Number=Sing|Person=3|Tense=Pres|VerbForm=Fin	1	1.000	form_absent
Cominciamo	cominciare	VERB	Mood=Ind|Number=Plur|Person=1|Tense=Pres|VerbForm=Fin	1	1.000	form_absent
Cominciò	cominciare	VERB	Mood=Ind|Number=Sing|Person=3|Tense=Past|VerbForm=Fin	1	1.000	form_absent
Comitati	comitato	NOUN	Gender=Masc|Number=Plur	1	1.000	form_absent
Commissario	Commissario	PROPN	_	1	0.500	form_absent
Commissario	commissario	NOUN	Gender=Masc|Number=Sing	1	0.500	form_absent
Commissioni	commissione	NOUN	Gender=Fem|Number=Plur	1	1.000	form_absent
Commodores	Commodores	PROPN	_	1	1.000	form_absent
Commossa	commuovere	VERB	Gender=Fem|Number=Sing|Tense=Past|VerbForm=Part	1	1.000	form_absent
Compact	Compact	PROPN	_	1	1.000	form_absent
Competenza	competenza	NOUN	Gender=Fem|Number=Sing	1	1.000	form_absent
Completa	completare	VERB	Mood=Imp|Number=Sing|Person=2|Tense=Pres|VerbForm=Fin	1	1.000	form_absent
Complete	Complete	ADJ	_	1	1.000	form_absent
Complex	Complex	NOUN	_	1	1.000	form_absent
Comprendendo	comprendere	VERB	VerbForm=Ger	1	1.000	form_absent
Comprensorio	comprensorio	NOUN	Gender=Masc|Number=Sing	1	1.000	form_absent
Compte	Compte	PROPN	_	1	1.000	form_absent
Computer	Computer	PROPN	_	1	1.000	form_absent
Comunale	comunale	ADJ	Number=Sing	1	1.000	form_absent
Comunicato	comunicato	NOUN	Gender=Masc|Number=Sing	1	1.000	form_absent
Comunicazione	comunicazione	NOUN	Gender=Fem|Number=Sing	1	1.000	form_absent
Comunicazioni	Comunicazioni	PROPN	_	1	1.000	form_absent
Comunione	Comunione	PROPN	_	1	0.167	form_absent
Comunista	Comunista	PROPN	_	1	0.333	form_absent
Comunista	comunista	ADJ	Number=Sing	1	0.333	form_absent
Comunista	comunista	ADJ	Gender=Masc|Number=Sing	1	0.333	form_absent
Comunisti	Comunisti	PROPN	_	1	1.000	form_absent
Concedi	concedere	VERB	Mood=Imp|Number=Sing|Person=2|Tense=Pres|VerbForm=Fin	1	1.000	form_absent
Concei	Concei	PROPN	_	1	1.000	form_absent
Concentrando	concentrare	VERB	VerbForm=Ger	1	1.000	form_absent
Concessione	concessione	NOUN	Gender=Fem|Number=Sing	1	1.000	form_absent
Conciliazione	conciliazione	NOUN	Gender=Fem|Number=Sing	1	1.000	form_absent
Concilio	concilio	NOUN	Gender=Masc|Number=Sing	1	1.000	form_absent
Conclusa	concludere	VERB	Gender=Fem|Number=Sing|Tense=Past|VerbForm=Part	1	1.000	form_absent
Concorsi	concorso	NOUN	Gender=Masc|Number=Plur	1	1.000	form_absent
Concorso	concorso	NOUN	Gender=Masc|Number=Sing	1	1.000	form_absent
Condividi	condividere	VERB	Mood=Imp|Number=Sing|Person=2|Tense=Pres|VerbForm=Fin	1	1.000	form_absent
Condizioni	condizione	NOUN	Gender=Fem|Number=Plur	1	1.000	form_absent
Condorcet	Condorcet	PROPN	_	1	1.000	form_absent
Conegliano	Conegliano	PROPN	_	1	1.000	form_absent
Confederazione	Confederazione	PROPN	_	1	0.167	form_absent
Confederazione	Confederazione	NOUN	Gender=Fem|Number=Sing	1	0.167	form_absent
Conferisce	conferire	VERB	Mood=Ind|Number=Sing|Person=3|Tense=Pres|VerbForm=Fin	1	1.000	form_absent
Confessione	confessione	NOUN	Gender=Fem|Number=Sing	1	1.000	form_absent
Confindustria	Confindustria	PROPN	_	1	1.000	form_absent
Confraternita	Confraternita	PROPN	_	1	0.333	form_absent
Congo	Congo	PROPN	_	1	1.000	form_absent
Congolaise	Congolaise	PROPN	_	1	1.000	form_absent
Coniglio	Coniglio	PROPN	_	1	0.500	form_absent
Coniglio	coniglio	NOUN	Gender=Masc|Number=Sing	1	0.500	form_absent
Connery	Connery	PROPN	_	1	1.000	form_absent
Connetti	connettere	VERB	Mood=Imp|Number=Sing|Person=2|Tense=Pres|VerbForm=Fin	1	1.000	form_absent
Consegnai	consegnare	VERB	Mood=Ind|Number=Sing|Person=1|Tense=Past|VerbForm=Fin	1	1.000	form_absent
Conseguenza	conseguenza	NOUN	Gender=Fem|Number=Sing	1	1.000	form_absent
Consentendo	consentire	VERB	VerbForm=Ger	1	1.000	form_absent
Consenti	consentire	VERB	Mood=Ind|Number=Sing|Person=2|Tense=Pres|VerbForm=Fin	1	1.000	form_absent
Conservatorio	conservatorio	NOUN	Gender=Masc|Number=Sing	1	1.000	form_absent
Considerando	considerare	VERB	VerbForm=Ger	1	1.000	form_absent
Consideriamo	considerare	VERB	Mood=Ind|Number=Plur|Person=1|Tense=Pres|VerbForm=Fin	1	1.000	form_absent
Consigliamo	consigliare	VERB	Mood=Ind|Number=Plur|Person=1|Tense=Pres|VerbForm=Fin	1	1.000	form_absent
Consiste	consistere	VERB	Mood=Ind|Number=Sing|Person=3|Tense=Pres|VerbForm=Fin	1	1.000	form_absent
Consortium	Consortium	PROPN	_	1	1.000	form_absent
Constatando	constatare	VERB	VerbForm=Ger	1	1.000	form_absent
Consulate	Consulate	PROPN	_	1	1.000	form_absent
Consulenti	consulente	NOUN	Number=Plur	1	1.000	form_absent
Contemporaneamente	contemporaneamente	ADV	_	1	1.000	form_absent
Contenuto	contenere	VERB	Gender=Masc|Number=Sing|Tense=Past|VerbForm=Part	1	0.200	form_absent
Contiguglia	Contiguglia	PROPN	_	1	1.000	form_absent
Continente	continente	NOUN	Gender=Masc|Number=Sing	1	1.000	form_absent
Continuano	continuare	VERB	Mood=Ind|Number=Plur|Person=3|Tense=Pres|VerbForm=Fin	1	1.000	form_absent
Continueremo	continuare	VERB	Mood=Ind|Number=Plur|Person=1|Tense=Fut|VerbForm=Fin	1	1.000	form_absent
Continuiamo	continuare	VERB	Mood=Ind|Number=Plur|Person=1|Tense=Pres|VerbForm=Fin	1	1.000	form_absent
Continuo	continuare	VERB	Mood=Ind|Number=Sing|Person=1|Tense=Pres|VerbForm=Fin	1	1.000	form_absent
Contrariamente	contrariamente	ADV	_	1	1.000	form_absent
Contributi	contributo	NOUN	Gender=Masc|Number=Plur	1	1.000	form_absent
Controcorrente	controcorrente	ADV	_	1	1.000	form_absent
Controfesta	Controfesta	PROPN	_	1	1.000	form_absent
Controfirmano	controfirmano	VERB	Mood=Ind|Number=Plur|Person=3|Tense=Pres|VerbForm=Fin	1	1.000	form_absent
Controversa	controverso	ADJ	Gender=Fem|Number=Sing	1	1.000	form_absent
Conversazione	conversazione	NOUN	Gender=Fem|Number=Sing	1	1.000	form_absent
Conversione	conversione	NOUN	Gender=Fem|Number=Sing	1	1.000	form_absent
Cooperazione	Cooperazione	PROPN	_	1	0.500	form_absent
Cooperazione	cooperazione	NOUN	Gender=Fem|Number=Sing	1	0.500	form_absent
Coopi	Coopi	PROPN	_	1	1.000	form_absent
Copa	Copa	PROPN	_	1	1.000	form_absent
Copro	coprire	VERB	Mood=Ind|Number=Sing|Person=1|Tense=Pres|VerbForm=Fin	1	1.000	form_absent
Corallina	Corallina	PROPN	_	1	1.000	form_absent
Cordelia	Cordelia	PROPN	_	1	1.000	form_absent
Corelli	Corelli	PROPN	_	1	1.000	form_absent
Corian	Corian	PROPN	_	1	1.000	form_absent
Corinto	Corinto	PROPN	_	1	1.000	form_absent
Coriolano	Coriolano	PROPN	_	1	1.000	form_absent
Corner	Corner	PROPN	_	1	1.000	form_absent
Corona	Corona	PROPN	_	1	1.000	form_absent
Corpo	Corpo	NOUN	Gender=Masc|Number=Sing	1	0.200	form_absent
Corpo	corpo	NOUN	Gender=Masc|Number=Sing	1	0.200	form_absent
Corral	Corral	PROPN	_	1	1.000	form_absent
Correcteur	Correcteur	PROPN	_	1	1.000	form_absent
Correggio	Correggio	PROPN	_	1	1.000	form_absent
Correrà	correre	VERB	Mood=Ind|Number=Sing|Person=3|Tense=Fut|VerbForm=Fin	1	1.000	form_absent
Corrispondono	corrispondere	VERB	Mood=Ind|Number=Plur|Person=3|Tense=Pres|VerbForm=Fin	1	1.000	form_absent
Corruzione	corruzione	NOUN	Gender=Fem|Number=Sing	1	1.000	form_absent
Corsair	Corsair	PROPN	_	1	1.000	form_absent
Corsaire	Corsaire	PROPN	_	1	1.000	form_absent
Corsino	Corsino	PROPN	_	1	1.000	form_absent
Corso	Corso	PROPN	_	1	1.000	form_absent
Cortes	Cortes	PROPN	_	1	1.000	form_absent
Corvo	Corvo	PROPN	_	1	1.000	form_absent
Cos	Cos	PROPN	_	1	1.000	form_absent
Cosmetici	cosmetico	NOUN	Gender=Masc|Number=Plur	1	1.000	form_absent
Costello	Costello	PROPN	_	1	1.000	form_absent
Costituzionale	costituzionale	ADJ	Number=Sing	1	1.000	form_absent
Costituzionali	Costituzionali	ADJ	Number=Sing	1	0.500	form_absent
Costituzionali	costituzionale	ADJ	Number=Plur	1	0.500	form_absent
Costretto	costringere	VERB	Gender=Masc|Number=Sing|Tense=Past|VerbForm=Part	1	1.000	form_absent
Costruisci	costruire	VERB	Mood=Ind|Number=Sing|Person=2|Tense=Pres|VerbForm=Fin	1	1.000	form_absent
Costruzione	costruzione	NOUN	Gender=Fem|Number=Sing	1	1.000	form_absent
Costumi	Costumi	PROPN	_	1	1.000	form_absent
Coubertin	Coubertin	PROPN	_	1	1.000	form_absent
Cougars	Cougars	PROPN	_	1	1.000	form_absent
Counter	counter	X	Foreign=Yes	1	1.000	form_absent
Countermeasures	countermeasures	X	Foreign=Yes	1	1.000	form_absent
Country	Country	PROPN	_	1	1.000	form_absent
Coura	Coura	PROPN	_	1	1.000	form_absent
Courbet	Courbet	PROPN	_	1	1.000	form_absent
Cousine	Cousine	PROPN	_	1	1.000	form_absent
Cowboy	Cowboy	PROPN	_	1	1.000	form_absent
Coz	Coz	PROPN	_	1	1.000	form_absent
Cpc	Cpc	PROPN	_	1	1.000	form_absent
Crash	Crash	PROPN	_	1	1.000	form_absent
Crater	Crater	PROPN	_	1	1.000	form_absent
Crea	creare	VERB	Mood=Ind|Number=Sing|Person=3|Tense=Pres|VerbForm=Fin	1	1.000	form_absent
Creato	creare	VERB	Gender=Masc|Number=Sing|Tense=Past|VerbForm=Part	1	1.000	form_absent
Creazione	creazione	NOUN	Gender=Fem|Number=Sing	1	1.000	form_absent
Crede	credere	VERB	Mood=Ind|Number=Sing|Person=3|Tense=Pres|VerbForm=Fin	1	1.000	form_absent
Credito	credito	NOUN	Gender=Masc|Number=Sing	1	1.000	form_absent
Creme	Creme	PROPN	_	1	1.000	form_absent
Cres	Cres	PROPN	_	1	1.000	form_absent
Cresce	crescere	VERB	Mood=Ind|Number=Sing|Person=3|Tense=Pres|VerbForm=Fin	1	1.000	form_absent
Crews	Crews	PROPN	_	1	1.000	form_absent
Crimee	Crimee	PROPN	_	1	1.000	form_absent
Cristiani	Cristiani	PROPN	_	1	1.000	form_absent
Criticismo	criticismo	NOUN	Gender=Masc|Number=Sing	1	1.000	form_absent
Croata	croata	ADJ	Gender=Fem|Number=Sing	1	1.000	form_absent
Crocefissione	Crocefissione	PROPN	_	1	1.000	form_absent
Crocifissione	crocifissione	NOUN	Gender=Fem|Number=Sing	1	1.000	form_absent
Crockett	Crockett	PROPN	_	1	1.000	form_absent
Crollato	crollare	VERB	Gender=Masc|Number=Sing|Tense=Past|VerbForm=Part	1	1.000	form_absent
Cromwell	Cromwell	PROPN	_	1	1.000	form_absent
Cronkite	Cronkite	PROPN	_	1	1.000	form_absent
Crown	Crown	PROPN	_	1	1.000	form_absent
Croz	Croz	PROPN	_	1	1.000	form_absent
Croze	Croze	PROPN	_	1	1.000	form_absent
Cruciale	cruciale	ADJ	Number=Sing	1	1.000	form_absent
Crue	Crue	PROPN	_	1	1.000	form_absent
Cryo-Thermique	Cryo-thermique	PROPN	_	1	1.000	form_absent
Crème	Crème	PROPN	_	1	1.000	form_absent
Cubana	Cubana	PROPN	_	1	1.000	form_absent
Cubango	Cubango	PROPN	_	1	1.000	form_absent
Cubani	Cubani	PROPN	_	1	1.000	form_absent
Cufrè	Cufrè	PROPN	_	1	1.000	form_absent
Cultural	cultural	ADJ	Number=Sing	1	1.000	form_absent
CulturalSMS	culturalSMS	PROPN	_	1	1.000	form_absent
Cumbria	Cumbria	PROPN	_	1	1.000	form_absent
Cumenda	Cumenda	PROPN	_	1	1.000	form_absent
Cuna	Cuna	PROPN	_	1	1.000	form_absent
Cunha	Cunha	PROPN	_	1	1.000	form_absent
Cuorgnè	Cuorgnè	PROPN	_	1	1.000	form_absent
Cura	curare	VERB	Mood=Imp|Number=Sing|Person=2|Tense=Pres|VerbForm=Fin	1	0.500	form_absent
Cura	curare	VERB	Mood=Ind|Number=Sing|Person=3|Tense=Pres|VerbForm=Fin	1	0.500	form_absent
Curtain	Curtain	PROPN	_	1	1.000	form_absent
Curve	curva	NOUN	Gender=Fem|Number=Plur	1	1.000	form_absent
Cusack	Cusack	PROPN	_	1	1.000	form_absent
Cuthbert	Cuthbert	PROPN	_	1	1.000	form_absent
D'Avack	D'Avack	PROPN	_	1	1.000	form_absent
D-Day	D-day	PROPN	_	1	1.000	form_absent
D-day	D-day	PROPN	_	1	1.000	form_absent
D.C.	D.c.	PROPN	_	1	1.000	form_absent
D3	D3	PROPN	_	1	1.000	form_absent
DC	DC	PROPN	_	1	1.000	form_absent
DDA	DDA	PROPN	_	1	1.000	form_absent
DEA	Dea	PROPN	_	1	1.000	form_absent
DI	di	ADP	_	1	1.000	form_absent
DNA	Dna	PROPN	_	1	1.000	form_absent
DRFM	DRFM	PROPN	_	1	1.000	form_absent
DSR	DSR	PROPN	_	1	1.000	form_absent
Dakota	Dakota	PROPN	_	1	1.000	form_absent
Dal	Dal	PROPN	_	1	1.000	form_absent
Dale	Dale	PROPN	_	1	1.000	form_absent
Dame	Dame	PROPN	_	1	1.000	form_absent
Dandoy	Dandoy	PROPN	_	1	1.000	form_absent
Danielangela	Danielangela	PROPN	_	1	1.000	form_absent
Danke	Danke	PROPN	_	1	1.000	form_absent
Danni	danno	NOUN	Gender=Masc|Number=Plur	1	1.000	form_absent
Danny	Danny	PROPN	_	1	1.000	form_absent
Dansk	Dansk	PROPN	_	1	1.000	form_absent
Danton	Danton	PROPN	_	1	1.000	form_absent
Darmstadt	Darmstadt	PROPN	_	1	1.000	form_absent
Das	Das	PROPN	_	1	1.000	form_absent
Dashamir	Dashamir	PROPN	_	1	1.000	form_absent
Dashim	Dashim	PROPN	_	1	1.000	form_absent
Data	Data	PROPN	_	1	0.250	form_absent
Data	data	NOUN	Gender=Fem|Number=Sing	1	0.250	form_absent
Dave	Dave	PROPN	_	1	1.000	form_absent
Davies	Davies	PROPN	_	1	1.000	form_absent
Davvero	davvero	ADV	_	1	1.000	form_absent
Davy	Davy	PROPN	_	1	1.000	form_absent
Days	Days	PROPN	_	1	1.000	form_absent
Death	Death	PROPN	_	1	1.000	form_absent
Debutta	debuttare	VERB	Mood=Ind|Number=Sing|Person=3|Tense=Pres|VerbForm=Fin	1	1.000	form_absent
Decayed	decayed	ADJ	_	1	1.000	form_absent
Decidi	decidere	VERB	Mood=Ind|Number=Sing|Person=2|Tense=Pres|VerbForm=Fin	1	1.000	form_absent
Decisamente	decisamente	ADV	_	1	1.000	form_absent
Decorso	decorrere	VERB	Gender=Masc|Number=Sing|Tense=Past|VerbForm=Part	1	1.000	form_absent
Deiva	Deiva	PROPN	_	1	1.000	form_absent
Delaware	Delaware	PROPN	_	1	1.000	form_absent
Delegare	delegare	VERB	VerbForm=Inf	1	1.000	form_absent
Delfo	Delfo	PROPN	_	1	1.000	form_absent
Delgada	Delgada	PROPN	_	1	1.000	form_absent
Delic	Delic	PROPN	_	1	1.000	form_absent
Delio	Delio	PROPN	_	1	1.000	form_absent
Delsey	Delsey	PROPN	_	1	1.000	form_absent
Deluso	deluso	ADJ	Gender=Masc|Number=Sing	1	1.000	form_absent
Demaci	Demaci	PROPN	_	1	1.000	form_absent
Demian	Demian	PROPN	_	1	1.000	form_absent
Democratica	democratica	ADJ	Gender=Fem|Number=Sing	1	1.000	form_absent
Democrazia	democrazia	NOUN	Gender=Fem|Number=Sing	1	1.000	form_absent
Denise	Denise	PROPN	_	1	1.000	form_absent
Densha	Densha	PROPN	_	1	1.000	form_absent
Denunciato	denunciare	VERB	Gender=Masc|Number=Sing|Tense=Past|VerbForm=Part	1	1.000	form_absent
Denver	Denver	PROPN	_	1	1.000	form_absent
Denys	Denys	PROPN	_	1	1.000	form_absent
Denzel	Denzel	PROPN	_	1	1.000	form_absent
Depardieu	Depardieu	PROPN	_	1	1.000	form_absent
Deploriamo	deplorare	VERB	Mood=Ind|Number=Plur|Person=1|Tense=Pres|VerbForm=Fin	1	1.000	form_absent
Depositi	Depositi	PROPN	_	1	1.000	form_absent
Deputati	Deputati	NOUN	Gender=Masc|Number=Plur	1	1.000	form_absent
Derby	Derby	PROPN	_	1	1.000	form_absent
Deriva	derivare	VERB	Mood=Ind|Number=Sing|Person=3|Tense=Pres|VerbForm=Fin	1	1.000	form_absent
Derivatives	Derivatives	NOUN	Number=Plur	1	1.000	form_absent
Descrizione	descrizione	NOUN	Gender=Fem|Number=Sing	1	1.000	form_absent
Descrizioni	descrizione	NOUN	Gender=Fem|Number=Plur	1	1.000	form_absent
Desiderata	desiderata	NOUN	Gender=Masc|Number=Plur	1	1.000	form_absent
Design	Design	PROPN	_	1	1.000	form_absent
Desktop	Desktop	PROPN	_	1	1.000	form_absent
Destinazione	destinazione	NOUN	Gender=Fem|Number=Sing	1	1.000	form_absent
Destinazioni	destinazione	NOUN	Gender=Fem|Number=Plur	1	1.000	form_absent
Destino	destino	NOUN	Gender=Masc|Number=Sing	1	1.000	form_absent
Destiny	Destiny	PROPN	_	1	1.000	form_absent
Detection	detection	NOUN	Number=Sing	1	1.000	form_absent
Detenuto	detenere	VERB	Gender=Masc|Number=Sing|Tense=Past|VerbForm=Part	1	1.000	form_absent
Determinazione	determinazione	NOUN	Gender=Fem|Number=Sing	1	1.000	form_absent
Determiner	Determiner	PROPN	_	1	1.000	form_absent
Dettori	Dettori	PROPN	_	1	1.000	form_absent
Deukmejian	Deukmejian	PROPN	_	1	1.000	form_absent
Deutschland	Deutschland	PROPN	_	1	1.000	form_absent
Deve	dovere	VERB	Mood=Ind|Number=Sing|Person=3|Tense=Pres|VerbForm=Fin	1	0.200	form_absent
Devers	Devers	PROPN	_	1	1.000	form_absent
Diagnosis	Diagnosis	PROPN	_	1	1.000	form_absent
Diane	Diane	PROPN	_	1	1.000	form_absent
Dice	dire	VERB	Mood=Ind|Number=Sing|Person=3|Tense=Pres|VerbForm=Fin	1	1.000	form_absent
Dicembre	dicembre	NOUN	Gender=Masc|Number=Sing	1	1.000	form_absent
Dichiarazioni	dichiarazione	NOUN	Gender=Fem|Number=Plur	1	1.000	form_absent
Dichiaro	dichiarare	VERB	Mood=Ind|Number=Sing|Person=1|Tense=Pres|VerbForm=Fin	1	1.000	form_absent
Diciamo	dire	VERB	Mood=Ind|Number=Plur|Person=1|Tense=Pres|VerbForm=Fin	1	1.000	form_absent
Dickinson	Dickinson	PROPN	_	1	1.000	form_absent
Dictionary	Dictionary	PROPN	_	1	1.000	form_absent
Dieci	Dieci	PROPN	_	1	0.500	form_absent
Dieci	dieci	NUM	NumType=Card	1	0.500	form_absent
Diede	dare	VERB	Mood=Ind|Number=Sing|Person=3|Tense=Past|VerbForm=Fin	1	1.000	form_absent
Dieta	Dieta	PROPN	_	1	1.000	form_absent
Diete	dieta	NOUN	Gender=Fem|Number=Plur	1	1.000	form_absent
Dietro	dietro	ADP	_	1	0.333	form_absent
Dietro	dietro	ADV	_	1	0.333	form_absent
Dietro	dietro	ADV	ExtPos=ADP	1	0.333	form_absent
Difesa	Difesa	PROPN	_	1	0.500	form_absent
Difesa	difesa	NOUN	Gender=Fem|Number=Sing	1	0.500	form_absent
Difficile	difficile	ADJ	Number=Sing	1	1.000	form_absent
Diga	Diga	PROPN	_	1	1.000	form_absent
Digges	Digges	PROPN	_	1	1.000	form_absent
Digilio	Digilio	PROPN	_	1	1.000	form_absent
Digione	Digione	PROPN	_	1	1.000	form_absent
Digital	digital	ADJ	_	1	1.000	form_absent
Digitronica	Digitronica	PROPN	_	1	1.000	form_absent
Dignità	dignità	NOUN	Gender=Fem|Number=Sing	1	1.000	form_absent
Dilbert	Dilbert	PROPN	_	1	1.000	form_absent
Dilemma	Dilemma	PROPN	_	1	1.000	form_absent
Dillinger	Dillinger	PROPN	_	1	1.000	form_absent
Diminuiamo	diminuire	VERB	Mood=Ind|Number=Plur|Person=1|Tense=Pres|VerbForm=Fin	1	1.000	form_absent
Dinamica	dinamica	NOUN	Gender=Fem|Number=Sing	1	1.000	form_absent
Dinarosa	Dinarosa	PROPN	_	1	1.000	form_absent
Dinonix	Dinonix	PROPN	_	1	1.000	form_absent
Diocesi	Diocesi	PROPN	_	1	1.000	form_absent
Dipinse	dipingere	VERB	Mood=Ind|Number=Sing|Person=3|Tense=Past|VerbForm=Fin	1	1.000	form_absent
Direttiva	direttiva	NOUN	Gender=Fem|Number=Sing	1	1.000	form_absent
Direttivo	direttivo	ADJ	Gender=Masc|Number=Sing	1	1.000	form_absent
Direttore	direttore	NOUN	Gender=Masc|Number=Sing	1	1.000	form_absent
Direzione	direzione	NOUN	Gender=Fem|Number=Sing	1	1.000	form_absent
Dirò	dire	VERB	Mood=Ind|Number=Sing|Person=1|Tense=Fut|VerbForm=Fin	1	1.000	form_absent
Disavventure	disavventura	NOUN	Gender=Fem|Number=Plur	1	1.000	form_absent
Disordini	disordine	NOUN	Gender=Masc|Number=Plur	1	1.000	form_absent
Disperato	disperato	ADJ	Gender=Masc|Number=Sing	1	1.000	form_absent
Disperazione	disperazione	NOUN	Gender=Fem|Number=Sing	1	1.000	form_absent
Dispettosa	dispettoso	ADJ	Gender=Fem|Number=Sing	1	1.000	form_absent
Dispongo	disporre	VERB	Mood=Ind|Number=Sing|Person=1|Tense=Pres|VerbForm=Fin	1	1.000	form_absent
Dispongono	disporre	VERB	Mood=Ind|Number=Plur|Person=3|Tense=Pres|VerbForm=Fin	1	1.000	form_absent
Disponibilità	disponibilità	NOUN	Gender=Fem	1	1.000	form_absent
Disprezzo	disprezzo	NOUN	Gender=Masc|Number=Sing	1	1.000	form_absent
Disraeli	Disraeli	PROPN	_	1	1.000	form_absent
Dissero	dire	VERB	Mood=Ind|Number=Plur|Person=3|Tense=Past|VerbForm=Fin	1	1.000	form_absent
Distretto	Distretto	PROPN	_	1	1.000	form_absent
Distrettuale	distrettuale	ADJ	Number=Sing	1	1.000	form_absent
Distribuito	distribuire	VERB	Gender=Masc|Number=Sing|Tense=Past|VerbForm=Part	1	1.000	form_absent
District	District	PROPN	_	1	1.000	form_absent
Diva	diva	X	Foreign=Yes	1	1.000	form_absent
Diventa	diventare	VERB	Mood=Ind|Number=Sing|Person=3|Tense=Pres|VerbForm=Fin	1	1.000	form_absent
Diventeranno	diventare	VERB	Mood=Ind|Number=Plur|Person=3|Tense=Fut|VerbForm=Fin	1	1.000	form_absent
Diversamente	diversamente	ADV	_	1	1.000	form_absent
Divisione	divisione	NOUN	Gender=Fem|Number=Sing	1	1.000	form_absent
Dixon	Dixon	PROPN	_	1	1.000	form_absent
Documenta	Documenta	PROPN	_	1	1.000	form_absent
Documentato	documentare	VERB	Gender=Masc|Number=Sing|Tense=Past|VerbForm=Part	1	1.000	form_absent
Dodgers	Dodgers	PROPN	_	1	1.000	form_absent
Dodici	dodici	NUM	NumType=Card	1	1.000	form_absent
Dogberry	Dogberry	PROPN	_	1	1.000	form_absent
Dogg	Dogg	PROPN	_	1	1.000	form_absent
Doggy	Doggy	PROPN	_	1	1.000	form_absent
Doha	Doha	PROPN	_	1	1.000	form_absent
Doi	Doi	PROPN	_	1	1.000	form_absent
Dollon	Dollon	PROPN	_	1	1.000	form_absent
Dolomites	Dolomites	PROPN	_	1	1.000	form_absent
Dolomiti	Dolomiti	PROPN	_	1	1.000	form_absent
Domande	domanda	NOUN	Gender=Fem|Number=Plur	1	1.000	form_absent
Domani	Domani	ADV	_	1	1.000	form_absent
Domate	domare	VERB	Gender=Fem|Number=Plur|Tense=Past|VerbForm=Part	1	1.000	form_absent
Dome	Dome	PROPN	_	1	1.000	form_absent
Dominique	Dominique	PROPN	_	1	1.000	form_absent
Donaldo	Donaldo	PROPN	_	1	1.000	form_absent
Donovan	Donovan	PROPN	_	1	1.000	form_absent
Dopobagno	dopobagno	NOUN	Gender=Masc	1	1.000	form_absent
Dopodomani	dopodomani	ADV	_	1	1.000	form_absent
Doppio	doppio	ADJ	Gender=Masc|Number=Sing	1	1.000	form_absent
Dorian	Dorian	PROPN	_	1	1.000	form_absent
Dorio	Dorio	PROPN	_	1	1.000	form_absent
Dornbusch	Dornbusch	PROPN	_	1	1.000	form_absent
Dostoevsky	Dostoevsky	PROPN	_	1	1.000	form_absent
Dostoyevsky	Dostoyevsky	PROPN	_	1	1.000	form_absent
Dot	Dot	PROPN	_	1	1.000	form_absent
Dottor	Dottor	NOUN	Gender=Masc|Number=Sing	1	1.000	form_absent
Dovevi	dovere	AUX	Mood=Ind|Number=Sing|Person=2|Tense=Imp|VerbForm=Fin	1	1.000	form_absent
Dovrei	dovere	AUX	Mood=Cnd|Number=Sing|Person=1|Tense=Pres|VerbForm=Fin	1	1.000	form_absent
Dovremo	dovere	AUX	Mood=Ind|Number=Plur|Person=1|Tense=Fut|VerbForm=Fin	1	1.000	form_absent
Down	Down	X	Foreign=Yes	1	1.000	form_absent
Downs	Downs	PROPN	_	1	1.000	form_absent
Dpcm	Dpcm	PROPN	_	1	1.000	form_absent
Dr.	Dr.	NOUN	_	1	1.000	form_absent
Drake	Drake	PROPN	_	1	1.000	form_absent
Drammatica	drammatico	ADJ	Gender=Fem|Number=Sing	1	1.000	form_absent
Drammatizzando	drammatizzare	VERB	VerbForm=Ger	1	1.000	form_absent
Dreyer	Dreyer	PROPN	_	1	1.000	form_absent
Dreyfus	Dreyfus	PROPN	_	1	1.000	form_absent
Driver	Driver	PROPN	_	1	1.000	form_absent
Drugstore	Drugstore	PROPN	_	1	1.000	form_absent
Du	Du	PROPN	_	1	1.000	form_absent
DuPont	Dupont	PROPN	_	1	1.000	form_absent
Duarte	Duarte	PROPN	_	1	1.000	form_absent
Dubai	Dubai	PROPN	_	1	1.000	form_absent
Dubrovbka	Dubrovbka	PROPN	_	1	1.000	form_absent
Dubrovka	Dubrovka	PROPN	_	1	1.000	form_absent
Duchessa	Duchessa	PROPN	_	1	1.000	form_absent
Duecento	Duecento	NOUN	Gender=Masc|Number=Sing	1	0.500	form_absent
Duecento	duecento	NUM	NumType=Card	1	0.500	form_absent
Duisenberg	Duisenberg	PROPN	_	1	1.000	form_absent
Dulcis	dulcis	X	Foreign=Yes	1	1.000	form_absent
Dumitru	Dumitru	PROPN	_	1	1.000	form_absent
Duncan	Duncan	PROPN	_	1	1.000	form_absent
Dupont	Dupont	PROPN	_	1	1.000	form_absent
Durrenmatt	Durrenmatt	PROPN	_	1	1.000	form_absent
Dusty	Dusty	PROPN	_	1	1.000	form_absent
Dwight	Dwight	PROPN	_	1	1.000	form_absent
Dworac	Dworac	PROPN	_	1	1.000	form_absent
Dworkin	Dworkin	PROPN	_	1	1.000	form_absent
Dynamic	Dynamic	PROPN	_	1	1.000	form_absent
Díez	Díez	PROPN	_	1	1.000	form_absent
D’	D’	ADP	_	1	1.000	form_absent
E-commerce	E-commerce	PROPN	_	1	1.000	form_absent
E231	E231	PROPN	_	1	1.000	form_absent
EAU	Eau	PROPN	_	1	1.000	form_absent
ECCM	ECCM	PROPN	_	1	1.000	form_absent
ECCP	ECCP	PROPN	_	1	1.000	form_absent
ECU	Ecu	PROPN	_	1	1.000	form_absent
ELDR	ELDR	PROPN	_	1	1.000	form_absent
ENI	ENI	PROPN	_	1	1.000	form_absent
EP	EP	PROPN	_	1	0.200	form_absent
EPA	EPA	PROPN	_	1	1.000	form_absent
EPM	EPM	PROPN	_	1	1.000	form_absent
ESA	ESA	PROPN	_	1	1.000	form_absent
ETSI	Etsi	PROPN	_	1	1.000	form_absent
E`	essere	AUX	Mood=Ind|Number=Sing|Person=3|Tense=Pres|VerbForm=Fin	1	1.000	form_absent
Eagles	Eagles	PROPN	_	1	1.000	form_absent
Earhart	Earhart	PROPN	_	1	1.000	form_absent
Earth	earth	NOUN	Number=Sing	1	1.000	form_absent
Ebbe	avere	VERB	Mood=Ind|Number=Sing|Person=3|Tense=Past|VerbForm=Fin	1	1.000	form_absent
Ebbene	Ebbene	INTJ	_	1	0.250	form_absent
Ebbene	ebbene	SCONJ	_	1	0.250	form_absent
Ebbets	Ebbets	PROPN	_	1	1.000	form_absent
Ebrd	Ebrd	PROPN	_	1	1.000	form_absent
Ebrei	Ebrei	PROPN	_	1	1.000	form_absent
Eca	Eca	PROPN	_	1	1.000	form_absent
Eccellenza	Eccellenza	PROPN	_	1	1.000	form_absent
Eccessiva	eccessivo	ADJ	Gender=Fem|Number=Sing	1	1.000	form_absent
Ecofin	Ecofin	PROPN	_	1	1.000	form_absent
Eda	Eda	PROPN	_	1	1.000	form_absent
Edifici	edificio	NOUN	Gender=Masc|Number=Plur	1	1.000	form_absent
Edilnuova	Edilnuova	PROPN	_	1	1.000	form_absent
Editori	editore	NOUN	Gender=Masc|Number=Sing	1	1.000	form_absent
Editoria	Editoria	PROPN	_	1	1.000	form_absent
Edmond	Edmond	PROPN	_	1	1.000	form_absent
Edsel	Edsel	PROPN	_	1	1.000	form_absent
Eelam	Eelam	PROPN	_	1	1.000	form_absent
Effetti	effetto	NOUN	Gender=Masc|Number=Plur	1	1.000	form_absent
Effettivamente	effettivamente	ADV	_	1	1.000	form_absent
Egeo	Egeo	PROPN	_	1	1.000	form_absent
Egiziani	Egiziani	NOUN	Gender=Masc|Number=Plur	1	1.000	form_absent
Ego	Ego	PROPN	_	1	1.000	form_absent
Egor	Egor	PROPN	_	1	1.000	form_absent
Egrove	Egrove	PROPN	_	1	1.000	form_absent
Eguzzoni	Eguzzoni	PROPN	_	1	1.000	form_absent
Eichmann	Eichmann	PROPN	_	1	1.000	form_absent
Eichrodt	Eichrodt	PROPN	_	1	1.000	form_absent
Eindhoven	Eindhoven	PROPN	_	1	1.000	form_absent
Eisenhower	Eisenhower	PROPN	_	1	1.000	form_absent
Elbasan	Elbasan	PROPN	_	1	1.000	form_absent
Eldorado	eldorado	NOUN	Gender=Masc|Number=Sing	1	1.000	form_absent
Electa	Electa	PROPN	_	1	1.000	form_absent
Electronic	electronic	ADJ	_	1	0.333	form_absent
Elegia	Elegia	PROPN	_	1	0.500	form_absent
Elegia	elegia	NOUN	Gender=Fem|Number=Sing	1	0.500	form_absent
Elementi	elemento	NOUN	Gender=Masc|Number=Plur	1	1.000	form_absent
Eleven	Eleven	PROPN	_	1	1.000	form_absent
Elicotteri	elicottero	NOUN	Gender=Masc|Number=Plur	1	1.000	form_absent
Elimina	eliminare	VERB	Mood=Imp|Number=Sing|Person=2|Tense=Pres|VerbForm=Fin	1	1.000	form_absent
Elite	Elite	PROPN	_	1	1.000	form_absent
Elkann	Elkann	PROPN	_	1	1.000	form_absent
Ellenistica	Ellenistica	PROPN	_	1	1.000	form_absent
Ellington	Ellington	PROPN	_	1	1.000	form_absent
Ellis	Ellis	PROPN	_	1	1.000	form_absent
Elmira	Elmira	PROPN	_	1	1.000	form_absent
Elvia	Elvia	PROPN	_	1	1.000	form_absent
Elvio	Elvio	PROPN	_	1	1.000	form_absent
Elzeviro	Elzeviro	PROPN	_	1	1.000	form_absent
Emeraude	Emeraude	PROPN	_	1	1.000	form_absent
Emergenti	Emergenti	PROPN	_	1	1.000	form_absent
Emil	Emil	PROPN	_	1	1.000	form_absent
Emile	Emile	PROPN	_	1	1.000	form_absent
Emiliano	Emiliano	PROPN	_	1	1.000	form_absent
Emily	Emily	PROPN	_	1	1.000	form_absent
Emin	Emin	PROPN	_	1	1.000	form_absent
Eminem	Eminem	PROPN	_	1	1.000	form_absent
Emirati	emirato	PROPN	_	1	1.000	form_absent
Emmanuel	Emmanuel	PROPN	_	1	1.000	form_absent
Emmitt	Emmitt	PROPN	_	1	1.000	form_absent
Enalcaccia	Enalcaccia	PROPN	_	1	1.000	form_absent
Energia	Energia	NOUN	Gender=Fem|Number=Sing	1	0.200	form_absent
Energia	energia	NOUN	Gender=Fem|Number=Sing	1	0.200	form_absent
Enfeebled	enfeebled	ADJ	_	1	1.000	form_absent
Enfiteusi	enfiteusi	NOUN	Gender=Fem	1	1.000	form_absent
English	English	PROPN	_	1	0.500	form_absent
English	English	ADJ	_	1	0.500	form_absent
Enisse	Enisse	PROPN	_	1	1.000	form_absent
Eno	Eno	PROPN	_	1	1.000	form_absent
Enriquez	Enriquez	PROPN	_	1	1.000	form_absent
Enter	enter	VERB	VerbForm=Inf	1	1.000	form_absent
Enti	ente	NOUN	Gender=Masc|Number=Plur	1	1.000	form_absent
Entra	entrare	VERB	Mood=Ind|Number=Sing|Person=3|Tense=Pres|VerbForm=Fin	1	1.000	form_absent
Entrai	entrare	VERB	Mood=Ind|Number=Sing|Person=1|Tense=Past|VerbForm=Fin	1	1.000	form_absent
Entrambe	entrambi	DET	Gender=Fem|Number=Plur|PronType=Tot	1	1.000	form_absent
Entrambi	entrambi	DET	Gender=Masc|Number=Plur|PronType=Tot	1	0.500	form_absent
Entrambi	entrambi	PRON	Gender=Masc|Number=Plur|PronType=Ind	1	0.500	form_absent
Entrando	entrare	VERB	VerbForm=Ger	1	1.000	form_absent
Entrate	Entrate	PROPN	_	1	1.000	form_absent
Entusiasta	entusiasta	ADJ	Number=Sing	1	1.000	form_absent
Epa	Epa	PROPN	_	1	1.000	form_absent
Epiro	Epiro	PROPN	_	1	1.000	form_absent
Eporonniers	Eporonniers	PROPN	_	1	1.000	form_absent
Epson	Epson	PROPN	_	1	1.000	form_absent
Equatoriale	Equatoriale	PROPN	_	1	1.000	form_absent
Equiparazione	equiparazione	NOUN	Gender=Fem|Number=Sing	1	1.000	form_absent
Equitalia	Equitalia	PROPN	_	1	1.000	form_absent
Erano	essere	VERB	Mood=Ind|Number=Plur|Person=3|Tense=Imp|VerbForm=Fin	1	0.125	form_absent
Eravamo	essere	AUX	Mood=Ind|Number=Plur|Person=1|Tense=Imp|VerbForm=Fin	1	1.000	form_absent
Ericsson	Ericsson	PROPN	_	1	1.000	form_absent
Erie	Erie	PROPN	_	1	1.000	form_absent
Ero	essere	AUX	Mood=Ind|Number=Sing|Person=1|Tense=Imp|VerbForm=Fin	1	1.000	form_absent
Eroi	eroe	NOUN	Gender=Masc|Number=Plur	1	1.000	form_absent
Eroina	eroina	NOUN	Gender=Fem|Number=Sing	1	1.000	form_absent
Errara	Errara	PROPN	_	1	1.000	form_absent
Erriquez	Erriquez	PROPN	_	1	1.000	form_absent
Erzegovina	Erzegovina	PROPN	_	1	1.000	form_absent
Esagerazioni	esagerazione	NOUN	Gender=Fem|Number=Plur	1	1.000	form_absent
Esame	esame	NOUN	Gender=Masc|Number=Sing	1	1.000	form_absent
Esce	uscire	VERB	Mood=Ind|Number=Sing|Person=3|Tense=Pres|VerbForm=Fin	1	1.000	form_absent
Escludendo	escludere	VERB	VerbForm=Ger	1	1.000	form_absent
Escobar	Escobar	PROPN	_	1	1.000	form_absent
Esecutivo	esecutivo	NOUN	Gender=Masc|Number=Sing	1	1.000	form_absent
Esedra	Esedra	PROPN	_	1	1.000	form_absent
Eseguito	eseguire	VERB	Gender=Masc|Number=Sing|Tense=Past|VerbForm=Part	1	1.000	form_absent
Esodo	esodo	NOUN	Gender=Masc|Number=Sing	1	1.000	form_absent
Esonero	esonero	NOUN	Gender=Masc|Number=Sing	1	1.000	form_absent
Esordire	esordire	VERB	VerbForm=Inf	1	1.000	form_absent
Esposizione	Esposizione	PROPN	_	1	1.000	form_absent
Espressioni	espressione	NOUN	Gender=Fem|Number=Plur	1	1.000	form_absent
Essayah	Essayah	PROPN	_	1	1.000	form_absent
Essen	Essen	PROPN	_	1	1.000	form_absent
Essenziale	essenziale	ADJ	Number=Sing	1	1.000	form_absent
Essler	Essler	PROPN	_	1	1.000	form_absent
Estate	Estate	PROPN	_	1	1.000	form_absent
Este	Este	PROPN	_	1	1.000	form_absent
Esteban	Esteban	PROPN	_	1	1.000	form_absent
Estensione	estensione	NOUN	Gender=Fem|Number=Sing	1	1.000	form_absent
Estere	estero	ADJ	Gender=Fem|Number=Plur	1	1.000	form_absent
Esterhazy	Esterhazy	PROPN	_	1	1.000	form_absent
Esuberante	esuberante	ADJ	Number=Sing	1	1.000	form_absent
Eternal	eternal	ADJ	_	1	1.000	form_absent
Etna	Etna	PROPN	_	1	1.000	form_absent
Etrangère	Etrangère	PROPN	_	1	1.000	form_absent
Etudes	Etudes	PROPN	_	1	1.000	form_absent
Età	Età	PROPN	_	1	1.000	form_absent
Eufrate	Eufrate	PROPN	_	1	1.000	form_absent
Euganeo	Euganeo	PROPN	_	1	1.000	form_absent
Eugene	Eugene	PROPN	_	1	1.000	form_absent
Euro	Euro	PROPN	_	1	1.000	form_absent
Eurojust	Eurojust	PROPN	_	1	1.000	form_absent
Europei	europeo	ADJ	Gender=Masc|Number=Plur	1	1.000	form_absent
Europeo	Europeo	ADJ	Gender=Masc|Number=Sing	1	0.111	form_absent
Eurosport	Eurosport	PROPN	_	1	1.000	form_absent
Eurythmics	Eurythmics	PROPN	_	1	1.000	form_absent
Eusebio	Eusebio	PROPN	_	1	1.000	form_absent
Evacuata	evacuare	VERB	Gender=Fem|Number=Sing|Tense=Past|VerbForm=Part	1	1.000	form_absent
Evan	Evan	PROPN	_	1	1.000	form_absent
Every	Every	DET	PronType=Ind	1	1.000	form_absent
Everybody	Everybody	X	Foreign=Yes	1	1.000	form_absent
Evita	evitare	VERB	Mood=Imp|Number=Sing|Person=2|Tense=Pres|VerbForm=Fin	1	1.000	form_absent
Evitiamo	evitare	VERB	Mood=Ind|Number=Plur|Person=1|Tense=Pres|VerbForm=Fin	1	1.000	form_absent
Exil	Exil	PROPN	_	1	1.000	form_absent
Explorer	Explorer	PROPN	_	1	1.000	form_absent
Exxon	Exxon	PROPN	_	1	1.000	form_absent
Ezcurra	Ezcurra	PROPN	_	1	1.000	form_absent
FARC	Farc	PROPN	_	1	1.000	form_absent
FBI	Fbi	PROPN	_	1	1.000	form_absent
FDA	Fda	PROPN	_	1	1.000	form_absent
FDR	Fdr	PROPN	_	1	1.000	form_absent
FHP	Fhp	PROPN	_	1	1.000	form_absent
FIAT	Fiat	PROPN	_	1	0.333	form_absent
FIUME	Fiume	PROPN	_	1	1.000	form_absent
FMI	FMI	PROPN	_	1	1.000	form_absent
FOLAGA	folaga	NOUN	Gender=Fem|Number=Sing	1	1.000	form_absent
FORLÌ	Forlì	PROPN	_	1	1.000	form_absent
FPU	Fpu	PROPN	_	1	1.000	form_absent
FS	FS	PROPN	_	1	1.000	form_absent
FSK	Fsk	PROPN	_	1	1.000	form_absent
FTP	Ftp	PROPN	_	1	1.000	form_absent
Fabianic	Fabianic	PROPN	_	1	1.000	form_absent
Fabri	Fabri	PROPN	_	1	1.000	form_absent
Facchetti	Facchetti	PROPN	_	1	1.000	form_absent
Facci	Facci	PROPN	_	1	1.000	form_absent
Facendo	fare	VERB	VerbForm=Ger	1	1.000	form_absent
Facility	facility	NOUN	_	1	1.000	form_absent
Facoltà	Facoltà	PROPN	_	1	1.000	form_absent
Factotum	Factotum	PROPN	_	1	1.000	form_absent
Fai	fare	VERB	Mood=Imp|Number=Sing|Person=2|Tense=Pres|VerbForm=Fin	1	1.000	form_absent
Faiello	Faiello	PROPN	_	1	1.000	form_absent
Fail	Fail	PROPN	_	1	1.000	form_absent
Falkland	Falkland	PROPN	_	1	1.000	form_absent
Fall	Fall	PROPN	_	1	1.000	form_absent
Falthurne	Falthurne	PROPN	_	1	1.000	form_absent
Falzone	Falzone	PROPN	_	1	1.000	form_absent
Fame	Fame	PROPN	_	1	1.000	form_absent
Famiglia	famiglia	NOUN	Gender=Fem|Number=Sing	1	1.000	form_absent
Fanny	Fanny	PROPN	_	1	1.000	form_absent
Faraoni	Faraoni	PROPN	_	1	1.000	form_absent
Farei	fare	VERB	Mood=Cnd|Number=Sing|Person=1|Tense=Pres|VerbForm=Fin	1	1.000	form_absent
Faremo	fare	VERB	Mood=Ind|Number=Plur|Person=1|Tense=Fut|VerbForm=Fin	1	1.000	form_absent
Fargo	Fargo	PROPN	_	1	1.000	form_absent
Farnese	Farnese	PROPN	_	1	1.000	form_absent
Fasano	Fasano	PROPN	_	1	1.000	form_absent
Fascista	fascista	ADJ	Number=Sing	1	1.000	form_absent
Fat	Fat	PROPN	_	1	0.500	form_absent
Fat	fare	VERB	Mood=Imp|Number=Sing|Person=2|Tense=Pres|VerbForm=Fin	1	0.500	form_absent
Fate	fare	VERB	Mood=Imp|Number=Plur|Person=2|Tense=Pres|VerbForm=Fin	1	1.000	form_absent
Fatos	Fatos	PROPN	_	1	1.000	form_absent
Fatte	fare	VERB	Gender=Fem|Number=Plur|Tense=Past|VerbForm=Part	1	1.000	form_absent
Fatture	fattura	NOUN	Gender=Fem|Number=Plur	1	1.000	form_absent
Faustino	Faustino	PROPN	_	1	1.000	form_absent
Favorisce	favorire	VERB	Mood=Ind|Number=Sing|Person=3|Tense=Pres|VerbForm=Fin	1	1.000	form_absent
Favre	Favre	PROPN	_	1	1.000	form_absent
Fawkes	Fawkes	PROPN	_	1	1.000	form_absent
Feb	febbraio	NOUN	Gender=Masc|Number=Sing	1	0.200	form_absent
Febbre	Febbre	PROPN	_	1	1.000	form_absent
Federale	Federale	PROPN	_	1	1.000	form_absent
Feels	Feels	X	Foreign=Yes	1	1.000	form_absent
Fein	Fein	PROPN	_	1	1.000	form_absent
Felix	Felix	PROPN	_	1	1.000	form_absent
Felt	Felt	PROPN	_	1	1.000	form_absent
Femmine	femmina	NOUN	Gender=Fem|Number=Plur	1	1.000	form_absent
Feng	Feng	PROPN	_	1	1.000	form_absent
Fenway	Fenway	PROPN	_	1	1.000	form_absent
Fereder	Fereder	PROPN	_	1	1.000	form_absent
Ferita	ferire	VERB	Gender=Fem|Number=Sing|Tense=Past|VerbForm=Part	1	1.000	form_absent
Fermes	Fermes	PROPN	_	1	1.000	form_absent
Feronia	Feronia	PROPN	_	1	1.000	form_absent
Ferrario	Ferrario	PROPN	_	1	1.000	form_absent
Ferrer	Ferrer	PROPN	_	1	1.000	form_absent
Ferrovie	ferrovie	NOUN	Gender=Fem|Number=Plur	1	0.333	form_absent
Fersen	Fersen	PROPN	_	1	1.000	form_absent
Fersina	Fersina	PROPN	_	1	1.000	form_absent
Feyerabend	Feyerabend	PROPN	_	1	1.000	form_absent
Fiano	Fiano	PROPN	_	1	1.000	form_absent
Fiat-Chrysler	Fiat-Chrysler	PROPN	_	1	1.000	form_absent
Fibermar	Fibermar	PROPN	_	1	1.000	form_absent
Fiction	fiction	NOUN	Gender=Fem	1	0.250	form_absent
Fiddler	Fiddler	NOUN	Number=Sing	1	1.000	form_absent
Fidus	Fidus	PROPN	_	1	1.000	form_absent
Field	Field	PROPN	_	1	1.000	form_absent
Fieragricola	Fieragricola	PROPN	_	1	1.000	form_absent
Fiesta	Fiesta	PROPN	_	1	1.000	form_absent
Figlio	figlio	NOUN	Gender=Masc|Number=Sing	1	1.000	form_absent
Filidoro	Filidoro	PROPN	_	1	1.000	form_absent
Filippide	Filippide	PROPN	_	1	1.000	form_absent
Fille	Fille	X	Foreign=Yes	1	1.000	form_absent
Film	Film	PROPN	_	1	1.000	form_absent
Filo	Filo	PROPN	_	1	1.000	form_absent
Filzi	Filzi	PROPN	_	1	1.000	form_absent
Fin	Fin	PROPN	_	1	0.500	form_absent
Fin	fino	ADV	ExtPos=ADP	1	0.500	form_absent
Finalmente	finalmente	ADV	_	1	1.000	form_absent
Finanza	finanza	NOUN	Gender=Fem|Number=Sing	1	1.000	form_absent
Finanziaria	finanziaria	NOUN	Gender=Fem|Number=Sing	1	0.167	form_absent
Finché	finché	ADV	_	1	0.250	form_absent
Finind	Finind	PROPN	_	1	1.000	form_absent
Finito	finire	VERB	Gender=Masc|Number=Sing|Tense=Past|VerbForm=Part	1	1.000	form_absent
Fiorito	Fiorito	PROPN	_	1	1.000	form_absent
Fire	fire	NOUN	Number=Sing	1	1.000	form_absent
Fiscale	Fiscale	PROPN	_	1	1.000	form_absent
Fischer	Fischer	PROPN	_	1	1.000	form_absent
Fisici	fisico	NOUN	Gender=Masc|Number=Plur	1	1.000	form_absent
Fisiologia	fisiologia	NOUN	Gender=Fem|Number=Sing	1	1.000	form_absent
Fisiotron	Fisiotron	PROPN	_	1	1.000	form_absent
Fiumefreddo	Fiumefreddo	PROPN	_	1	1.000	form_absent
Five	Five	PROPN	_	1	1.000	form_absent
Flagellazione	flagellazione	NOUN	Gender=Fem|Number=Sing	1	1.000	form_absent
Flamur	Flamur	PROPN	_	1	1.000	form_absent
Fleischer	Fleischer	PROPN	_	1	1.000	form_absent
Flippers	Flippers	PROPN	_	1	1.000	form_absent
Flo	Flo	PROPN	_	1	1.000	form_absent
Floralba	Floralba	PROPN	_	1	1.000	form_absent
Fluida	fluida	ADJ	Gender=Fem|Number=Sing	1	1.000	form_absent
Fluido	fluido	NOUN	Gender=Masc|Number=Sing	1	1.000	form_absent
Focus	focus	NOUN	Gender=Masc	1	1.000	form_absent
Fogg	Fogg	PROPN	_	1	1.000	form_absent
Fonda	fondare	VERB	Mood=Ind|Number=Sing|Person=3|Tense=Pres|VerbForm=Fin	1	1.000	form_absent
Fondi	Fondi	PROPN	_	1	0.333	form_absent
Fonsai	Fonsai	PROPN	_	1	1.000	form_absent
Football	Football	PROPN	_	1	1.000	form_absent
For	For	X	Foreign=Yes	1	0.500	form_absent
For	For	PROPN	_	1	0.500	form_absent
Forgia	Forgia	PROPN	_	1	1.000	form_absent
Fori	Fori	PROPN	_	1	0.500	form_absent
Fori	Fori	NOUN	Gender=Masc|Number=Plur	1	0.500	form_absent
Forma	forma	NOUN	Gender=Fem|Number=Sing	1	1.000	form_absent
Formati	formare	VERB	Gender=Masc|Number=Plur|Tense=Past|VerbForm=Part	1	1.000	form_absent
Foro	Foro	NOUN	Gender=Masc|Number=Sing	1	1.000	form_absent
Fortin	Fortin	PROPN	_	1	1.000	form_absent
Fortunatamente	fortunatamente	ADV	_	1	1.000	form_absent
Fougères	Fougères	PROPN	_	1	1.000	form_absent
Fragile	fragile	ADJ	Number=Sing	1	1.000	form_absent
Francamente	francamente	ADV	_	1	1.000	form_absent
Francese	francese	ADJ	Gender=Fem|Number=Sing	1	1.000	form_absent
Francesi	Francesi	PROPN	_	1	1.000	form_absent
Franklin	Franklin	PROPN	_	1	1.000	form_absent
Frasca	frasca	PROPN	_	1	0.250	form_absent
Frascati	Frascati	PROPN	_	1	1.000	form_absent
Frears	Frears	PROPN	_	1	1.000	form_absent
Freddie	Freddie	PROPN	_	1	1.000	form_absent
Frederick	Frederick	PROPN	_	1	1.000	form_absent
Fredricks	Fredricks	PROPN	_	1	1.000	form_absent
Freelon	Freelon	PROPN	_	1	1.000	form_absent
Fregene	Fregene	PROPN	_	1	1.000	form_absent
Freixo	Freixo	PROPN	_	1	1.000	form_absent
Frequency	frequency	NOUN	_	1	1.000	form_absent
Frequenti	frequente	ADJ	Number=Plur	1	1.000	form_absent
Fresnay	Fresnay	PROPN	_	1	1.000	form_absent
Fresno	Fresno	PROPN	_	1	1.000	form_absent
Friederich	Friederich	PROPN	_	1	1.000	form_absent
Friend	friend	NOUN	Gender=Masc|Number=Sing	1	1.000	form_absent
Frigerio	Frigerio	PROPN	_	1	1.000	form_absent
Friziona	frizionare	VERB	Mood=Imp|Number=Sing|Person=2|Tense=Pres|VerbForm=Fin	1	1.000	form_absent
Fronte	Fronte	PROPN	_	1	1.000	form_absent
Frost	Frost	PROPN	_	1	1.000	form_absent
Frédérick	Frédérick	PROPN	_	1	1.000	form_absent
Fuggito	fuggire	VERB	Gender=Masc|Number=Sing|Tense=Past|VerbForm=Part	1	1.000	form_absent
Fui	essere	AUX	Mood=Ind|Number=Sing|Person=1|Tense=Past|VerbForm=Fin	1	1.000	form_absent
Fujitsu	Fujitsu	PROPN	_	1	1.000	form_absent
Fukushima	Fukushima	PROPN	_	1	1.000	form_absent
Fulmine	fulmine	NOUN	Gender=Masc|Number=Sing	1	1.000	form_absent
Fulmini	fulmine	NOUN	Gender=Masc|Number=Plur	1	1.000	form_absent
Fumo	fumo	NOUN	Gender=Masc|Number=Sing	1	1.000	form_absent
Funicolare	Funicolare	PROPN	_	1	1.000	form_absent
Funziona	funzionare	VERB	Mood=Ind|Number=Sing|Person=3|Tense=Pres|VerbForm=Fin	1	1.000	form_absent
Fuoco	Fuoco	NOUN	Gender=Masc|Number=Sing	1	0.500	form_absent
Fuoco	fuoco	NOUN	Gender=Masc|Number=Sing	1	0.500	form_absent
Fuoriorario	Fuoriorario	PROPN	_	1	1.000	form_absent
Fuoristrada	fuoristrada	NOUN	_	1	1.000	form_absent
Furgeson	Furgeson	PROPN	_	1	1.000	form_absent
Fuseli	Fuseli	PROPN	_	1	1.000	form_absent
GASPERI	GASPERI	PROPN	_	1	1.000	form_absent
GATT	GATT	PROPN	_	1	0.333	form_absent
GBP	GBP	PROPN	_	1	1.000	form_absent
GL	Gl	PROPN	_	1	1.000	form_absent
GM	Gm	PROPN	_	1	1.000	form_absent
GMOSS	GMOSS	PROPN	_	1	1.000	form_absent
GPS	gps	NOUN	_	1	1.000	form_absent
GRASSI	GRASSI	PROPN	_	1	1.000	form_absent
GUFO	gufo	NOUN	Gender=Masc|Number=Sing	1	1.000	form_absent
Gabashwili	Gabashwili	PROPN	_	1	1.000	form_absent
Gabbiano	Gabbiano	PROPN	_	1	1.000	form_absent
Gabinetto	Gabinetto	PROPN	_	1	1.000	form_absent
Gadar	Gadar	PROPN	_	1	1.000	form_absent
Gaiotti	Gaiotti	PROPN	_	1	1.000	form_absent
Galan	Galan	PROPN	_	1	1.000	form_absent
Galdos	Galdos	PROPN	_	1	1.000	form_absent
Galeb	Galeb	PROPN	_	1	1.000	form_absent
Gallery	gallery	NOUN	_	1	0.333	form_absent
Galoppo	galoppo	NOUN	Gender=Masc|Number=Sing	1	1.000	form_absent
Galway	Galway	PROPN	_	1	1.000	form_absent
Gamberale	Gamberale	PROPN	_	1	1.000	form_absent
Gamma	gamma	ADJ	_	1	1.000	form_absent
Gancia	Gancia	PROPN	_	1	1.000	form_absent
Garaci	Garaci	PROPN	_	1	1.000	form_absent
Garanzie	garanzia	NOUN	Gender=Fem|Number=Plur	1	1.000	form_absent
Garbatella	Garbatella	PROPN	_	1	1.000	form_absent
Gardner	Gardner	PROPN	_	1	1.000	form_absent
Garland	Garland	PROPN	_	1	1.000	form_absent
Garofoli	Garofoli	PROPN	_	1	1.000	form_absent
Garros	Garros	PROPN	_	1	1.000	form_absent
Gas	gas	NOUN	Gender=Masc	1	1.000	form_absent
Gaspare	Gaspare	PROPN	_	1	1.000	form_absent
Gastaldello	Gastaldello	PROPN	_	1	1.000	form_absent
Gastaldi	Gastaldi	PROPN	_	1	1.000	form_absent
Gate	Gate	PROPN	_	1	1.000	form_absent
Gatlif	Gatlif	PROPN	_	1	1.000	form_absent
Gatorade	Gatorade	PROPN	_	1	1.000	form_absent
Gattuso	Gattuso	PROPN	_	1	1.000	form_absent
Gautier	Gautier	PROPN	_	1	1.000	form_absent
Gavin	Gavin	PROPN	_	1	1.000	form_absent
Gazeta	Gazeta	PROPN	_	1	1.000	form_absent
Gehrig	Gehrig	PROPN	_	1	1.000	form_absent
Gehry	Gehry	PROPN	_	1	1.000	form_absent
Gel	Gel	PROPN	_	1	0.500	form_absent
Gel	gel	NOUN	Gender=Masc	1	0.500	form_absent
Gemelle	Gemelle	PROPN	_	1	1.000	form_absent
Genaro	Genaro	PROPN	_	1	1.000	form_absent
Gendarmerie	Gendarmerie	NOUN	Gender=Fem|Number=Plur	1	1.000	form_absent
Generale	Generale	ADJ	Number=Sing	1	0.125	form_absent
Generali	Generali	PROPN	_	1	1.000	form_absent
Generano	generare	VERB	Mood=Ind|Number=Plur|Person=3|Tense=Pres|VerbForm=Fin	1	1.000	form_absent
Genghis	Genghis	PROPN	_	1	1.000	form_absent
Genio	Genio	PROPN	_	1	1.000	form_absent
Georgetown	Georgetown	PROPN	_	1	1.000	form_absent
Geppetto	Geppetto	PROPN	_	1	1.000	form_absent
Gerald	Gerald	PROPN	_	1	1.000	form_absent
Gerard	Gerard	PROPN	_	1	1.000	form_absent
Gerico	Gerico	PROPN	_	1	1.000	form_absent
Germont	Germont	PROPN	_	1	1.000	form_absent
Gerulaitis	Gerulaitis	PROPN	_	1	1.000	form_absent
Gestione	gestione	NOUN	Gender=Fem|Number=Sing	1	1.000	form_absent
Gesu	Gesu	PROPN	_	1	1.000	form_absent
Gettysburg	Gettysburg	PROPN	_	1	1.000	form_absent
Geun	Geun	PROPN	_	1	1.000	form_absent
Gezim	Gezim	PROPN	_	1	1.000	form_absent
Ghigo	Ghigo	PROPN	_	1	1.000	form_absent
Ghilardi	Ghilardi	PROPN	_	1	1.000	form_absent
Ghiorso	Ghiorso	PROPN	_	1	1.000	form_absent
Ghislanzoni	Ghislanzoni	PROPN	_	1	1.000	form_absent
Giacobbe	Giacobbe	PROPN	_	1	1.000	form_absent
Giacometti	Giacometti	PROPN	_	1	1.000	form_absent
Gialappa	Gialappa	PROPN	_	1	1.000	form_absent
Gialla	giallo	ADJ	Gender=Fem|Number=Sing	1	1.000	form_absent
Giallijca	Giallijca	PROPN	_	1	1.000	form_absent
GianMaro	GianMaro	PROPN	_	1	1.000	form_absent
Giandomenico	Giandomenico	PROPN	_	1	1.000	form_absent
Giannettino	Giannettino	PROPN	_	1	1.000	form_absent
Gianpaolo	Gianpaolo	PROPN	_	1	1.000	form_absent
Giapponesi	giapponesi	ADJ	Number=Plur	1	1.000	form_absent
Gibelina	Gibelina	PROPN	_	1	1.000	form_absent
Gibson	Gibson	PROPN	_	1	1.000	form_absent
Gigantesco	Gigantesco	ADJ	Gender=Masc|Number=Sing	1	1.000	form_absent
Gilmore	Gilmore	PROPN	_	1	1.000	form_absent
Gimondi	Gimondi	PROPN	_	1	1.000	form_absent
Gina	Gina	PROPN	_	1	1.000	form_absent
Ginza	Ginza	PROPN	_	1	1.000	form_absent
Giochi	Giochi	PROPN	_	1	0.250	form_absent
Giochi	gioco	NOUN	Number=Sing	1	0.250	form_absent
Gioco	gioco	NOUN	Gender=Masc|Number=Sing	1	1.000	form_absent
Giornata	Giornata	NOUN	Gender=Fem|Number=Sing	1	1.000	form_absent
Giorni	giorno	NOUN	Gender=Masc|Number=Plur	1	1.000	form_absent
Giotto	Giotto	PROPN	_	1	1.000	form_absent
Giovanardi	Giovanardi	PROPN	_	1	1.000	form_absent
Giovani	giovane	NOUN	Gender=Masc|Number=Plur	1	1.000	form_absent
Giovedì	giovedì	NOUN	Gender=Masc	1	1.000	form_absent
Girasoli	Girasoli	PROPN	_	1	1.000	form_absent
Girolamo	Girolamo	PROPN	_	1	1.000	form_absent
Giudice	Giudice	PROPN	_	1	1.000	form_absent
Giurisprudenza	giurisprudenza	NOUN	Gender=Fem|Number=Sing	1	1.000	form_absent
Giussano	Giussano	PROPN	_	1	1.000	form_absent
Giustizia	giustizia	NOUN	Gender=Fem|Number=Sing	1	0.143	form_absent
Gizah	Gizah	PROPN	_	1	1.000	form_absent
Già	già	INTJ	_	1	0.111	form_absent
Glavine	Glavine	PROPN	_	1	1.000	form_absent
Glenn	Glenn	PROPN	_	1	1.000	form_absent
Global	global	ADJ	_	1	1.000	form_absent
Gloucester	Gloucester	PROPN	_	1	1.000	form_absent
Glutei	gluteo	NOUN	Gender=Masc|Number=Plur	1	1.000	form_absent
Go	Go	PROPN	_	1	1.000	form_absent
Gobbo	Gobbo	NOUN	Gender=Masc|Number=Sing	1	1.000	form_absent
Goddard	Goddard	PROPN	_	1	1.000	form_absent
Godiva	Godiva	PROPN	_	1	1.000	form_absent
Goff	Goff	PROPN	_	1	1.000	form_absent
Golda	Golda	PROPN	_	1	1.000	form_absent
Goldberg	Goldberg	PROPN	_	1	1.000	form_absent
Golden	Golden	PROPN	_	1	1.000	form_absent
Goldwin	Goldwin	PROPN	_	1	1.000	form_absent
Goletta	Goletta	PROPN	_	1	1.000	form_absent
Gomes	Gomes	PROPN	_	1	1.000	form_absent
Gonella	Gonella	PROPN	_	1	1.000	form_absent
Gonfie	Gonfie	PROPN	_	1	1.000	form_absent
Gonzalez	Gonzalez	PROPN	_	1	1.000	form_absent
González	González	PROPN	_	1	1.000	form_absent
Google	Google	PROPN	_	1	1.000	form_absent
Gorilla	Gorilla	PROPN	_	1	1.000	form_absent
Gorleben	Gorleben	PROPN	_	1	1.000	form_absent
Gorsel	Gorsel	PROPN	_	1	1.000	form_absent
Gotha	Gotha	PROPN	_	1	1.000	form_absent
Gotham	Gotham	PROPN	_	1	1.000	form_absent
Gottardo	Gottardo	PROPN	_	1	1.000	form_absent
Gottfried	Gottfried	PROPN	_	1	1.000	form_absent
Gower	Gower	PROPN	_	1	1.000	form_absent
Gradirei	gradire	VERB	Mood=Cnd|Number=Sing|Person=1|Tense=Pres|VerbForm=Fin	1	1.000	form_absent
Graduate	Graduate	PROPN	_	1	1.000	form_absent
Graffiti	graffito	NOUN	Gender=Masc|Number=Plur	1	1.000	form_absent
Grafton	Grafton	PROPN	_	1	1.000	form_absent
Gragnaniello	Gragnaniello	PROPN	_	1	1.000	form_absent
Grail	Grail	PROPN	_	1	1.000	form_absent
Grain	Grain	PROPN	_	1	1.000	form_absent
Grammatiche	grammatiche	NOUN	Gender=Fem|Number=Plur	1	1.000	form_absent
Granada-Dakar	Granada-dakar	PROPN	_	1	1.000	form_absent
Granata	Granata	PROPN	_	1	1.000	form_absent
Grappa	Grappa	PROPN	_	1	1.000	form_absent
Grattugio	grattugiare	VERB	Mood=Ind|Number=Sing|Person=1|Tense=Pres|VerbForm=Fin	1	1.000	form_absent
Gravitas	Gravitas	PROPN	_	1	1.000	form_absent
Gray	Gray	PROPN	_	1	1.000	form_absent
Graz	Graz	PROPN	_	1	1.000	form_absent
Grease	Grease	PROPN	_	1	1.000	form_absent
Greetings	Greetings	NOUN	_	1	1.000	form_absent
Gregory	Gregory	PROPN	_	1	1.000	form_absent
Greppi	Greppi	PROPN	_	1	1.000	form_absent
Grinzane	Grinzane	PROPN	_	1	1.000	form_absent
Groane	Groane	PROPN	_	1	1.000	form_absent
Groat	Groat	PROPN	_	1	1.000	form_absent
Groenlandia	Groenlandia	PROPN	_	1	1.000	form_absent
Groppi	Groppi	PROPN	_	1	1.000	form_absent
Grossi	Grossi	PROPN	_	1	1.000	form_absent
Gruppo	gruppo	NOUN	Gender=Masc|Number=Sing	1	0.143	form_absent
Gu	Gu	PROPN	_	1	1.000	form_absent
Guadagno	guadagno	NOUN	Gender=Masc|Number=Sing	1	1.000	form_absent
Guai	guaio	NOUN	Gender=Masc|Number=Plur	1	1.000	form_absent
Guardi	guardare	VERB	Mood=Sub|Number=Sing|Person=3|Tense=Pres|VerbForm=Fin	1	1.000	form_absent
Guardia	Guardia	NOUN	Gender=Fem|Number=Sing	1	0.333	form_absent
Guardiaparco	Guardiaparco	NOUN	_	1	1.000	form_absent
Guardoni	guardone	NOUN	Gender=Masc|Number=Plur	1	1.000	form_absent
Guenet	Guenet	PROPN	_	1	1.000	form_absent
Guernica	Guernica	PROPN	_	1	1.000	form_absent
Guerre	Guerre	PROPN	_	1	1.000	form_absent
Guevara	Guevara	PROPN	_	1	1.000	form_absent
Guiana	Guiana	PROPN	_	1	1.000	form_absent
Guida	Guida	PROPN	_	1	1.000	form_absent
Guide	Guide	PROPN	_	1	1.000	form_absent
Guilherme	Guilherme	PROPN	_	1	1.000	form_absent
Guillaud	Guillaud	PROPN	_	1	1.000	form_absent
Guillermo	Guillermo	PROPN	_	1	1.000	form_absent
Guimarães	Guimarães	PROPN	_	1	1.000	form_absent
Guinea	Guinea	PROPN	_	1	1.000	form_absent
Guinea-Bissau	Guinea-bissau	PROPN	_	1	1.000	form_absent
Guinness	Guinness	PROPN	_	1	1.000	form_absent
Guizon	Guizon	PROPN	_	1	1.000	form_absent
Gulag	Gulag	PROPN	_	1	1.000	form_absent
Gunnar	Gunnar	PROPN	_	1	1.000	form_absent
Gunness	Gunness	PROPN	_	1	1.000	form_absent
Guyjon	Guyjon	PROPN	_	1	1.000	form_absent
Gwinnet	Gwinnet	PROPN	_	1	1.000	form_absent
Gym-Toner	Gym-toner	PROPN	_	1	1.000	form_absent
Gérard	Gérard	PROPN	_	1	1.000	form_absent
Götz	Götz	PROPN	_	1	1.000	form_absent
H.R.	H.R.	PROPN	_	1	1.000	form_absent
HIV	Hiv	PROPN	_	1	1.000	form_absent
HSPM	HSPM	PROPN	_	1	1.000	form_absent
HTML	Html	PROPN	_	1	1.000	form_absent
Habyarimana	Habyarimana	PROPN	_	1	1.000	form_absent
Haggis	Haggis	PROPN	_	1	1.000	form_absent
Hague	Hague	PROPN	_	1	1.000	form_absent
Hai	avere	AUX	Mood=Ind|Number=Sing|Person=2|Tense=Pres|VerbForm=Fin	1	0.333	form_absent
Haifa	Haifa	PROPN	_	1	1.000	form_absent
Hajek	Hajek	PROPN	_	1	1.000	form_absent
Hal	Hal	PROPN	_	1	1.000	form_absent
Haldane	Haldane	PROPN	_	1	1.000	form_absent
Hale	Hale	PROPN	_	1	1.000	form_absent
Halifax	Halifax	PROPN	_	1	1.000	form_absent
Halley	Halley	PROPN	_	1	1.000	form_absent
Halls	Halls	PROPN	_	1	1.000	form_absent
Hampshire	Hampshire	PROPN	_	1	1.000	form_absent
Hank	Hank	PROPN	_	1	1.000	form_absent
Hanna	Hanna	PROPN	_	1	1.000	form_absent
Hansch	Hansch	PROPN	_	1	1.000	form_absent
Hansen	Hansen	PROPN	_	1	1.000	form_absent
Hara	Hara	PROPN	_	1	1.000	form_absent
Hardy	Hardy	PROPN	_	1	1.000	form_absent
Harman	Harman	PROPN	_	1	1.000	form_absent
Harwide	Harwide	PROPN	_	1	1.000	form_absent
Havelange	Havelange	PROPN	_	1	1.000	form_absent
Haven	Haven	PROPN	_	1	0.250	form_absent
Haviland	Haviland	PROPN	_	1	1.000	form_absent
Hawaii	Hawaii	PROPN	_	1	1.000	form_absent
Health	Health	PROPN	_	1	1.000	form_absent
Heathrow	Heathrow	PROPN	_	1	1.000	form_absent
Helen	Helen	PROPN	_	1	1.000	form_absent
Helios	Helios	PROPN	_	1	1.000	form_absent
Helm	Helm	PROPN	_	1	1.000	form_absent
Helveg	Helveg	PROPN	_	1	1.000	form_absent
Hemisphere	hemisphere	NOUN	Number=Sing	1	1.000	form_absent
Hench	Hench	PROPN	_	1	1.000	form_absent
Henley	Henley	PROPN	_	1	1.000	form_absent
Hepburn	Hepburn	PROPN	_	1	1.000	form_absent
Hercule	Hercule	PROPN	_	1	1.000	form_absent
Herefors	Herefors	PROPN	_	1	1.000	form_absent
Herman	Herman	PROPN	_	1	1.000	form_absent
Hermes	Hermes	PROPN	_	1	1.000	form_absent
Hermitage	Hermitage	PROPN	_	1	1.000	form_absent
Hernando	Hernando	PROPN	_	1	1.000	form_absent
Herninges	Herninges	PROPN	_	1	1.000	form_absent
Herr	Herr	PROPN	_	1	1.000	form_absent
Herrera	Herrera	PROPN	_	1	1.000	form_absent
Hershey	Hershey	PROPN	_	1	1.000	form_absent
Heure	Heure	PROPN	_	1	1.000	form_absent
Heusen	Heusen	PROPN	_	1	1.000	form_absent
Hewlett	Hewlett	PROPN	_	1	1.000	form_absent
Hewlett-Packard	Hewlett-packard	PROPN	_	1	1.000	form_absent
Heywood	Heywood	PROPN	_	1	1.000	form_absent
Hicks	Hicks	PROPN	_	1	1.000	form_absent
Hide	Hide	PROPN	_	1	1.000	form_absent
Higkey	Higkey	PROPN	_	1	1.000	form_absent
Hilaire	Hilaire	PROPN	_	1	1.000	form_absent
Hilary	Hilary	PROPN	_	1	1.000	form_absent
Hilton	Hilton	PROPN	_	1	1.000	form_absent
Hindenburg	Hindenburg	PROPN	_	1	1.000	form_absent
His	His	ADJ	_	1	0.500	form_absent
His	His	PROPN	_	1	0.500	form_absent
Hiss	Hiss	PROPN	_	1	1.000	form_absent
History	History	PROPN	_	1	1.000	form_absent
Hitachi	Hitachi	PROPN	_	1	1.000	form_absent
Hnsch	Hnsch	PROPN	_	1	1.000	form_absent
Hoffman	Hoffman	PROPN	_	1	1.000	form_absent
Hoghton	Hoghton	PROPN	_	1	1.000	form_absent
Holcomb	Holcomb	PROPN	_	1	1.000	form_absent
Holliday	Holliday	PROPN	_	1	1.000	form_absent
Holyfield	Holyfield	PROPN	_	1	1.000	form_absent
Home	Home	X	Foreign=Yes	1	1.000	form_absent
Hoover	Hoover	PROPN	_	1	1.000	form_absent
Hop	Hop	PROPN	_	1	1.000	form_absent
Hope	Hope	PROPN	_	1	1.000	form_absent
Hopkin	Hopkin	PROPN	_	1	1.000	form_absent
Hopkins	Hopkins	PROPN	_	1	1.000	form_absent
Horace	Horace	PROPN	_	1	1.000	form_absent
Hot	Hot	PROPN	_	1	1.000	form_absent
Houdini	Houdini	PROPN	_	1	1.000	form_absent
Hoy	Hoy	PROPN	_	1	1.000	form_absent
Hristo	Hristo	PROPN	_	1	1.000	form_absent
Hrt	Hrt	PROPN	_	1	1.000	form_absent
Hubert	Hubert	PROPN	_	1	1.000	form_absent
Hueber	Hueber	PROPN	_	1	1.000	form_absent
Humour	Humour	PROPN	_	1	1.000	form_absent
Hunter	Hunter	PROPN	_	1	1.000	form_absent
Hur	Hur	PROPN	_	1	1.000	form_absent
Hurricane	Hurricane	PROPN	_	1	1.000	form_absent
Hyacinthe	Hyacinthe	PROPN	_	1	1.000	form_absent
Hyalfirm	Hyalfirm	PROPN	_	1	1.000	form_absent
Hyundai	Hyundai	PROPN	_	1	1.000	form_absent
Hz	hertz	NOUN	Gender=Masc	1	1.000	form_absent
Hänsch	Hänsch	PROPN	_	1	1.000	form_absent
Hülsmeyer	Hülsmeyer	PROPN	_	1	1.000	form_absent
I.D.S.	I.D.S.	PROPN	_	1	1.000	form_absent
IAEA	Iaea	PROPN	_	1	1.000	form_absent
IEEE	IEEE	PROPN	_	1	1.000	form_absent
IG	IG	PROPN	_	1	1.000	form_absent
IMAIE	IMAIE	PROPN	_	1	1.000	form_absent
IMF	IMF	PROPN	_	1	1.000	form_absent
INCB	Incb	PROPN	_	1	1.000	form_absent
IPSS	Ipss	PROPN	_	1	1.000	form_absent
ITALIA	Italia	PROPN	_	1	1.000	form_absent
ITU	ITU	PROPN	_	1	1.000	form_absent
IX	IX	ADJ	NumType=Ord|Number=Sing	1	1.000	form_absent
Iago	Iago	PROPN	_	1	1.000	form_absent
Ibrahimovic	Ibrahimovic	PROPN	_	1	1.000	form_absent
Ibsen	Ibsen	PROPN	_	1	1.000	form_absent
Icco	Icco	PROPN	_	1	1.000	form_absent
Iddio	Iddio	PROPN	_	1	1.000	form_absent
Ideare	ideare	VERB	VerbForm=Inf	1	1.000	form_absent
Idee	idea	NOUN	Gender=Fem|Number=Plur	1	1.000	form_absent
Idol	Idol	PROPN	_	1	1.000	form_absent
Iflamurit	Iflamurit	PROPN	_	1	1.000	form_absent
Ignorando	ignorare	VERB	VerbForm=Ger	1	1.000	form_absent
Ilde	Ilde	PROPN	_	1	1.000	form_absent
Ileana	Ileana	PROPN	_	1	1.000	form_absent
Illegalità	illegalità	NOUN	Gender=Fem	1	1.000	form_absent
Illusioni	Illusioni	NOUN	Gender=Fem|Number=Plur	1	1.000	form_absent
Illustrator	Illustrator	PROPN	_	1	1.000	form_absent
Illy	Illy	PROPN	_	1	1.000	form_absent
Image	Image	PROPN	_	1	1.000	form_absent
Imagine	Imagine	PROPN	_	1	1.000	form_absent
Imbottigliamento	imbottigliamento	NOUN	Gender=Masc|Number=Sing	1	1.000	form_absent
Imitation	Imitation	X	Foreign=Yes	1	1.000	form_absent
Immagina	immaginare	VERB	Mood=Imp|Number=Sing|Person=2|Tense=Pres|VerbForm=Fin	1	1.000	form_absent
Immaginate	immaginare	VERB	Mood=Imp|Number=Plur|Person=2|Tense=Pres|VerbForm=Fin	1	0.500	form_absent
Immaginate	immaginare	VERB	Mood=Ind|Number=Plur|Person=2|Tense=Pres|VerbForm=Fin	1	0.500	form_absent
Immagini	immagine	NOUN	Gender=Masc|Number=Plur	1	1.000	form_absent
Immergiamo	immergere	VERB	Mood=Ind|Number=Plur|Person=1|Tense=Pres|VerbForm=Fin	1	1.000	form_absent
Impalatore	Impalatore	PROPN	_	1	1.000	form_absent
Impara	imparare	VERB	Mood=Ind|Number=Sing|Person=3|Tense=Pres|VerbForm=Fin	1	0.500	form_absent
Impara	imparare	VERB	Mood=Imp|Number=Sing|Person=2|Tense=Pres|VerbForm=Fin	1	0.500	form_absent
Imparare	imparare	VERB	VerbForm=Inf	1	1.000	form_absent
Impassibile	impassibile	ADJ	Number=Sing	1	1.000	form_absent
Impasto	impasto	NOUN	Gender=Masc|Number=Sing	1	1.000	form_absent
Impedito	impedire	VERB	Gender=Masc|Number=Sing|Tense=Past|VerbForm=Part	1	1.000	form_absent
Impegnar	impegnare	VERB	VerbForm=Inf	1	1.000	form_absent
Imperatore	imperatore	NOUN	Gender=Masc|Number=Sing	1	1.000	form_absent
Imperatori	imperatore	NOUN	Gender=Masc|Number=Plur	1	1.000	form_absent
Imperiali	Imperiali	ADJ	Gender=Masc|Number=Plur	1	1.000	form_absent
Impero	Impero	PROPN	_	1	0.333	form_absent
Impianti	impianto	NOUN	Gender=Masc|Number=Plur	1	1.000	form_absent
Impossibile	impossibile	ADJ	Number=Sing	1	1.000	form_absent
Impossibilità	impossibilità	NOUN	Gender=Fem	1	1.000	form_absent
Imposta	impostare	VERB	Mood=Ind|Number=Sing|Person=3|Tense=Pres|VerbForm=Fin	1	1.000	form_absent
Imprenditore	imprenditore	NOUN	Gender=Masc|Number=Sing	1	1.000	form_absent
Improvvisamente	improvvisamente	ADV	_	1	1.000	form_absent
Impugnazione	impugnazione	NOUN	Gender=Fem|Number=Sing	1	1.000	form_absent
Ims	Ims	PROPN	_	1	1.000	form_absent
Inc.	Inc.	PROPN	_	1	1.000	form_absent
Incendi	incendi	NOUN	Gender=Masc|Number=Plur	1	1.000	form_absent
Incendio	incendio	NOUN	Gender=Masc|Number=Sing	1	1.000	form_absent
Inchiesta	inchiesta	NOUN	Gender=Fem|Number=Sing	1	1.000	form_absent
Inconsueto	inconsueto	ADJ	Gender=Masc|Number=Sing	1	1.000	form_absent
Incontestabile	incontestabile	ADJ	Number=Sing	1	1.000	form_absent
Incontri	incontro	NOUN	Gender=Masc|Number=Plur	1	1.000	form_absent
Incubatore	Incubatore	PROPN	_	1	1.000	form_absent
Indagato	indagare	VERB	Gender=Masc|Number=Sing|Tense=Past|VerbForm=Part	1	1.000	form_absent
Indianapolis	Indianapolis	PROPN	_	1	1.000	form_absent
Indifferenza	indifferenza	NOUN	Gender=Fem|Number=Sing	1	1.000	form_absent
Indipendentemente	indipendentemente	ADV	_	1	1.000	form_absent
Indipendenti	Indipendenti	PROPN	_	1	1.000	form_absent
Industria	industria	NOUN	Gender=Fem|Number=Sing	1	0.250	form_absent
Industries	Industries	PROPN	_	1	1.000	form_absent
Inevitabile	inevitabile	ADJ	Number=Sing	1	1.000	form_absent
Inferno	Inferno	PROPN	_	1	1.000	form_absent
Informati	informare	VERB	Mood=Imp|Number=Sing|Person=2|Tense=Pres|VerbForm=Fin	1	1.000	form_absent
Infrastrutture	infrastruttura	NOUN	Gender=Fem|Number=Plur	1	1.000	form_absent
Inge	Inge	PROPN	_	1	1.000	form_absent
Ingegneria	ingegneria	NOUN	Gender=Fem|Number=Sing	1	1.000	form_absent
Inglese	Inglese	PROPN	_	1	1.000	form_absent
Inglesi	Inglesi	PROPN	_	1	1.000	form_absent
Inizialmente	inizialmente	ADV	_	1	1.000	form_absent
Iniziative	iniziativa	NOUN	Gender=Fem|Number=Plur	1	1.000	form_absent
Inizierò	iniziare	VERB	Mood=Ind|Number=Sing|Person=1|Tense=Fut|VerbForm=Fin	1	1.000	form_absent
Innalzamento	innalzamento	NOUN	Gender=Masc|Number=Sing	1	1.000	form_absent
Innanzi	innanzi	ADP	_	1	1.000	form_absent
Innesto	innesto	NOUN	Gender=Masc|Number=Sing	1	1.000	form_absent
Innovazioni	innovazione	NOUN	Gender=Fem|Number=Plur	1	1.000	form_absent
Innsbruck	Innsbruck	PROPN	_	1	1.000	form_absent
Inoltrando	inoltrare	VERB	VerbForm=Ger	1	1.000	form_absent
Inquadrati	inquadrare	VERB	Gender=Masc|Number=Plur|Tense=Past|VerbForm=Part	1	1.000	form_absent
Inquietudini	inquietudine	NOUN	Gender=Fem|Number=Plur	1	1.000	form_absent
Inquinamento	inquinamento	NOUN	Gender=Masc|Number=Sing	1	1.000	form_absent
Inquisito	inquisire	VERB	Gender=Masc|Number=Sing|Tense=Past|VerbForm=Part	1	1.000	form_absent
Inserisci	inserire	VERB	Mood=Ind|Number=Sing|Person=2|Tense=Pres|VerbForm=Fin	1	1.000	form_absent
Insolite	insolito	ADJ	Gender=Fem|Number=Plur	1	1.000	form_absent
Insonnia	Insonnia	PROPN	_	1	1.000	form_absent
Insopportabile	insopportabile	ADJ	Number=Sing	1	1.000	form_absent
Instagram	Instagram	PROPN	_	1	1.000	form_absent
Insurance	Insurance	PROPN	_	1	1.000	form_absent
Integralisti	integralista	NOUN	Gender=Masc|Number=Plur	1	1.000	form_absent
Integrati	Integrati	PROPN	_	1	1.000	form_absent
Integrato	integrato	ADJ	Gender=Masc|Number=Sing	1	1.000	form_absent
Intendiamo	intendere	VERB	Mood=Imp|Number=Plur|Person=1|Tense=Pres|VerbForm=Fin	1	0.500	form_absent
Intendiamo	intendere	VERB	Mood=Ind|Number=Plur|Person=1|Tense=Pres|VerbForm=Fin	1	0.500	form_absent
Intendo	intendere	VERB	Mood=Ind|Number=Sing|Person=1|Tense=Pres|VerbForm=Fin	1	1.000	form_absent
Intercity	Intercity	PROPN	_	1	1.000	form_absent
Interclusione	interclusione	NOUN	Gender=Fem|Number=Sing	1	1.000	form_absent
Intercosmo	Intercosmo	PROPN	_	1	1.000	form_absent
Interferiscono	interferire	VERB	Mood=Ind|Number=Plur|Person=3|Tense=Pres|VerbForm=Fin	1	1.000	form_absent
Internazionali	Internazionali	PROPN	_	1	1.000	form_absent
Interni	Interni	NOUN	Gender=Masc|Number=Plur	1	0.500	form_absent
Interni	interno	NOUN	Gender=Masc|Number=Plur	1	0.500	form_absent
Internò	Internò	PROPN	_	1	1.000	form_absent
Intervallo	intervallo	NOUN	Gender=Masc|Number=Sing	1	1.000	form_absent
Intervista	intervista	NOUN	Gender=Fem|Number=Sing	1	1.000	form_absent
Intesa	Intesa	PROPN	_	1	0.500	form_absent
Intesa	Intesa	NOUN	Gender=Fem|Number=Sing	1	0.500	form_absent
Intorno	intorno	ADV	ExtPos=ADP	1	1.000	form_absent
Intra	Intra	PROPN	_	1	1.000	form_absent
Intraprendere	Intraprendere	PROPN	_	1	1.000	form_absent
Intrigo	Intrigo	PROPN	_	1	1.000	form_absent
Invaders	Invaders	PROPN	_	1	1.000	form_absent
Inventario	inventario	NOUN	Gender=Masc|Number=Sing	1	1.000	form_absent
Invernali	Invernali	PROPN	_	1	1.000	form_absent
Investimenti	investimento	NOUN	Gender=Masc|Number=Plur	1	1.000	form_absent
Invirase	Invirase	PROPN	_	1	1.000	form_absent
Inês	Inês	PROPN	_	1	1.000	form_absent
Iole	Iole	PROPN	_	1	1.000	form_absent
Iordan	Iordan	PROPN	_	1	1.000	form_absent
Iowa	Iowa	PROPN	_	1	1.000	form_absent
Ippica	ippica	NOUN	Gender=Fem|Number=Sing	1	1.000	form_absent
Ippocrate	Ippocrate	PROPN	_	1	1.000	form_absent
Ipsos	Ipsos	PROPN	_	1	1.000	form_absent
Iqra	Iqra	PROPN	_	1	1.000	form_absent
Ireland	Ireland	PROPN	_	1	1.000	form_absent
Iren	Iren	PROPN	_	1	1.000	form_absent
Irina	Irina	PROPN	_	1	1.000	form_absent
Irs	Irs	PROPN	_	1	1.000	form_absent
Isepa	Isepa	PROPN	_	1	1.000	form_absent
Islamabad	Islamabad	PROPN	_	1	1.000	form_absent
Islamica	islamica	ADJ	Gender=Fem|Number=Sing	1	1.000	form_absent
Ismail	Ismail	PROPN	_	1	1.000	form_absent
Isole	isola	NOUN	Gender=Fem|Number=Plur	1	0.200	form_absent
Ispano-americana	ispano-americano	ADJ	Gender=Fem|Number=Sing	1	1.000	form_absent
Ispirando	ispirare	VERB	VerbForm=Ger	1	1.000	form_absent
Ispirato	ispirare	VERB	Gender=Masc|Number=Sing|Tense=Past|VerbForm=Part	1	1.000	form_absent
Israeliani	israeliano	NOUN	Gender=Masc|Number=Plur	1	1.000	form_absent
Istituti	istituto	NOUN	Gender=Masc|Number=Plur	1	1.000	form_absent
Istituto	Istituto	NOUN	Gender=Masc|Number=Sing	1	0.200	form_absent
It	It	X	Foreign=Yes	1	1.000	form_absent
Italgas	Italgas	PROPN	_	1	1.000	form_absent
Italiana	Italiana	PROPN	_	1	0.111	form_absent
Italiani	italiano	NOUN	Gender=Masc|Number=Plur	1	0.500	form_absent
Italiani	italiano	ADJ	Gender=Masc|Number=Plur	1	0.500	form_absent
Italico	Italico	ADJ	Gender=Masc|Number=Sing	1	1.000	form_absent
Itoh	Itoh	PROPN	_	1	1.000	form_absent
Iugoslavia	Iugoslavia	PROPN	_	1	1.000	form_absent
Ius	Ius	PROPN	_	1	1.000	form_absent
Iwo	Iwo	PROPN	_	1	1.000	form_absent
Izmir	Izmir	PROPN	_	1	1.000	form_absent
J	J	PROPN	_	1	1.000	form_absent
JFK	Jfk	PROPN	_	1	1.000	form_absent
JR	JR	PROPN	_	1	1.000	form_absent
Jablanac	Jablanac	PROPN	_	1	1.000	form_absent
Jacksonville	Jacksonville	PROPN	_	1	1.000	form_absent
Jacobi	Jacobi	PROPN	_	1	1.000	form_absent
Jadranska	Jadranska	PROPN	_	1	1.000	form_absent
Jalabert	Jalabert	PROPN	_	1	1.000	form_absent
Janeiro	Janeiro	PROPN	_	1	1.000	form_absent
Jantljie	Jantljie	PROPN	_	1	1.000	form_absent
Jaquet	Jaquet	PROPN	_	1	1.000	form_absent
Jastreb	Jastreb	PROPN	_	1	1.000	form_absent
Jean-Bertrand	Jean-bertrand	PROPN	_	1	1.000	form_absent
Jens	Jens	PROPN	_	1	1.000	form_absent
Jenson	Jenson	PROPN	_	1	1.000	form_absent
Jima	Jima	PROPN	_	1	1.000	form_absent
Jinan	Jinan	PROPN	_	1	1.000	form_absent
Jiri	Jiri	PROPN	_	1	1.000	form_absent
Jiulia	Jiulia	PROPN	_	1	1.000	form_absent
Jivarp	Jivarp	PROPN	_	1	1.000	form_absent
Joao	Joao	PROPN	_	1	1.000	form_absent
Johàn	Johàn	PROPN	_	1	1.000	form_absent
Jone	Jone	PROPN	_	1	1.000	form_absent
Jonella	Jonella	PROPN	_	1	1.000	form_absent
Jonk	Jonk	PROPN	_	1	1.000	form_absent
Jordi	Jordi	PROPN	_	1	1.000	form_absent
Jorma	Jorma	PROPN	_	1	1.000	form_absent
Josip	Josip	PROPN	_	1	1.000	form_absent
Judy	Judy	PROPN	_	1	1.000	form_absent
Jugoslava	jugoslavo	ADJ	Gender=Fem|Number=Sing	1	1.000	form_absent
Jules	Jules	PROPN	_	1	1.000	form_absent
Julie	Julie	PROPN	_	1	1.000	form_absent
Julius	Julius	PROPN	_	1	1.000	form_absent
Jung	Jung	PROPN	_	1	1.000	form_absent
Juniors	Juniors	PROPN	_	1	1.000	form_absent
Junot	Junot	PROPN	_	1	1.000	form_absent
Juvénal	Juvénal	PROPN	_	1	1.000	form_absent
K2	K2	PROPN	_	1	1.000	form_absent
KINDU	Kindu	PROPN	_	1	1.000	form_absent
Kaaba	Kaaba	PROPN	_	1	1.000	form_absent
Kahn	Kahn	PROPN	_	1	1.000	form_absent
Kailai	Kailai	PROPN	_	1	1.000	form_absent
Kalinske	Kalinske	PROPN	_	1	1.000	form_absent
Kamasutra	Kamasutra	PROPN	_	1	1.000	form_absent
Kamberi	Kamberi	PROPN	_	1	1.000	form_absent
Kampf	Kampf	PROPN	_	1	1.000	form_absent
Kanazawa	Kanazawa	PROPN	_	1	1.000	form_absent
Kanda	Kanda	PROPN	_	1	1.000	form_absent
Kansas	Kansas	PROPN	_	1	1.000	form_absent
Kapital	Kapital	PROPN	_	1	1.000	form_absent
Karamay	Karamay	PROPN	_	1	1.000	form_absent
Karisoke	Karisoke	PROPN	_	1	1.000	form_absent
Karlobag	Karlobag	PROPN	_	1	1.000	form_absent
Karradah	Karradah	PROPN	_	1	1.000	form_absent
Kartibubbo	Kartibubbo	PROPN	_	1	1.000	form_absent
Kasim	Kasim	PROPN	_	1	1.000	form_absent
Kauffman	Kauffman	PROPN	_	1	1.000	form_absent
Kaurismäki	Kaurismäki	PROPN	_	1	1.000	form_absent
Kausis	Kausis	PROPN	_	1	1.000	form_absent
Kavaja	Kavaja	PROPN	_	1	1.000	form_absent
Kavaje	Kavaje	PROPN	_	1	1.000	form_absent
Kazan	Kazan	PROPN	_	1	1.000	form_absent
Kazuo	Kazuo	PROPN	_	1	1.000	form_absent
Kehm	Kehm	PROPN	_	1	1.000	form_absent
Keith	Keith	PROPN	_	1	1.000	form_absent
Kelley	Kelley	PROPN	_	1	1.000	form_absent
Kellie	Kellie	PROPN	_	1	1.000	form_absent
Kelèmata	Kelèmata	PROPN	_	1	1.000	form_absent
Kemal	Kemal	PROPN	_	1	1.000	form_absent
Kendall	Kendall	PROPN	_	1	1.000	form_absent
Kent	Kent	PROPN	_	1	1.000	form_absent
Kentucky	Kentucky	PROPN	_	1	1.000	form_absent
Kenzaburo	Kenzaburo	PROPN	_	1	1.000	form_absent
Kermode	Kermode	PROPN	_	1	1.000	form_absent
Kerouac	Kerouac	PROPN	_	1	1.000	form_absent
Keystone	Keystone	PROPN	_	1	1.000	form_absent
Khatami	Khatami	PROPN	_	1	1.000	form_absent
Khmer	Khmer	PROPN	_	1	1.000	form_absent
Kiely	Kiely	PROPN	_	1	1.000	form_absent
Kikwit	Kikwit	PROPN	_	1	1.000	form_absent
Kilimangiaro	Kilimangiaro	PROPN	_	1	1.000	form_absent
Killer	Killer	PROPN	_	1	1.000	form_absent
Kinabalu	Kinabalu	PROPN	_	1	1.000	form_absent
Kinnan	Kinnan	PROPN	_	1	1.000	form_absent
Kinney	Kinney	PROPN	_	1	1.000	form_absent
Kino	Kino	PROPN	_	1	1.000	form_absent
Kinshasa	Kinshasa	PROPN	_	1	1.000	form_absent
Kippur	Kippur	PROPN	_	1	1.000	form_absent
Kiribati	Kiribati	PROPN	_	1	1.000	form_absent
Kiroro	Kiroro	PROPN	_	1	1.000	form_absent
Kisfaludy	Kisfaludy	PROPN	_	1	1.000	form_absent
Kishinev	Kishinev	PROPN	_	1	1.000	form_absent
Kivu	Kivu	PROPN	_	1	1.000	form_absent
Kiwa	Kiwa	PROPN	_	1	1.000	form_absent
Kladusa	Kladusa	PROPN	_	1	1.000	form_absent
Klaic	Klaic	PROPN	_	1	1.000	form_absent
Klante	Klante	PROPN	_	1	1.000	form_absent
Klar	Klar	PROPN	_	1	1.000	form_absent
Klimt	Klimt	PROPN	_	1	1.000	form_absent
Klondike	Klondike	PROPN	_	1	1.000	form_absent
Km2	Km2	PROPN	_	1	1.000	form_absent
Kneza	Kneza	PROPN	_	1	1.000	form_absent
Knight	Knight	PROPN	_	1	1.000	form_absent
Kobe	Kobe	PROPN	_	1	1.000	form_absent
Koha	Koha	PROPN	_	1	1.000	form_absent
Konerko	Konerko	PROPN	_	1	1.000	form_absent
Konrad	Konrad	PROPN	_	1	1.000	form_absent
Kop	Kop	PROPN	_	1	1.000	form_absent
Korjakov	Korjakov	PROPN	_	1	1.000	form_absent
Krahenbuhl	Krahenbuhl	PROPN	_	1	1.000	form_absent
Kranjia	Kranjia	PROPN	_	1	1.000	form_absent
Kravets	Kravets	PROPN	_	1	1.000	form_absent
Krenz	Krenz	PROPN	_	1	1.000	form_absent
Krk	Krk	PROPN	_	1	1.000	form_absent
Krleza	Krleza	PROPN	_	1	1.000	form_absent
Krupp	Krupp	PROPN	_	1	1.000	form_absent
Kublai	Kublai	PROPN	_	1	1.000	form_absent
Kubrich	Kubrich	PROPN	_	1	1.000	form_absent
Kuchova	Kuchova	PROPN	_	1	1.000	form_absent
Kumar	Kumar	PROPN	_	1	1.000	form_absent
Kundera	Kundera	PROPN	_	1	1.000	form_absent
Kunstpreis	Kunstpreis	PROPN	_	1	1.000	form_absent
Kunze	Kunze	PROPN	_	1	1.000	form_absent
Kupfer	Kupfer	PROPN	_	1	1.000	form_absent
Kursbuch	Kursbuch	PROPN	_	1	1.000	form_absent
Kushojviz	Kushojviz	PROPN	_	1	1.000	form_absent
Kussmaul	Kussmaul	PROPN	_	1	1.000	form_absent
Kusturica	Kusturica	PROPN	_	1	1.000	form_absent
KwaZulu	Kwazulu	PROPN	_	1	1.000	form_absent
Kyd	Kyd	PROPN	_	1	1.000	form_absent
Kyoto	Kyoto	PROPN	_	1	1.000	form_absent
Kélemata	Kélemata	PROPN	_	1	1.000	form_absent
L	L	PROPN	_	1	1.000	form_absent
LCD	lcd	NOUN	_	1	1.000	form_absent
LCY	Lcy	PROPN	_	1	1.000	form_absent
LINEA	linea	NOUN	Gender=Fem|Number=Sing	1	1.000	form_absent
LL-Bladet	LL-Bladet	PROPN	_	1	1.000	form_absent
LOCARNO	Locarno	PROPN	_	1	1.000	form_absent
LRC	LRC	PROPN	_	1	1.000	form_absent
Lac	Lac	PROPN	_	1	1.000	form_absent
Lacandona	Lacandona	PROPN	_	1	1.000	form_absent
Lachaise	Lachaise	PROPN	_	1	1.000	form_absent
Lack	Lack	PROPN	_	1	1.000	form_absent
Laddove	laddove	SCONJ	_	1	1.000	form_absent
Laden	Laden	PROPN	_	1	1.000	form_absent
Lagarde	Lagarde	PROPN	_	1	1.000	form_absent
Lake	Lake	PROPN	_	1	1.000	form_absent
Lambert	Lambert	PROPN	_	1	1.000	form_absent
Lamego	Lamego	PROPN	_	1	1.000	form_absent
Lampi	lampo	NOUN	Gender=Masc|Number=Plur	1	1.000	form_absent
Lancaster	Lancaster	PROPN	_	1	1.000	form_absent
Lancio	lancio	NOUN	Gender=Masc|Number=Sing	1	1.000	form_absent
Lancome	Lancome	PROPN	_	1	1.000	form_absent
Landucci	Landucci	PROPN	_	1	1.000	form_absent
Lanese	Lanese	PROPN	_	1	1.000	form_absent
Langer	Langer	PROPN	_	1	1.000	form_absent
Language	Language	NOUN	Number=Sing	1	1.000	form_absent
Lanzo	Lanzo	PROPN	_	1	1.000	form_absent
Larga	largo	ADJ	Gender=Fem|Number=Sing	1	1.000	form_absent
Largo	largo	NOUN	Gender=Masc|Number=Sing	1	1.000	form_absent
Lasciamo	lasciare	VERB	Mood=Ind|Number=Plur|Person=1|Tense=Pres|VerbForm=Fin	1	0.333	form_absent
Lasciando	lasciare	VERB	VerbForm=Ger	1	1.000	form_absent
Lasciate	lasciare	VERB	Mood=Imp|Number=Plur|Person=2|Tense=Pres|VerbForm=Fin	1	1.000	form_absent
Lascio	lasciare	VERB	Mood=Ind|Number=Sing|Person=1|Tense=Pres|VerbForm=Fin	1	1.000	form_absent
Laser	Laser	PROPN	_	1	1.000	form_absent
Laserjet	Laserjet	PROPN	_	1	1.000	form_absent
Laserpage	Laserpage	PROPN	_	1	1.000	form_absent
Last	Last	PROPN	_	1	1.000	form_absent
Lateranensi	lateranense	ADJ	Number=Plur	1	1.000	form_absent
Latorre	Latorre	PROPN	_	1	1.000	form_absent
Latouche	Latouche	PROPN	_	1	1.000	form_absent
Lattea	Lattea	PROPN	_	1	1.000	form_absent
Lauda	Lauda	PROPN	_	1	1.000	form_absent
Laurence	Laurence	PROPN	_	1	1.000	form_absent
Laurentiis	Laurentiis	PROPN	_	1	1.000	form_absent
Lava	lavare	VERB	Mood=Imp|Number=Sing|Person=2|Tense=Pres|VerbForm=Fin	1	1.000	form_absent
Lavandero	Lavandero	PROPN	_	1	1.000	form_absent
Lavarone	Lavarone	PROPN	_	1	1.000	form_absent
Lavo	lavare	VERB	Mood=Ind|Number=Sing|Person=1|Tense=Pres|VerbForm=Fin	1	1.000	form_absent
Lavoratori	lavoratore	NOUN	Gender=Masc|Number=Plur	1	1.000	form_absent
Lavorava	lavorare	VERB	Mood=Ind|Number=Sing|Person=3|Tense=Imp|VerbForm=Fin	1	1.000	form_absent
Lavoriamo	lavorare	VERB	Mood=Ind|Number=Plur|Person=1|Tense=Pres|VerbForm=Fin	1	1.000	form_absent
Lavoro	Lavoro	PROPN	_	1	0.250	form_absent
Lavorò	lavorare	VERB	Mood=Ind|Number=Sing|Person=3|Tense=Past|VerbForm=Fin	1	1.000	form_absent
Ldk	Ldk	PROPN	_	1	1.000	form_absent
LeMuse	LeMuse	PROPN	_	1	1.000	form_absent
Leandro	Leandro	PROPN	_	1	1.000	form_absent
Leeson	Leeson	PROPN	_	1	1.000	form_absent
Leggerezza	leggerezza	NOUN	Gender=Fem|Number=Sing	1	1.000	form_absent
Leggero	leggero	ADJ	Gender=Masc|Number=Sing	1	1.000	form_absent
Leggiamo	leggere	VERB	Mood=Ind|Number=Plur|Person=1|Tense=Pres|VerbForm=Fin	1	1.000	form_absent
Lehman	Lehman	PROPN	_	1	1.000	form_absent
Leiberich	Leiberich	PROPN	_	1	1.000	form_absent
Leigh	Leigh	PROPN	_	1	1.000	form_absent
Lemaître	Lemaître	PROPN	_	1	1.000	form_absent
Lennie	Lennie	PROPN	_	1	1.000	form_absent
Leonie	Leonie	PROPN	_	1	1.000	form_absent
Leonor	Leonor	PROPN	_	1	1.000	form_absent
Lesi	Lesi	PROPN	_	1	1.000	form_absent
Let	Let	PROPN	_	1	1.000	form_absent
Letchkov	Letchkov	PROPN	_	1	1.000	form_absent
Lethal	Lethal	PROPN	_	1	1.000	form_absent
Letter	Letter	PROPN	_	1	1.000	form_absent
Lettera	lettera	NOUN	Gender=Fem|Number=Sing	1	1.000	form_absent
Letterature	Letteratura	NOUN	Gender=Fem|Number=Plur	1	1.000	form_absent
Lettere	Lettere	PROPN	_	1	1.000	form_absent
Letto	letto	NOUN	Gender=Masc|Number=Sing	1	1.000	form_absent
Levante	Levante	PROPN	_	1	1.000	form_absent
Leça	Leça	PROPN	_	1	1.000	form_absent
Li	Li	PRON	Gender=Masc|Number=Plur|Person=3|PronType=Prs	1	0.143	form_absent
Libellus	libellus	NOUN	Gender=Masc|Number=Sing	1	1.000	form_absent
Libere	libero	ADJ	Gender=Fem|Number=Plur	1	1.000	form_absent
Liberia	Liberia	PROPN	_	1	1.000	form_absent
Liberty	Liberty	PROPN	_	1	1.000	form_absent
Librazhd	Librazhd	PROPN	_	1	1.000	form_absent
Libri	Libri	PROPN	_	1	1.000	form_absent
Librolandia	Librolandia	PROPN	_	1	1.000	form_absent
Licence	Licence	PROPN	_	1	1.000	form_absent
Lichtenstein	Lichtenstein	PROPN	_	1	1.000	form_absent
Licodia	Licodia	PROPN	_	1	1.000	form_absent
Liegi	Liegi	PROPN	_	1	1.000	form_absent
Liegro	Liegro	PROPN	_	1	1.000	form_absent
Light	Light	ADJ	_	1	1.000	form_absent
Like	Like	X	Foreign=Yes	1	1.000	form_absent
Lillehammer	Lillehammer	PROPN	_	1	1.000	form_absent
Liman	Liman	PROPN	_	1	1.000	form_absent
Limitazione	limitazione	NOUN	Gender=Fem|Number=Sing	1	1.000	form_absent
Lindberg	Lindberg	PROPN	_	1	1.000	form_absent
Lindbergh	Lindbergh	PROPN	_	1	1.000	form_absent
Lindt	Lindt	PROPN	_	1	1.000	form_absent
Lindy	Lindy	PROPN	_	1	1.000	form_absent
Linee	Linee	PROPN	_	1	0.500	form_absent
Linee	linea	NOUN	Gender=Fem|Number=Plur	1	0.500	form_absent
Linford	Linford	PROPN	_	1	1.000	form_absent
Linguistici	linguistico	ADJ	Gender=Masc|Number=Plur	1	1.000	form_absent
Link	link	X	Foreign=Yes	1	1.000	form_absent
Linum	Linum	PROPN	_	1	1.000	form_absent
Lipo-Activ	Lipo-activ	PROPN	_	1	1.000	form_absent
Lipsia	Lipsia	PROPN	_	1	1.000	form_absent
Liquami	liquame	NOUN	Gender=Masc|Number=Plur	1	1.000	form_absent
Liri	Liri	PROPN	_	1	1.000	form_absent
Lisinski	Lisinski	PROPN	_	1	1.000	form_absent
Listerina	Listerina	PROPN	_	1	1.000	form_absent
Liszt	Liszt	PROPN	_	1	1.000	form_absent
Live	Live	PROPN	_	1	0.500	form_absent
Live	live	X	Foreign=Yes	1	0.500	form_absent
Livingston	Livingston	PROPN	_	1	1.000	form_absent
Liza	Liza	PROPN	_	1	1.000	form_absent
Lluis	Lluis	PROPN	_	1	1.000	form_absent
Lodando	lodare	VERB	VerbForm=Ger	1	1.000	form_absent
Loiero	Loiero	PROPN	_	1	1.000	form_absent
Loira	Loira	PROPN	_	1	1.000	form_absent
Lomascolo	Lomascolo	PROPN	_	1	1.000	form_absent
Lomb	Lomb	PROPN	_	1	1.000	form_absent
Lomello	Lomello	PROPN	_	1	1.000	form_absent
Lontani	lontano	ADJ	Gender=Masc|Number=Plur	1	1.000	form_absent
Lopardo	Lopardo	PROPN	_	1	1.000	form_absent
Lorca	Lorca	PROPN	_	1	1.000	form_absent
Loreto	Loreto	PROPN	_	1	1.000	form_absent
Losing	Losing	X	Foreign=Yes	1	1.000	form_absent
Lost	lost	X	Foreign=Yes	1	1.000	form_absent
Lottando	lottare	VERB	VerbForm=Ger	1	1.000	form_absent
Lottò	lottare	VERB	Mood=Ind|Number=Sing|Person=3|Tense=Past|VerbForm=Fin	1	1.000	form_absent
Lotus	Lotus	PROPN	_	1	1.000	form_absent
Louisiana	Louisiana	PROPN	_	1	1.000	form_absent
Lourdes	Lourdes	PROPN	_	1	1.000	form_absent
Lovati	Lovati	PROPN	_	1	1.000	form_absent
Love	Love	NOUN	Number=Sing	1	0.500	form_absent
Love	Love	PROPN	_	1	0.500	form_absent
Lq	Lq	PROPN	_	1	1.000	form_absent
Luana	Luana	PROPN	_	1	1.000	form_absent
Luc	Luc	PROPN	_	1	1.000	form_absent
Luchetti	Luchetti	PROPN	_	1	1.000	form_absent
Luchino	Luchino	PROPN	_	1	1.000	form_absent
Luci	luce	NOUN	Gender=Fem|Number=Plur	1	1.000	form_absent
Lucidos	Lucidos	PROPN	_	1	1.000	form_absent
Luinetti	Luinetti	PROPN	_	1	1.000	form_absent
Lunga	lungo	ADJ	Gender=Fem|Number=Sing	1	1.000	form_absent
Lunghe	lungo	ADJ	Gender=Fem|Number=Plur	1	1.000	form_absent
Lunghi	lungo	ADJ	Gender=Masc|Number=Plur	1	1.000	form_absent
Lungo	lungo	ADP	_	1	1.000	form_absent
Lushinje	Lushinje	PROPN	_	1	1.000	form_absent
Lusitania	Lusitania	PROPN	_	1	1.000	form_absent
Lussino	Lussino	PROPN	_	1	1.000	form_absent
Lyndon	Lyndon	PROPN	_	1	1.000	form_absent
Lynne	Lynne	PROPN	_	1	1.000	form_absent
Lys	Lys	X	Foreign=Yes	1	0.500	form_absent
Lys	Lys	PROPN	_	1	0.500	form_absent
Là	là	ADV	_	1	1.000	form_absent
Lévi-Strauss	Lévi-strauss	PROPN	_	1	1.000	form_absent
M	M	PROPN	_	1	1.000	form_absent
MACERATA	Macerata	PROPN	_	1	1.000	form_absent
MAZARA	Mazara	PROPN	_	1	1.000	form_absent
MBA	Mba	PROPN	_	1	1.000	form_absent
MEB	MEB	PROPN	_	1	1.000	form_absent
MED	Med	PROPN	_	1	1.000	form_absent
MGM	Mgm	PROPN	_	1	1.000	form_absent
MLB	MLB	PROPN	_	1	1.000	form_absent
MP	MP	PROPN	_	1	1.000	form_absent
MSN	Msn	PROPN	_	1	1.000	form_absent
MSNBC	Msnbc	PROPN	_	1	1.000	form_absent
Machado	Machado	PROPN	_	1	1.000	form_absent
Machel	Machel	PROPN	_	1	1.000	form_absent
Macintosh	Macintosh	PROPN	_	1	1.000	form_absent
Mackintosh	Mackintosh	PROPN	_	1	1.000	form_absent
Mactronics	Mactronics	PROPN	_	1	1.000	form_absent
Macy	Macy	PROPN	_	1	1.000	form_absent
Madagascar	Madagascar	PROPN	_	1	1.000	form_absent
Madonnina	Madonnina	PROPN	_	1	1.000	form_absent
Mae	Mae	PROPN	_	1	1.000	form_absent
Maestà	Maestà	PROPN	_	1	1.000	form_absent
Magellano	Magellano	PROPN	_	1	1.000	form_absent
Maggiolone	Maggiolone	PROPN	_	1	1.000	form_absent
Magisano	Magisano	PROPN	_	1	1.000	form_absent
Magistrala	Magistrala	PROPN	_	1	1.000	form_absent
Magistratura	magistratura	NOUN	Gender=Fem|Number=Sing	1	1.000	form_absent
Maglione	Maglione	PROPN	_	1	1.000	form_absent
Magnaghi	Magnaghi	PROPN	_	1	1.000	form_absent
Magnifico	Magnifico	PROPN	_	1	1.000	form_absent
Magnini	Magnini	PROPN	_	1	1.000	form_absent
Magno	Magno	PROPN	_	1	1.000	form_absent
Magnus	Magnus	PROPN	_	1	1.000	form_absent
Mahatma	Mahatma	PROPN	_	1	1.000	form_absent
Mahmoud	Mahmoud	PROPN	_	1	1.000	form_absent
Maicon	Maicon	PROPN	_	1	1.000	form_absent
Maigret	Maigret	PROPN	_	1	1.000	form_absent
Maison	Maison	PROPN	_	1	1.000	form_absent
Make-Up	Make-up	PROPN	_	1	1.000	form_absent
Makhmalbaf	Makhmalbaf	PROPN	_	1	1.000	form_absent
Malabo	Malabo	PROPN	_	1	1.000	form_absent
Malatestiano	Malatestiano	PROPN	_	1	1.000	form_absent
Malaysia	Malaysia	PROPN	_	1	1.000	form_absent
Male	male	NOUN	Gender=Masc|Number=Sing	1	1.000	form_absent
Malek	Malek	PROPN	_	1	1.000	form_absent
Malga	Malga	PROPN	_	1	1.000	form_absent
Malgorzata	Malgorzata	PROPN	_	1	1.000	form_absent
Maligno	Maligno	PROPN	_	1	1.000	form_absent
Malkovich	Malkovich	PROPN	_	1	1.000	form_absent
Mamma	Mamma	NOUN	Gender=Fem|Number=Sing	1	0.333	form_absent
Mamma	Mamma	PROPN	_	1	0.333	form_absent
Mamma	mamma	NOUN	Gender=Fem|Number=Sing	1	0.333	form_absent
Manara	Manara	PROPN	_	1	1.000	form_absent
Mancano	mancare	VERB	Mood=Ind|Number=Plur|Person=3|Tense=Pres|VerbForm=Fin	1	1.000	form_absent
Mancanza	mancanza	NOUN	Gender=Fem|Number=Sing	1	1.000	form_absent
Mandria	Mandria	PROPN	_	1	1.000	form_absent
Manfredini	Manfredini	PROPN	_	1	1.000	form_absent
Mangani	Mangani	PROPN	_	1	1.000	form_absent
Mangiano	mangiare	VERB	Mood=Ind|Number=Plur|Person=3|Tense=Pres|VerbForm=Fin	1	1.000	form_absent
Mangiavano	mangiare	VERB	Mood=Ind|Number=Plur|Person=3|Tense=Imp|VerbForm=Fin	1	1.000	form_absent
Mani	Mani	PROPN	_	1	1.000	form_absent
Manicone	Manicone	PROPN	_	1	1.000	form_absent
Manifattura	Manifattura	PROPN	_	1	1.000	form_absent
Manifestanti	manifestante	NOUN	Number=Plur	1	1.000	form_absent
Manipolare	manipolare	VERB	VerbForm=Inf	1	1.000	form_absent
Mano	mano	NOUN	ExtPos=ADV|Gender=Fem|Number=Sing	1	1.000	form_absent
Manovrina	manovrina	NOUN	Gender=Fem|Number=Sing	1	1.000	form_absent
Manson	Manson	PROPN	_	1	1.000	form_absent
Mantenne	mantenere	VERB	Mood=Ind|Number=Sing|Person=3|Tense=Past|VerbForm=Fin	1	1.000	form_absent
Mantiene	mantenere	VERB	Mood=Ind|Number=Sing|Person=3|Tense=Pres|VerbForm=Fin	1	1.000	form_absent
Mantle	Mantle	PROPN	_	1	1.000	form_absent
Mantognala	Mantognala	PROPN	_	1	1.000	form_absent
Manuali	manuale	NOUN	Gender=Masc|Number=Plur	1	1.000	form_absent
Mapocho	Mapocho	PROPN	_	1	1.000	form_absent
Maratona	Maratona	NOUN	Gender=Fem|Number=Sing	1	0.333	form_absent
Maratona	Maratona	PROPN	_	1	0.333	form_absent
Maratona	maratona	NOUN	Gender=Fem|Number=Sing	1	0.333	form_absent
Marcia	marcia	NOUN	Gender=Fem|Number=Sing	1	1.000	form_absent
Marcus	Marcus	PROPN	_	1	1.000	form_absent
Maresciallo	Maresciallo	PROPN	_	1	1.000	form_absent
Margeriaz	Margeriaz	PROPN	_	1	1.000	form_absent
Margonne	Margonne	PROPN	_	1	1.000	form_absent
Mariah	Mariah	PROPN	_	1	1.000	form_absent
Marian	Marian	PROPN	_	1	1.000	form_absent
Marianella	Marianella	PROPN	_	1	1.000	form_absent
Maricchia	Maricchia	PROPN	_	1	1.000	form_absent
Marie-Josée	Marie-Josée	PROPN	_	1	1.000	form_absent
Marillac	Marillac	PROPN	_	1	1.000	form_absent
Marine	Marine	PROPN	_	1	1.000	form_absent
Marjorie	Marjorie	PROPN	_	1	1.000	form_absent
Marlin	Marlin	PROPN	_	1	1.000	form_absent
Marmo	Marmo	PROPN	_	1	1.000	form_absent
Marquez	Marquez	PROPN	_	1	1.000	form_absent
Marquina	Marquina	PROPN	_	1	1.000	form_absent
Marrone	Marrone	PROPN	_	1	1.000	form_absent
Marsica	Marsica	PROPN	_	1	1.000	form_absent
Marsilio	Marsilio	PROPN	_	1	1.000	form_absent
Martha	Martha	PROPN	_	1	1.000	form_absent
Martine	Martine	PROPN	_	1	1.000	form_absent
Martyr	Martyr	PROPN	_	1	1.000	form_absent
Masaccio	Masaccio	PROPN	_	1	1.000	form_absent
Mascaro	Mascaro	PROPN	_	1	1.000	form_absent
Maschi	maschio	NOUN	Gender=Masc|Number=Plur	1	1.000	form_absent
Masina	Masina	PROPN	_	1	1.000	form_absent
Massachusetts	Massachusetts	PROPN	_	1	1.000	form_absent
Massacro	massacro	NOUN	Gender=Masc|Number=Sing	1	1.000	form_absent
Massaggio	massaggio	NOUN	Gender=Masc|Number=Sing	1	1.000	form_absent
Massana	Massana	PROPN	_	1	1.000	form_absent
Massenzio	Massenzio	PROPN	_	1	1.000	form_absent
Master	Master	PROPN	_	1	1.000	form_absent
Masterdog	Masterdog	PROPN	_	1	1.000	form_absent
Matapan	Matapan	PROPN	_	1	1.000	form_absent
Materno	Materno	PROPN	_	1	1.000	form_absent
Mathies	Mathies	PROPN	_	1	1.000	form_absent
Mathur	Mathur	PROPN	_	1	1.000	form_absent
Matos	Matos	PROPN	_	1	1.000	form_absent
Matrimonio	Matrimonio	PROPN	_	1	1.000	form_absent
Matteotti	Matteotti	PROPN	_	1	1.000	form_absent
Matterhorn	Matterhorn	PROPN	_	1	1.000	form_absent
Mattone	Mattone	PROPN	_	1	1.000	form_absent
Mauresmo	Mauresmo	PROPN	_	1	1.000	form_absent
Mauthausen	Mauthausen	PROPN	_	1	1.000	form_absent
Mayberry	Mayberry	PROPN	_	1	1.000	form_absent
Mayer	Mayer	PROPN	_	1	1.000	form_absent
Mayor	Mayor	PROPN	_	1	1.000	form_absent
Mayr-Melnhof	Mayr-melnhof	PROPN	_	1	1.000	form_absent
Mazzucchelli	Mazzucchelli	PROPN	_	1	1.000	form_absent
Mazzucco	Mazzucco	PROPN	_	1	1.000	form_absent
McCartney	McCartney	PROPN	_	1	1.000	form_absent
McDonald	McDonald	PROPN	_	1	1.000	form_absent
McKee	Mckee	PROPN	_	1	1.000	form_absent
McKewon	Mckewon	PROPN	_	1	1.000	form_absent
McKinley	Mckinley	PROPN	_	1	1.000	form_absent
Mccarthy	Mccarthy	PROPN	_	1	1.000	form_absent
Mcdonalds	Mcdonalds	PROPN	_	1	1.000	form_absent
Mckinsey	Mckinsey	PROPN	_	1	1.000	form_absent
Measures	Measures	X	Foreign=Yes	1	1.000	form_absent
Mecca	Mecca	PROPN	_	1	1.000	form_absent
Medecine	Medecine	PROPN	_	1	1.000	form_absent
Medeiros	Medeiros	PROPN	_	1	1.000	form_absent
Medical	Medical	PROPN	_	1	1.000	form_absent
Medicina	Medicina	PROPN	_	1	1.000	form_absent
Medicus	Medicus	X	Foreign=Yes	1	1.000	form_absent
Meditazione	meditazione	NOUN	Gender=Fem|Number=Sing	1	1.000	form_absent
Mediterranea	mediterraneo	ADJ	Gender=Fem|Number=Sing	1	1.000	form_absent
Medjugorje	Medjugorje	PROPN	_	1	1.000	form_absent
Meglio	meglio	ADV	_	1	1.000	form_absent
Mehmet	Mehmet	PROPN	_	1	1.000	form_absent
Mein	Mein	PROPN	_	1	1.000	form_absent
Meir	Meir	PROPN	_	1	1.000	form_absent
Meksude	Meksude	PROPN	_	1	1.000	form_absent
Mel	Mel	PROPN	_	1	1.000	form_absent
Melania	Melania	PROPN	_	1	1.000	form_absent
Melchiorre	Melchiorre	PROPN	_	1	1.000	form_absent
Melegnano	Melegnano	PROPN	_	1	1.000	form_absent
Melinda	Melinda	PROPN	_	1	1.000	form_absent
Melville	Melville	PROPN	_	1	1.000	form_absent
Memaljai	Memaljai	PROPN	_	1	1.000	form_absent
Membri	membro	NOUN	Gender=Masc|Number=Plur	1	1.000	form_absent
Memorandum	Memorandum	NOUN	Gender=Masc|Number=Sing	1	1.000	form_absent
Memorial	Memorial	PROPN	_	1	1.000	form_absent
Memory	memory	NOUN	_	1	1.000	form_absent
Meno	meno	ADV	_	1	1.000	form_absent
Menti	Menti	PROPN	_	1	1.000	form_absent
Meranese	Meranese	PROPN	_	1	1.000	form_absent
Mercante	Mercante	PROPN	_	1	0.500	form_absent
Mercante	mercante	NOUN	Gender=Masc|Number=Sing	1	0.500	form_absent
Mercati	Mercati	PROPN	_	1	1.000	form_absent
Merci	merce	NOUN	Gender=Fem|Number=Plur	1	1.000	form_absent
Mercoledì	Mercoledì	PROPN	_	1	0.500	form_absent
Mercoledì	mercoledì	NOUN	Gender=Masc|Number=Sing	1	0.500	form_absent
Mercone	Mercone	PROPN	_	1	1.000	form_absent
Mercosur	Mercosur	PROPN	_	1	1.000	form_absent
Merisi	Merisi	PROPN	_	1	1.000	form_absent
Merito	merito	NOUN	Gender=Masc|Number=Sing	1	1.000	form_absent
Merli	merlo	NOUN	Gender=Masc|Number=Plur	1	1.000	form_absent
Mesi	mese	NOUN	Gender=Masc|Number=Plur	1	1.000	form_absent
Mesmer	Mesmer	PROPN	_	1	1.000	form_absent
Message	Message	X	Foreign=Yes	1	1.000	form_absent
Messia	Messia	PROPN	_	1	1.000	form_absent
Metal	metal	ADJ	_	1	1.000	form_absent
Metall	Metall	PROPN	_	1	1.000	form_absent
Metallurgica	Metallurgica	PROPN	_	1	1.000	form_absent
Methodist	Methodist	PROPN	_	1	1.000	form_absent
Metodo	metodo	NOUN	Gender=Masc|Number=Sing	1	1.000	form_absent
Metro	Metro	PROPN	_	1	1.000	form_absent
Metti	mettere	VERB	Mood=Imp|Number=Sing|Person=2|Tense=Pres|VerbForm=Fin	1	1.000	form_absent
Meuse	Meuse	PROPN	_	1	1.000	form_absent
Mezza	Mezza	PROPN	_	1	1.000	form_absent
Mezzaluna	mezzaluna	NOUN	Gender=Fem|Number=Sing	1	1.000	form_absent
Mezzogiorno	Mezzogiorno	PROPN	_	1	0.500	form_absent
Mezzogiorno	mezzogiorno	NOUN	Gender=Masc|Number=Sing	1	0.500	form_absent
Micca	Micca	PROPN	_	1	1.000	form_absent
Michaelmas	Michaelmas	PROPN	_	1	1.000	form_absent
Micheal	Micheal	PROPN	_	1	1.000	form_absent
Micheletti	Micheletti	PROPN	_	1	1.000	form_absent
Michelino	Michelino	PROPN	_	1	1.000	form_absent
Michelle	Michelle	PROPN	_	1	1.000	form_absent
Michigan	Michigan	PROPN	_	1	1.000	form_absent
Micky	Micky	PROPN	_	1	1.000	form_absent
Micologica	micologico	ADJ	Gender=Fem|Number=Sing	1	1.000	form_absent
Micro	Micro	PROPN	_	1	1.000	form_absent
Microonde	microonda	NOUN	Gender=Fem|Number=Plur	1	1.000	form_absent
Middlesex	Middlesex	PROPN	_	1	1.000	form_absent
Midnight	Midnight	NOUN	Number=Sing	1	1.000	form_absent
Mierlo	Mierlo	PROPN	_	1	1.000	form_absent
Migliara	Migliara	PROPN	_	1	1.000	form_absent
Miglioramenti	miglioramento	NOUN	Gender=Masc|Number=Plur	1	1.000	form_absent
Migrazione	migrazione	NOUN	Gender=Fem|Number=Sing	1	1.000	form_absent
Migros	Migros	PROPN	_	1	1.000	form_absent
Mihajlova	Mihajlova	PROPN	_	1	1.000	form_absent
Mika	Mika	PROPN	_	1	1.000	form_absent
Mikuni	Mikuni	PROPN	_	1	1.000	form_absent
Miliardi	miliardo	NOUN	Gender=Masc|Number=Plur	1	1.000	form_absent
Milioni	milione	NOUN	Gender=Masc|Number=Plur	1	1.000	form_absent
Militia	militia	NOUN	Number=Sing	1	1.000	form_absent
Milius	Milius	PROPN	_	1	1.000	form_absent
Milizie	Milizie	PROPN	_	1	1.000	form_absent
Milka	Milka	PROPN	_	1	1.000	form_absent
Millon	Millon	PROPN	_	1	1.000	form_absent
Millwokee	Millwokee	PROPN	_	1	1.000	form_absent
Mimun	Mimun	PROPN	_	1	1.000	form_absent
Minacce	minaccia	NOUN	Gender=Fem|Number=Plur	1	1.000	form_absent
Minceur	Minceur	PROPN	_	1	1.000	form_absent
Miniere	miniera	NOUN	Gender=Fem|Number=Plur	1	1.000	form_absent
Minima	minimo	ADJ	Gender=Fem|Number=Sing	1	1.000	form_absent
Minnelli	Minnelli	PROPN	_	1	1.000	form_absent
Minori	minore	NOUN	Number=Plur	1	1.000	form_absent
Minotti	Minotti	PROPN	_	1	1.000	form_absent
Minsky	Minsky	PROPN	_	1	1.000	form_absent
Minuit	Minuit	PROPN	_	1	1.000	form_absent
Minuti	Minuti	PROPN	_	1	1.000	form_absent
Minuzzolo	Minuzzolo	PROPN	_	1	1.000	form_absent
Mio	mio	DET	Gender=Masc|Number=Sing|Poss=Yes|PronType=Prs	1	1.000	form_absent
Mir	Mir	PROPN	_	1	1.000	form_absent
Mirage	Mirage	PROPN	_	1	1.000	form_absent
Miranda	Miranda	PROPN	_	1	1.000	form_absent
Miroslav	Miroslav	PROPN	_	1	1.000	form_absent
Misericordia	Misericordia	PROPN	_	1	0.500	form_absent
Misericordia	misericordia	NOUN	Gender=Fem|Number=Sing	1	0.500	form_absent
Misery	misery	NOUN	Gender=Fem|Number=Sing	1	1.000	form_absent
Missouri	Missouri	PROPN	_	1	1.000	form_absent
Misura	Misura	PROPN	_	1	0.333	form_absent
Misurando	misurare	VERB	VerbForm=Ger	1	1.000	form_absent
Misure	misura	NOUN	Gender=Fem|Number=Plur	1	1.000	form_absent
Mitnick	Mitnick	PROPN	_	1	1.000	form_absent
Moby	Moby	PROPN	_	1	1.000	form_absent
Moda	Moda	PROPN	_	1	1.000	form_absent
Modellata	modellare	VERB	Gender=Fem|Number=Sing|Tense=Past|VerbForm=Part	1	1.000	form_absent
Modifica	modificare	VERB	Mood=Ind|Number=Sing|Person=3|Tense=Pres|VerbForm=Fin	1	1.000	form_absent
Moenia	Moenia	PROPN	_	1	1.000	form_absent
Moeurs	Moeurs	PROPN	_	1	1.000	form_absent
Mogol	Mogol	PROPN	_	1	1.000	form_absent
Mohammad	Mohammad	PROPN	_	1	1.000	form_absent
Mokhele	Mokhele	PROPN	_	1	1.000	form_absent
Molella	Molella	PROPN	_	1	1.000	form_absent
Molinette	Molinette	PROPN	_	1	1.000	form_absent
Molini	Molini	PROPN	_	1	1.000	form_absent
Molière	Molière	PROPN	_	1	1.000	form_absent
Molly	Molly	PROPN	_	1	1.000	form_absent
Molteplici	molteplice	ADJ	Number=Plur	1	1.000	form_absent
Mombasa	Mombasa	PROPN	_	1	1.000	form_absent
Monde	Monde	PROPN	_	1	1.000	form_absent
Mondrian	Mondrian	PROPN	_	1	1.000	form_absent
Moneda	Moneda	PROPN	_	1	1.000	form_absent
Monet	Monet	PROPN	_	1	1.000	form_absent
Mongie	Mongie	PROPN	_	1	1.000	form_absent
Monitz	Monitz	PROPN	_	1	1.000	form_absent
Monselice	Monselice	PROPN	_	1	1.000	form_absent
Monsignor	monsignore	NOUN	Gender=Masc|Number=Sing	1	1.000	form_absent
Montalvo	Montalvo	PROPN	_	1	1.000	form_absent
Montefeltro	Montefeltro	PROPN	_	1	1.000	form_absent
Monterchi	Monterchi	PROPN	_	1	1.000	form_absent
Montgomery	Montgomery	PROPN	_	1	1.000	form_absent
Montilla	Montilla	PROPN	_	1	1.000	form_absent
Montoya	Montoya	PROPN	_	1	1.000	form_absent
Montparnasse	Montparnasse	PROPN	_	1	1.000	form_absent
Montxo	Montxo	PROPN	_	1	1.000	form_absent
Monument	Monument	PROPN	_	1	1.000	form_absent
Moonclad	moonclad	ADJ	_	1	1.000	form_absent
Morassuti	Morassuti	PROPN	_	1	1.000	form_absent
Morassutti	Morassutti	PROPN	_	1	1.000	form_absent
Morbus	morbus	NOUN	Gender=Masc|Number=Sing	1	1.000	form_absent
Morello	Morello	PROPN	_	1	1.000	form_absent
Moriano	Moriano	PROPN	_	1	1.000	form_absent
Morlacchi	Morlacchi	PROPN	_	1	1.000	form_absent
Morricone	Morricone	PROPN	_	1	1.000	form_absent
Morrison	Morrison	PROPN	_	1	1.000	form_absent
Morte	Morte	NOUN	Gender=Fem|Number=Sing	1	0.250	form_absent
Morte	morte	NOUN	Gender=Fem|Number=Sing	1	0.250	form_absent
Morton	Morton	PROPN	_	1	1.000	form_absent
Mosa	Mosa	PROPN	_	1	1.000	form_absent
Moschea	Moschea	PROPN	_	1	1.000	form_absent
Mosella	Mosella	PROPN	_	1	1.000	form_absent
Moshe	Moshe	PROPN	_	1	1.000	form_absent
Mossad	Mossad	PROPN	_	1	1.000	form_absent
Mostra	Mostra	PROPN	_	1	0.500	form_absent
Mostra	mostra	NOUN	Gender=Fem|Number=Sing	1	0.500	form_absent
Mostre	mostra	NOUN	Gender=Fem|Number=Plur	1	1.000	form_absent
Mosul	Mosul	PROPN	_	1	1.000	form_absent
Motley	Motley	PROPN	_	1	1.000	form_absent
Moto	Moto	PROPN	_	1	1.000	form_absent
Motor	Motor	PROPN	_	1	1.000	form_absent
Motorshow	Motorshow	PROPN	_	1	1.000	form_absent
Motown	Motown	PROPN	_	1	1.000	form_absent
Mountain	Mountain	PROPN	_	1	1.000	form_absent
Mousse	Mousse	PROPN	_	1	0.500	form_absent
Mousse	mousse	NOUN	Gender=Fem	1	0.500	form_absent
Moutjoy	Moutjoy	PROPN	_	1	1.000	form_absent
Movimento	Movimento	NOUN	Gender=Masc|Number=Sing	1	0.167	form_absent
Movimento	movimento	NOUN	Gender=Masc|Number=Sing	1	0.167	form_absent
Moya	Moya	PROPN	_	1	1.000	form_absent
Muhammad	Muhammad	PROPN	_	1	1.000	form_absent
Mulberry	Mulberry	PROPN	_	1	1.000	form_absent
Mulligan	Mulligan	PROPN	_	1	1.000	form_absent
Munir	Munir	PROPN	_	1	1.000	form_absent
Muore	morire	VERB	Mood=Ind|Number=Sing|Person=3|Tense=Pres|VerbForm=Fin	1	1.000	form_absent
Muraglia	Muraglia	PROPN	_	1	1.000	form_absent
Murder	Murder	PROPN	_	1	1.000	form_absent
Murolo	Murolo	PROPN	_	1	1.000	form_absent
Murry	Murry	PROPN	_	1	1.000	form_absent
Museo	museo	NOUN	Gender=Masc|Number=Sing	1	0.200	form_absent
Mushailova	Mushailova	PROPN	_	1	1.000	form_absent
Musicale	musicale	ADJ	Gender=Fem|Number=Sing	1	1.000	form_absent
Musichiere	Musichiere	PROPN	_	1	1.000	form_absent
Musicista	musicista	NOUN	Number=Sing	1	1.000	form_absent
Mussorgsky	Mussorgsky	PROPN	_	1	1.000	form_absent
Mustafà	Mustafà	PROPN	_	1	1.000	form_absent
Mustang	Mustang	PROPN	_	1	1.000	form_absent
Mutamenti	mutamento	NOUN	Gender=Masc|Number=Plur	1	1.000	form_absent
Mutis	Mutis	PROPN	_	1	1.000	form_absent
Muzaffer	Muzaffer	PROPN	_	1	1.000	form_absent
My	my	DET	Poss=Yes|PronType=Prs	1	1.000	form_absent
Myrdal	Myrdal	PROPN	_	1	1.000	form_absent
Myrtle	Myrtle	PROPN	_	1	1.000	form_absent
Màariv	Màariv	PROPN	_	1	1.000	form_absent
N	N	NOUN	_	1	0.333	form_absent
N.B.	n.b.	NOUN	_	1	1.000	form_absent
NAPOLI	Napoli	PROPN	_	1	1.000	form_absent
NASDAQ	Nasdaq	PROPN	_	1	1.000	form_absent
NEO	Neo	PROPN	_	1	1.000	form_absent
NORVEGIA	Norvegia	PROPN	_	1	1.000	form_absent
NY	Ny	PROPN	_	1	1.000	form_absent
NaOH	NaOH	PROPN	_	1	1.000	form_absent
Nagoya	Nagoya	PROPN	_	1	1.000	form_absent
Naidu	Naidu	PROPN	_	1	1.000	form_absent
Nakamura	Nakamura	PROPN	_	1	1.000	form_absent
Nakano	Nakano	PROPN	_	1	1.000	form_absent
Namibia	Namibia	PROPN	_	1	1.000	form_absent
Nano	Nano	PROPN	_	1	1.000	form_absent
Napier	Napier	PROPN	_	1	1.000	form_absent
Nashe	Nashe	PROPN	_	1	1.000	form_absent
Nasreen	Nasreen	PROPN	_	1	1.000	form_absent
Nationale	Nationale	PROPN	_	1	1.000	form_absent
Nativi	Nativi	PROPN	_	1	1.000	form_absent
Natività	Natività	PROPN	_	1	0.500	form_absent
Natività	natività	NOUN	Gender=Fem	1	0.500	form_absent
Natura	Natura	PROPN	_	1	1.000	form_absent
Navigazione	Navigazione	PROPN	_	1	1.000	form_absent
Nazionali	nazionale	ADJ	Number=Plur	1	1.000	form_absent
Nazionalismo	nazionalismo	NOUN	Gender=Masc|Number=Sing	1	1.000	form_absent
Nazione	Nazione	NOUN	Gender=Fem|Number=Sing	1	0.200	form_absent
Ne	in	ADP	_	1	0.143	form_absent
Neal	Neal	PROPN	_	1	1.000	form_absent
Neanche	neanche	ADV	PronType=Neg	1	1.000	form_absent
NecP	Necp	PROPN	_	1	1.000	form_absent
Negishi	Negishi	PROPN	_	1	1.000	form_absent
Negozi	negozio	NOUN	Gender=Masc|Number=Plur	1	1.000	form_absent
Nello	Nello	PROPN	_	1	1.000	form_absent
Nelly	Nelly	PROPN	_	1	1.000	form_absent
Neppure	neppure	ADV	PronType=Neg	1	1.000	form_absent
Nervi	Nervi	PROPN	_	1	1.000	form_absent
Nessuna	nessuna	DET	Gender=Fem|Number=Sing|PronType=Ind	1	0.143	form_absent
Nestore	Nestore	PROPN	_	1	1.000	form_absent
Netcom	Netcom	PROPN	_	1	1.000	form_absent
Nettis	Nettis	PROPN	_	1	1.000	form_absent
Neufeld	Neufeld	PROPN	_	1	1.000	form_absent
Neves	Neves	PROPN	_	1	1.000	form_absent
Nicchi	Nicchi	PROPN	_	1	1.000	form_absent
Nicoli	Nicoli	PROPN	_	1	1.000	form_absent
Nicolucci	Nicolucci	PROPN	_	1	1.000	form_absent
Nidasio	Nidasio	PROPN	_	1	1.000	form_absent
Niente	niente	PRON	Number=Sing|PronType=Ind	1	0.250	form_absent
Niente	niente	DET	Number=Sing|PronType=Ind	1	0.250	form_absent
Niger	Niger	PROPN	_	1	1.000	form_absent
Night	night	NOUN	_	1	1.000	form_absent
Nigra	Nigra	PROPN	_	1	1.000	form_absent
Nikita	Nikita	PROPN	_	1	1.000	form_absent
Niklas	Niklas	PROPN	_	1	1.000	form_absent
Nikola	Nikola	PROPN	_	1	1.000	form_absent
Nintendo	Nintendo	PROPN	_	1	1.000	form_absent
Nnenna	Nnenna	PROPN	_	1	1.000	form_absent
Nobody	Nobody	PROPN	Foreign=Yes	1	1.000	form_absent
Noccioli	Noccioli	PROPN	_	1	1.000	form_absent
Nodar	Nodar	PROPN	_	1	1.000	form_absent
Noel	Noel	PROPN	_	1	1.000	form_absent
Nogarole	Nogarole	PROPN	_	1	1.000	form_absent
Nolan	Nolan	PROPN	_	1	1.000	form_absent
Nomentana	Nomentana	PROPN	_	1	1.000	form_absent
Nominato	nominare	VERB	Gender=Masc|Number=Sing|Tense=Past|VerbForm=Part	1	1.000	form_absent
Nonna	nonna	NOUN	Gender=Fem|Number=Sing	1	1.000	form_absent
Nopirolli	Nopirolli	PROPN	_	1	1.000	form_absent
Norcia	Norcia	PROPN	_	1	1.000	form_absent
Nordico	Nordico	PROPN	_	1	1.000	form_absent
Noriega	Noriega	PROPN	_	1	1.000	form_absent
Nos	Nos	PROPN	_	1	1.000	form_absent
Notaire	Notaire	PROPN	_	1	1.000	form_absent
Notate	notare	VERB	Mood=Ind|Number=Plur|Person=2|Tense=Pres|VerbForm=Fin	1	1.000	form_absent
Note	Note	PROPN	_	1	1.000	form_absent
Notifica	notifica	NOUN	Gender=Fem|Number=Sing	1	1.000	form_absent
Notizie	notizie	NOUN	Gender=Fem|Number=Plur	1	0.167	form_absent
Notre	Notre	PROPN	_	1	1.000	form_absent
Novaro	Novaro	PROPN	_	1	1.000	form_absent
Novecento	Novecento	NUM	NumType=Card	1	0.200	form_absent
Novegro	Novegro	PROPN	_	1	1.000	form_absent
Novello	Novello	PROPN	_	1	1.000	form_absent
Nozione	nozione	NOUN	Gender=Fem|Number=Sing	1	1.000	form_absent
Ntsu	Ntsu	PROPN	_	1	1.000	form_absent
Nubia	Nubia	PROPN	_	1	1.000	form_absent
Nuggets	Nuggets	PROPN	_	1	1.000	form_absent
Nulla	nulla	PRON	Gender=Masc|Number=Sing|PronType=Ind	1	0.333	form_absent
Numeri	numero	NOUN	Gender=Masc|Number=Plur	1	1.000	form_absent
Nunzia	Nunzia	PROPN	_	1	1.000	form_absent
Nuvole	nuvola	NOUN	Gender=Fem|Number=Plur	1	1.000	form_absent
O	O	PROPN	_	1	0.125	form_absent
O.N.U.	O.n.u.	PROPN	_	1	1.000	form_absent
O3	O3	PROPN	_	1	1.000	form_absent
OCSE	OCSE	PROPN	_	1	1.000	form_absent
OJ	Oj	PROPN	_	1	1.000	form_absent
OLP	Olp	PROPN	_	1	1.000	form_absent
OMC	Omc	PROPN	_	1	1.000	form_absent
ONU	Onu	PROPN	_	1	0.250	form_absent
OUA	Oua	PROPN	_	1	1.000	form_absent
Oakley	Oakley	PROPN	_	1	1.000	form_absent
Obbiettivi	obbiettivo	NOUN	Gender=Masc|Number=Plur	1	1.000	form_absent
Obiettivo	Obiettivo	X	_	1	0.500	form_absent
Obiettivo	obiettivo	NOUN	Gender=Masc|Number=Sing	1	0.500	form_absent
Ocampo	Ocampo	PROPN	_	1	1.000	form_absent
Occidentale	occidentale	ADJ	Number=Sing	1	1.000	form_absent
Occupazione	occupazione	NOUN	Gender=Fem|Number=Sing	1	1.000	form_absent
Occupiamo	occupare	VERB	Mood=Ind|Number=Plur|Person=1|Tense=Pres|VerbForm=Fin	1	1.000	form_absent
Odali	Odali	PROPN	_	1	1.000	form_absent
Oddio	oddio	INTJ	_	1	1.000	form_absent
Odessa	Odessa	PROPN	_	1	1.000	form_absent
Odissea	Odissea	PROPN	_	1	1.000	form_absent
Oe	Oe	PROPN	_	1	1.000	form_absent
Of	Of	PROPN	_	1	0.500	form_absent
Of	of	ADP	_	1	0.500	form_absent
Offre	offrire	VERB	Mood=Ind|Number=Sing|Person=3|Tense=Pres|VerbForm=Fin	1	1.000	form_absent
Offspring	Offspring	PROPN	_	1	1.000	form_absent
Ogden	Ogden	PROPN	_	1	1.000	form_absent
Oggiano	Oggiano	PROPN	_	1	1.000	form_absent
Ognuna	ognuno	PRON	Gender=Fem|Number=Sing|PronType=Ind	1	1.000	form_absent
Ognuno	ognuno	PRON	Gender=Masc|Number=Sing|PronType=Ind	1	1.000	form_absent
Oh	oh	INTJ	_	1	1.000	form_absent
Oil	Oil	PROPN	_	1	1.000	form_absent
Ok	Ok	PROPN	_	1	1.000	form_absent
Okavango	Okavango	PROPN	_	1	1.000	form_absent
Oldrini	Oldrini	PROPN	_	1	1.000	form_absent
Olidon	Olidon	PROPN	_	1	1.000	form_absent
Olimpici	Olimpici	PROPN	_	1	0.500	form_absent
Olimpici	Olimpici	ADJ	Gender=Masc|Number=Plur	1	0.500	form_absent
Olimpo	Olimpo	PROPN	_	1	1.000	form_absent
Ollila	Ollila	PROPN	_	1	1.000	form_absent
Oltralpe	Oltralpe	PROPN	_	1	1.000	form_absent
Ombrelloni	ombrellone	NOUN	Gender=Masc|Number=Plur	1	1.000	form_absent
Omega-3	Omega-3	PROPN	_	1	1.000	form_absent
Omt	Omt	PROPN	_	1	1.000	form_absent
Onassis	Onassis	PROPN	_	1	1.000	form_absent
Ondina	Ondina	PROPN	_	1	1.000	form_absent
Onorevoli	onorevole	ADJ	Number=Plur	1	1.000	form_absent
Onossu	Onossu	PROPN	_	1	1.000	form_absent
Operation	Operation	PROPN	_	1	1.000	form_absent
Operazioni	operazione	NOUN	Gender=Fem|Number=Plur	1	1.000	form_absent
Orange	Orange	PROPN	_	1	1.000	form_absent
Orao	Orao	PROPN	_	1	1.000	form_absent
Orchestra	Orchestra	PROPN	_	1	0.500	form_absent
Orchestra	Orchestra	NOUN	Gender=Masc|Number=Sing	1	0.500	form_absent
Oregon	Oregon	PROPN	_	1	1.000	form_absent
Orientale	Orientale	PROPN	_	1	0.500	form_absent
Orientale	orientale	ADJ	Number=Sing	1	0.500	form_absent
Orikun	Orikun	PROPN	_	1	1.000	form_absent
Orio	Orio	PROPN	_	1	1.000	form_absent
Ormai	ormai	ADV	_	1	1.000	form_absent
Orso	Orso	PROPN	_	1	0.333	form_absent
Orso	Orso	NOUN	Gender=Masc|Number=Sing	1	0.333	form_absent
Orso	orso	NOUN	Gender=Masc|Number=Sing	1	0.333	form_absent
Ortega	Ortega	PROPN	_	1	1.000	form_absent
Ortiz	Ortiz	PROPN	_	1	1.000	form_absent
Orwell	Orwell	PROPN	_	1	1.000	form_absent
Osaka	Osaka	PROPN	_	1	1.000	form_absent
Osama	Osama	PROPN	_	1	1.000	form_absent
Osbourne	Osbourne	PROPN	_	1	1.000	form_absent
Ospedale	Ospedale	PROPN	_	1	0.500	form_absent
Ospedale	ospedale	NOUN	Gender=Masc|Number=Sing	1	0.500	form_absent
Ospitare	ospitare	VERB	VerbForm=Inf	1	1.000	form_absent
Osservando	osservare	VERB	VerbForm=Ger	1	1.000	form_absent
Osserviamo	osservare	VERB	Mood=Ind|Number=Plur|Person=1|Tense=Pres|VerbForm=Fin	1	1.000	form_absent
Ossoli	Ossoli	PROPN	_	1	1.000	form_absent
Osterling	Osterling	PROPN	_	1	1.000	form_absent
Otocac	Otocac	PROPN	_	1	1.000	form_absent
Ottanta	Ottanta	NUM	NumType=Card	1	0.500	form_absent
Ottanta	ottanta	NUM	NumType=Card	1	0.500	form_absent
Ottenuta	ottenere	VERB	Gender=Fem|Number=Sing|Tense=Past|VerbForm=Part	1	1.000	form_absent
Ottenuto	ottenere	VERB	Gender=Masc|Number=Sing|Tense=Past|VerbForm=Part	1	1.000	form_absent
Ottimamente	ottimamente	ADV	_	1	1.000	form_absent
Ottimismo	ottimismo	NOUN	Gender=Masc|Number=Sing	1	1.000	form_absent
Ottomani	ottomano	NOUN	Gender=Masc|Number=Plur	1	1.000	form_absent
Ottomano	ottomano	ADJ	Gender=Masc|Number=Sing	1	1.000	form_absent
Ottoz	Ottoz	PROPN	_	1	1.000	form_absent
Ouch	Ouch	PROPN	_	1	0.500	form_absent
Ouch	Ouch	INTJ	_	1	0.500	form_absent
Ove	ove	SCONJ	_	1	1.000	form_absent
Ovest	Ovest	PROPN	_	1	1.000	form_absent
Ovunque	ovunque	ADV	_	1	1.000	form_absent
Ozdemir	Ozdemir	PROPN	_	1	1.000	form_absent
Ozone	ozone	NOUN	_	1	1.000	form_absent
Ozonesondes	ozonesondes	NOUN	_	1	1.000	form_absent
Ozzy	Ozzy	PROPN	_	1	1.000	form_absent
PAN	PAN	PROPN	_	1	1.000	form_absent
PARIGI	Parigi	PROPN	_	1	1.000	form_absent
PAS	Pas	PROPN	_	1	1.000	form_absent
PBN	PBN	PROPN	_	1	1.000	form_absent
PC	pc	NOUN	Gender=Masc	1	0.250	form_absent
PC	pc	PROPN	_	1	0.250	form_absent
PERS	Pers	PROPN	_	1	1.000	form_absent
PIL	PIL	PROPN	_	1	0.500	form_absent
PIL	Pil	PROPN	_	1	0.500	form_absent
PKK	Pkk	PROPN	_	1	1.000	form_absent
PM	PM	NOUN	_	1	1.000	form_absent
PN	PN	PROPN	_	1	1.000	form_absent
PRF	PRF	PROPN	_	1	1.000	form_absent
PRIMO	primo	ADJ	Gender=Masc|NumType=Ord|Number=Sing	1	1.000	form_absent
PSN	Psn	PROPN	_	1	1.000	form_absent
PVC	Pvc	PROPN	_	1	1.000	form_absent
Pace	Pace	PROPN	_	1	1.000	form_absent
Pacific	Pacific	PROPN	_	1	1.000	form_absent
Pacino	Pacino	PROPN	_	1	1.000	form_absent
Pacioli	Pacioli	PROPN	_	1	1.000	form_absent
Packard	Packard	PROPN	_	1	1.000	form_absent
Paddington	Paddington	PROPN	_	1	1.000	form_absent
Padoa-Schioppa	Padoa-Schioppa	PROPN	_	1	1.000	form_absent
Padovan	Padovan	PROPN	_	1	1.000	form_absent
Padàn	Padàn	PROPN	_	1	1.000	form_absent
Pagamento	pagamento	NOUN	Gender=Masc|Number=Sing	1	1.000	form_absent
Pagando	pagare	VERB	VerbForm=Ger	1	1.000	form_absent
Paganin	Paganin	PROPN	_	1	1.000	form_absent
Pagelaser	Pagelaser	PROPN	_	1	1.000	form_absent
Pagine	Pagine	PROPN	_	1	1.000	form_absent
Paglia	Paglia	PROPN	_	1	1.000	form_absent
Paige	Paige	PROPN	_	1	1.000	form_absent
Paine	Paine	PROPN	_	1	1.000	form_absent
Paintjet	Paintjet	PROPN	_	1	1.000	form_absent
Pairetto	Pairetto	PROPN	_	1	1.000	form_absent
Paisley	Paisley	PROPN	_	1	1.000	form_absent
Palaeur	Palaeur	PROPN	_	1	1.000	form_absent
Palak	Palak	PROPN	_	1	1.000	form_absent
Palavobis	Palavobis	PROPN	_	1	1.000	form_absent
Palazzi	palazzo	NOUN	Gender=Masc|Number=Plur	1	1.000	form_absent
Pali	palo	NOUN	Gender=Masc|Number=Plur	1	1.000	form_absent
Pallone	pallone	NOUN	Gender=Masc|Number=Sing	1	1.000	form_absent
Palmeira	Palmeira	PROPN	_	1	1.000	form_absent
Palmiro	Palmiro	PROPN	_	1	1.000	form_absent
Palumbosila	Palumbosila	PROPN	_	1	1.000	form_absent
Palù	Palù	PROPN	_	1	1.000	form_absent
Pamplona	Pamplona	PROPN	_	1	1.000	form_absent
Pana	Pana	PROPN	_	1	1.000	form_absent
Panico	panico	NOUN	Gender=Masc|Number=Sing	1	1.000	form_absent
Pantano	Pantano	PROPN	_	1	1.000	form_absent
Panther	Panther	PROPN	_	1	1.000	form_absent
Panzironi	Panzironi	PROPN	_	1	1.000	form_absent
Paolina	Paolina	PROPN	_	1	1.000	form_absent
Paoline	Paoline	PROPN	_	1	1.000	form_absent
Papam	Papam	X	_	1	1.000	form_absent
Papovic	Papovic	PROPN	_	1	1.000	form_absent
Papà	papà	NOUN	Gender=Masc	1	1.000	form_absent
Paradiso	Paradiso	NOUN	Gender=Masc|Number=Sing	1	0.500	form_absent
Paradiso	Paradiso	PROPN	_	1	0.500	form_absent
Paradossale	paradossale	ADJ	Number=Sing	1	1.000	form_absent
Paraguay	Paraguay	PROPN	_	1	1.000	form_absent
Parallele	Parallele	PROPN	_	1	1.000	form_absent
Parboriz	Parboriz	PROPN	_	1	1.000	form_absent
Parc	Parc	PROPN	_	1	1.000	form_absent
Parco	Parco	PROPN	_	1	0.333	form_absent
Pare	parere	VERB	Mood=Ind|Number=Sing|Person=3|Tense=Pres|VerbForm=Fin	1	1.000	form_absent
Paredes	Paredes	PROPN	_	1	1.000	form_absent
Parents	Parents	X	Foreign=Yes	1	1.000	form_absent
Parenzan	Parenzan	PROPN	_	1	1.000	form_absent
Parere	parere	NOUN	Gender=Masc|Number=Sing	1	1.000	form_absent
Parisienne	Parisienne	PROPN	_	1	1.000	form_absent
Parla	Parla	PROPN	_	1	1.000	form_absent
Parlando	parlare	VERB	VerbForm=Ger	1	1.000	form_absent
Parlano	parlare	VERB	Mood=Ind|Number=Plur|Person=3|Tense=Pres|VerbForm=Fin	1	1.000	form_absent
Parlare	parlare	VERB	VerbForm=Inf	1	1.000	form_absent
Parnassus	Parnassus	PROPN	_	1	1.000	form_absent
Parnevik	Parnevik	PROPN	_	1	1.000	form_absent
Part	Part	PROPN	_	1	1.000	form_absent
Partanna	Partanna	PROPN	_	1	1.000	form_absent
Partecipa	partecipare	VERB	Mood=Ind|Number=Sing|Person=3|Tense=Pres|VerbForm=Fin	1	1.000	form_absent
Partenone	Partenone	PROPN	_	1	1.000	form_absent
Parti	partire	VERB	Mood=Imp|Number=Sing|Person=2|Tense=Pres|VerbForm=Fin	1	1.000	form_absent
Partnership	Partnership	PROPN	_	1	1.000	form_absent
Parto	partire	VERB	Mood=Ind|Number=Sing|Person=1|Tense=Pres|VerbForm=Fin	1	1.000	form_absent
Pasa	Pasa	PROPN	_	1	1.000	form_absent
Pasha	Pasha	PROPN	_	1	1.000	form_absent
Pasqual	Pasqual	PROPN	_	1	1.000	form_absent
Passacantando	Passacantando	PROPN	_	1	1.000	form_absent
Passare	passare	VERB	VerbForm=Inf	1	1.000	form_absent
Passati	passare	VERB	Gender=Masc|Number=Plur|Tense=Past|VerbForm=Part	1	1.000	form_absent
Passeggeri	passeggero	NOUN	Gender=Masc|Number=Plur	1	1.000	form_absent
Passiamo	passare	VERB	Mood=Ind|Number=Plur|Person=1|Tense=Pres|VerbForm=Fin	1	1.000	form_absent
Passiria	Passiria	PROPN	_	1	1.000	form_absent
Passività	passività	NOUN	Gender=Fem	1	1.000	form_absent
Passo	Passo	PROPN	_	1	1.000	form_absent
Pasternak	Pasternak	PROPN	_	1	1.000	form_absent
Pasteur	Pasteur	PROPN	_	1	1.000	form_absent
Pastorali	pastorale	ADJ	Number=Plur	1	0.500	form_absent
Pastorali	pastorale	ADJ	Gender=Fem|Number=Plur	1	0.500	form_absent
Patrasso	Patrasso	PROPN	_	1	1.000	form_absent
Patria	Patria	PROPN	_	1	0.333	form_absent
Patsy	Patsy	PROPN	_	1	1.000	form_absent
Patti	Patti	PROPN	_	1	0.333	form_absent
Patto	Patto	PROPN	_	1	1.000	form_absent
Paura	Paura	PROPN	_	1	0.333	form_absent
Pauvres	Pauvres	X	Foreign=Yes	1	1.000	form_absent
Pavel	Pavel	PROPN	_	1	1.000	form_absent
Pazzaglia	Pazzaglia	PROPN	_	1	1.000	form_absent
Peak	Peak	PROPN	_	1	1.000	form_absent
Pedale	Pedale	PROPN	_	1	1.000	form_absent
Pediatrico	pediatrico	ADJ	Gender=Masc|Number=Sing	1	1.000	form_absent
Peep	Peep	X	Foreign=Yes	1	1.000	form_absent
Peeter	Peeter	PROPN	_	1	1.000	form_absent
Pegasus	Pegasus	PROPN	_	1	1.000	form_absent
Pellicano	Pellicano	PROPN	_	1	1.000	form_absent
Pellizza	Pellizza	PROPN	_	1	1.000	form_absent
Pellum	Pellum	PROPN	_	1	1.000	form_absent
Penafiel	Penafiel	PROPN	_	1	1.000	form_absent
Penaud	Penaud	PROPN	_	1	1.000	form_absent
Pendente	Pendente	PROPN	_	1	1.000	form_absent
Pendolino	Pendolino	PROPN	_	1	1.000	form_absent
Penetrano	penetrare	VERB	Mood=Ind|Number=Plur|Person=3|Tense=Pres|VerbForm=Fin	1	1.000	form_absent
Pennsylvania	Pennsylvania	PROPN	_	1	1.000	form_absent
Pensa	pensare	VERB	Mood=Sub|Number=Sing|Person=3|Tense=Pres|VerbForm=Fin	1	1.000	form_absent
Pensat	pensare	VERB	Mood=Imp|Number=Sing|Person=2|Tense=Pres|VerbForm=Fin	1	1.000	form_absent
Pensate	pensare	VERB	Mood=Ind|Number=Plur|Person=2|Tense=Pres|VerbForm=Fin	1	1.000	form_absent
Pensava	pensare	VERB	Mood=Ind|Number=Sing|Person=3|Tense=Imp|VerbForm=Fin	1	1.000	form_absent
Pensi	pensare	VERB	Mood=Sub|Number=Sing|Person=3|Tense=Pres|VerbForm=Fin	1	1.000	form_absent
Pension	Pension	PROPN	_	1	1.000	form_absent
Pentolaccia	Pentolaccia	PROPN	_	1	1.000	form_absent
Peppers	Peppers	PROPN	_	1	1.000	form_absent
Peraudi	Peraudi	PROPN	_	1	1.000	form_absent
Perchè	perché	ADV	_	1	1.000	form_absent
Percorso	percorrere	VERB	Gender=Masc|Number=Sing|Tense=Past|VerbForm=Part	1	1.000	form_absent
Pericolo	pericolo	NOUN	Gender=Masc|Number=Sing	1	1.000	form_absent
Perino	Perino	PROPN	_	1	1.000	form_absent
Perla	Perla	PROPN	_	1	1.000	form_absent
Perlopiù	perlopiù	ADV	_	1	1.000	form_absent
Permettete	permettere	VERB	Mood=Imp|Number=Plur|Person=2|Tense=Pres|VerbForm=Fin	1	1.000	form_absent
Permis	Permis	PROPN	_	1	0.500	form_absent
Permis	Permis	NOUN	Number=Sing	1	0.500	form_absent
Peron	Peron	PROPN	_	1	1.000	form_absent
Perquisizioni	perquisizione	NOUN	Gender=Fem|Number=Plur	1	1.000	form_absent
Perricelli	Perricelli	PROPN	_	1	1.000	form_absent
Perso	perdere	VERB	Gender=Masc|Number=Sing|Tense=Past|VerbForm=Part	1	1.000	form_absent
Personaggi	personaggio	NOUN	Gender=Masc|Number=Plur	1	1.000	form_absent
Personalizza	personalizzare	VERB	Mood=Ind|Number=Sing|Person=3|Tense=Pres|VerbForm=Fin	1	1.000	form_absent
Persone	persona	NOUN	Gender=Fem|Number=Plur	1	1.000	form_absent
Perspectiva	Perspectiva	X	Foreign=Yes	1	1.000	form_absent
Perugino	Perugino	PROPN	_	1	1.000	form_absent
Pesantissimo	pesante	ADJ	Degree=Abs|Gender=Masc|Number=Sing	1	1.000	form_absent
Pestalozzi	Pestalozzi	PROPN	_	1	1.000	form_absent
Petersburg	Petersburg	PROPN	_	1	1.000	form_absent
Petersen	Petersen	PROPN	_	1	1.000	form_absent
Peterson	Peterson	PROPN	_	1	1.000	form_absent
Petkevic	Petkevic	PROPN	_	1	1.000	form_absent
Petrazzoli	Petrazzoli	PROPN	_	1	1.000	form_absent
Petrolini	Petrolini	PROPN	_	1	1.000	form_absent
Pettibon	Pettibon	PROPN	_	1	1.000	form_absent
Pettifer	Pettifer	PROPN	_	1	1.000	form_absent
Pfaff	Pfaff	PROPN	_	1	1.000	form_absent
Pfeiffer	Pfeiffer	PROPN	_	1	1.000	form_absent
Pg	Pg	PROPN	_	1	1.000	form_absent
Ph	Ph	PROPN	_	1	1.000	form_absent
Phil	Phil	PROPN	_	1	1.000	form_absent
Philadelphia	Philadelphia	PROPN	_	1	1.000	form_absent
Philarmoniker	Philarmoniker	PROPN	_	1	1.000	form_absent
Phineas	Phineas	PROPN	_	1	1.000	form_absent
Piamonte	Piamonte	PROPN	_	1	1.000	form_absent
Piani	piano	NOUN	Gender=Masc|Number=Plur	1	1.000	form_absent
Pianificò	pianificare	VERB	Mood=Ind|Number=Sing|Person=3|Tense=Past|VerbForm=Fin	1	1.000	form_absent
Piano	piano	NOUN	Gender=Masc|Number=Sing	1	0.111	form_absent
Pianto	pianto	NOUN	Gender=Masc|Number=Sing	1	1.000	form_absent
Piattaforma	Piattaforma	NOUN	Gender=Fem|Number=Sing	1	0.333	form_absent
Picchioni	Picchioni	PROPN	_	1	1.000	form_absent
Piccioni	Piccioni	PROPN	_	1	1.000	form_absent
Piccola	Piccola	PROPN	_	1	0.500	form_absent
Piccola	Piccola	ADJ	Gender=Fem|Number=Sing	1	0.500	form_absent
Piceno	Piceno	PROPN	_	1	1.000	form_absent
Pico	Pico	PROPN	_	1	1.000	form_absent
Pierantonio	Pierantonio	PROPN	_	1	1.000	form_absent
Pierce	Pierce	PROPN	_	1	1.000	form_absent
Pierpaolo	Pierpaolo	PROPN	_	1	1.000	form_absent
Pierre-Paul	Pierre-paul	PROPN	_	1	1.000	form_absent
Piet	Piet	PROPN	_	1	1.000	form_absent
Pietra	pietra	NOUN	Gender=Fem|Number=Sing	1	1.000	form_absent
Pietrasanta	Pietrasanta	PROPN	_	1	1.000	form_absent
Pietrojusti	Pietrojusti	PROPN	_	1	1.000	form_absent
Pieve	Pieve	PROPN	_	1	1.000	form_absent
Pigna	Pigna	PROPN	_	1	1.000	form_absent
Pike	Pike	PROPN	_	1	1.000	form_absent
Pikes	Pikes	PROPN	_	1	1.000	form_absent
Pil	pil	NOUN	Gender=Masc	1	0.333	form_absent
Pinacoteca	pinacoteca	NOUN	Gender=Fem|Number=Sing	1	1.000	form_absent
Pingendi	Pingendi	X	Foreign=Yes	1	1.000	form_absent
Piombino	Piombino	PROPN	_	1	1.000	form_absent
Piovono	piovere	VERB	Mood=Ind|Number=Plur|Person=3|Tense=Pres|VerbForm=Fin	1	1.000	form_absent
Pirati	Pirati	PROPN	_	1	1.000	form_absent
Pirellone	Pirellone	PROPN	_	1	1.000	form_absent
Pirenei	Pirenei	PROPN	_	1	1.000	form_absent
Piscio	pisciare	VERB	Mood=Ind|Number=Sing|Person=1|Tense=Pres|VerbForm=Fin	1	1.000	form_absent
Piuttosto	piuttosto	ADV	_	1	1.000	form_absent
Più	più	DET	PronType=Ind	1	0.125	form_absent
Placata	placare	VERB	Gender=Fem|Number=Sing|Tense=Past|VerbForm=Part	1	1.000	form_absent
Plan	Plan	PROPN	_	1	1.000	form_absent
Platek	Platek	PROPN	_	1	1.000	form_absent
Playboy	Playboy	PROPN	_	1	1.000	form_absent
Plessy	Plessy	PROPN	_	1	1.000	form_absent
Plitvice	Plitvice	PROPN	_	1	1.000	form_absent
Plooj	Plooj	PROPN	_	1	1.000	form_absent
Pluribus	Pluribus	PROPN	_	1	1.000	form_absent
Poco	poco	ADV	ExtPos=ADV	1	0.100	form_absent
Poco	poco	DET	Gender=Masc|Number=Sing|PronType=Ind	1	0.100	form_absent
Podestà	Podestà	PROPN	_	1	1.000	form_absent
Podrecea	Podrecea	PROPN	_	1	1.000	form_absent
Poet	Poet	PROPN	_	1	1.000	form_absent
Poggibonsi	Poggibonsi	PROPN	_	1	1.000	form_absent
Poins	Poins	PROPN	_	1	1.000	form_absent
Poirot	Poirot	PROPN	_	1	1.000	form_absent
Pola	Pola	PROPN	_	1	1.000	form_absent
Polare	Polare	PROPN	_	1	1.000	form_absent
Polemica	polemica	NOUN	Gender=Fem|Number=Sing	1	1.000	form_absent
Polfer	Polfer	PROPN	_	1	1.000	form_absent
Policano	Policano	PROPN	_	1	1.000	form_absent
Policlinico	policlinico	NOUN	Gender=Masc|Number=Sing	1	1.000	form_absent
Polignana	Polignana	PROPN	_	1	1.000	form_absent
Polignano	Polignano	PROPN	_	1	1.000	form_absent
Politiche	Politiche	NOUN	Gender=Fem|Number=Plur	1	1.000	form_absent
Politici	politico	NOUN	Gender=Masc|Number=Plur	1	1.000	form_absent
Polizia	Polizia	PROPN	_	1	0.500	form_absent
Polizia	polizia	NOUN	Gender=Fem|Number=Sing	1	0.500	form_absent
Pollard	Pollard	PROPN	_	1	1.000	form_absent
Polvani	Polvani	PROPN	_	1	1.000	form_absent
Polverini	Polverini	PROPN	_	1	1.000	form_absent
Pomeriggio	pomeriggio	NOUN	Gender=Masc|Number=Sing	1	1.000	form_absent
Pommereul	Pommereul	PROPN	_	1	1.000	form_absent
Pompidou	Pompidou	PROPN	_	1	1.000	form_absent
Ponce	Ponce	PROPN	_	1	1.000	form_absent
Pongo	porre	VERB	Mood=Ind|Number=Sing|Person=1|Tense=Pres|VerbForm=Fin	1	1.000	form_absent
Poniamo	porre	VERB	Mood=Ind|Number=Plur|Person=1|Tense=Pres|VerbForm=Fin	1	1.000	form_absent
Ponnambalam	Ponnambalam	PROPN	_	1	1.000	form_absent
Pons	Pons	PROPN	_	1	1.000	form_absent
Ponta	Ponta	PROPN	_	1	1.000	form_absent
Pontedera	Pontedera	PROPN	_	1	1.000	form_absent
Pontefice	Pontefice	PROPN	_	1	1.000	form_absent
Ponzellini	Ponzellini	PROPN	_	1	1.000	form_absent
Pope	Pope	PROPN	_	1	1.000	form_absent
Popocatepetl	Popocatepetl	PROPN	_	1	1.000	form_absent
Popolazione	Popolazione	NOUN	Gender=Fem|Number=Sing	1	0.250	form_absent
Popolo	Popolo	NOUN	Gender=Masc|Number=Sing	1	0.250	form_absent
Popov	Popov	PROPN	_	1	1.000	form_absent
Popovych	Popovych	PROPN	_	1	1.000	form_absent
Porci	Porci	NOUN	Gender=Masc|Number=Plur	1	0.500	form_absent
Porci	porco	NOUN	Gender=Masc|Number=Plur	1	0.500	form_absent
Port-au-Prince	Port-au-Prince	PROPN	_	1	1.000	form_absent
Portaborse	Portaborse	PROPN	_	1	1.000	form_absent
Portati	portare	VERB	Gender=Masc|Number=Plur|Tense=Past|VerbForm=Part	1	1.000	form_absent
Portiamo	portare	VERB	Mood=Ind|Number=Plur|Person=1|Tense=Pres|VerbForm=Fin	1	1.000	form_absent
Portoghese	Portoghese	PROPN	_	1	1.000	form_absent
Portone	Portone	PROPN	_	1	1.000	form_absent
Portoricani	Portoricani	PROPN	_	1	1.000	form_absent
Portuguesa	Portuguesa	PROPN	_	1	1.000	form_absent
Posadas	Posadas	PROPN	_	1	1.000	form_absent
Poseidon	Poseidon	PROPN	_	1	1.000	form_absent
Possibile	possibile	ADJ	Number=Sing	1	1.000	form_absent
Posto	porre	VERB	Gender=Masc|Number=Sing|Tense=Past|VerbForm=Part	1	1.000	form_absent
Potente	potente	ADJ	Number=Sing	1	1.000	form_absent
Poteva	potere	AUX	Mood=Ind|Number=Sing|Person=3|Tense=Imp|VerbForm=Fin	1	1.000	form_absent
Potranno	potere	AUX	Mood=Ind|Number=Plur|Person=3|Tense=Fut|VerbForm=Fin	1	1.000	form_absent
Potrebbe	potere	AUX	Mood=Cnd|Number=Sing|Person=3|Tense=Pres|VerbForm=Fin	1	1.000	form_absent
Potremo	potere	AUX	Mood=Ind|Number=Plur|Person=1|Tense=Fut|VerbForm=Fin	1	1.000	form_absent
Povera	povero	ADJ	Gender=Fem|Number=Sing	1	1.000	form_absent
Poverelle	Poverelle	PROPN	_	1	1.000	form_absent
Powers	Powers	PROPN	_	1	1.000	form_absent
Ppk	Ppk	PROPN	_	1	1.000	form_absent
Prado	Prado	PROPN	_	1	1.000	form_absent
Praire	Praire	PROPN	_	1	1.000	form_absent
Prater	Prater	PROPN	_	1	1.000	form_absent
Pratici	pratico	ADJ	Gender=Masc|Number=Plur	1	1.000	form_absent
Pratt	Pratt	PROPN	_	1	1.000	form_absent
Pratzen	Pratzen	PROPN	_	1	1.000	form_absent
Preambolo	preambolo	NOUN	Gender=Masc|Number=Sing	1	1.000	form_absent
Precisa	precisare	ADJ	Gender=Fem|Number=Sing	1	1.000	form_absent
Prefettura	Prefettura	PROPN	_	1	1.000	form_absent
Prelazione	prelazione	NOUN	Gender=Fem|Number=Sing	1	1.000	form_absent
Preli	Preli	PROPN	_	1	1.000	form_absent
Premium	Premium	PROPN	_	1	1.000	form_absent
Prende	prendere	VERB	Mood=Ind|Number=Sing|Person=3|Tense=Pres|VerbForm=Fin	1	1.000	form_absent
Prendi	prendere	VERB	Mood=Imp|Number=Sing|Person=2|Tense=Pres|VerbForm=Fin	1	1.000	form_absent
Prendiamo	prendere	VERB	Mood=Ind|Number=Plur|Person=1|Tense=Pres|VerbForm=Fin	1	1.000	form_absent
Prenditi	prendere	VERB	Mood=Imp|Number=Sing|Person=2|Tense=Pres|VerbForm=Fin	1	1.000	form_absent
Prenestina	Prenestina	PROPN	_	1	1.000	form_absent
Prenoticket	Prenoticket	PROPN	_	1	1.000	form_absent
Prep	Prep	PROPN	_	1	1.000	form_absent
Preraffaelliti	Preraffaelliti	PROPN	_	1	1.000	form_absent
Presburgo	Presburgo	PROPN	_	1	1.000	form_absent
Prescrizione	prescrizione	NOUN	Gender=Fem|Number=Sing	1	1.000	form_absent
Presentava	presentare	VERB	Mood=Ind|Number=Sing|Person=3|Tense=Imp|VerbForm=Fin	1	1.000	form_absent
Presenteremo	presentare	VERB	Mood=Ind|Number=Plur|Person=1|Tense=Fut|VerbForm=Fin	1	1.000	form_absent
Presentimenti	presentimento	NOUN	Gender=Masc|Number=Plur	1	1.000	form_absent
Presidenti	presidente	NOUN	Gender=Masc|Number=Plur	1	0.250	form_absent
Presidenza	presidenza	NOUN	Gender=Fem|Number=Sing	1	1.000	form_absent
Presiede	presiedere	VERB	Mood=Ind|Number=Sing|Person=3|Tense=Pres|VerbForm=Fin	1	1.000	form_absent
Presse	Presse	PROPN	_	1	1.000	form_absent
Prestazioni	prestazione	NOUN	Gender=Fem|Number=Plur	1	1.000	form_absent
Prestiti	Prestiti	PROPN	_	1	1.000	form_absent
Prezzi	prezzo	NOUN	Gender=Masc|Number=Plur	1	1.000	form_absent
Pribilof	Pribilof	PROPN	_	1	1.000	form_absent
Pricewaterhousecoopers	Pricewaterhousecoopers	PROPN	_	1	1.000	form_absent
Primati	primato	NOUN	Gender=Masc|Number=Plur	1	1.000	form_absent
Primus	Primus	PROPN	_	1	1.000	form_absent
Princes	Princes	PROPN	_	1	1.000	form_absent
Principale	principale	ADJ	Number=Sing	1	1.000	form_absent
Principali	Principali	PROPN	_	1	1.000	form_absent
Principi	principio	NOUN	Gender=Masc|Number=Plur	1	1.000	form_absent
Prinotti	Prinotti	PROPN	_	1	1.000	form_absent
Printer	Printer	PROPN	_	1	1.000	form_absent
Prisco	Prisco	PROPN	_	1	1.000	form_absent
Probabilmente	probabilmente	ADV	_	1	1.000	form_absent
Procollagen	Procollagen	PROPN	_	1	1.000	form_absent
Prodecca	Prodecca	PROPN	_	1	1.000	form_absent
Prodotto	prodotto	NOUN	Gender=Masc|Number=Sing	1	1.000	form_absent
Professor	professore	NOUN	Gender=Masc|Number=Sing	1	1.000	form_absent
Programma	Programma	NOUN	Gender=Masc|Number=Sing	1	0.500	form_absent
Programma	programma	NOUN	Gender=Masc|Number=Sing	1	0.500	form_absent
Programmi	programma	NOUN	Gender=Masc|Number=Plur	1	1.000	form_absent
Promulga	promulgare	VERB	Mood=Ind|Number=Sing|Person=3|Tense=Pres|VerbForm=Fin	1	1.000	form_absent
Promuove	promuovere	VERB	Mood=Ind|Number=Sing|Person=3|Tense=Pres|VerbForm=Fin	1	1.000	form_absent
Promuovendo	promuovere	VERB	VerbForm=Ger	1	1.000	form_absent
Promuovi	promuovere	VERB	Mood=Imp|Number=Sing|Person=2|Tense=Pres|VerbForm=Fin	1	1.000	form_absent
Proroghe	proroga	NOUN	Gender=Fem|Number=Plur	1	1.000	form_absent
Prossedi	Prossedi	PROPN	_	1	1.000	form_absent
Protagonisti	protagonista	NOUN	Gender=Masc|Number=Plur	1	1.000	form_absent
Protection	protection	NOUN	_	1	1.000	form_absent
Protective	protective	X	Foreign=Yes	1	1.000	form_absent
Protegge	proteggere	VERB	Mood=Ind|Number=Sing|Person=3|Tense=Pres|VerbForm=Fin	1	1.000	form_absent
Proteggiamo	proteggere	VERB	Mood=Ind|Number=Plur|Person=1|Tense=Pres|VerbForm=Fin	1	1.000	form_absent
Protestante	Protestante	PROPN	_	1	1.000	form_absent
Proteste	protesta	NOUN	Gender=Fem|Number=Plur	1	1.000	form_absent
Protezione	Protezione	PROPN	_	1	0.250	form_absent
Protezione	protezione	NOUN	Gender=Fem|Number=Sing	1	0.250	form_absent
Protocollo	protocollo	NOUN	Gender=Masc|Number=Sing	1	1.000	form_absent
Prove	prova	NOUN	Gender=Fem|Number=Plur	1	1.000	form_absent
Psicologia	psicologia	NOUN	Gender=Fem|Number=Sing	1	1.000	form_absent
Psv	Psv	PROPN	_	1	1.000	form_absent
Pubblica	pubblica	ADJ	Gender=Fem|Number=Sing	1	0.250	form_absent
Pubblicati	pubblicare	VERB	Gender=Masc|Number=Plur|Tense=Past|VerbForm=Part	1	1.000	form_absent
Pubblicazione	pubblicazione	NOUN	Gender=Fem|Number=Sing	1	1.000	form_absent
Puente	Puente	PROPN	_	1	1.000	form_absent
Puljic	Puljic	PROPN	_	1	1.000	form_absent
Purdue	Purdue	PROPN	_	1	1.000	form_absent
Pure	pure	ADV	_	1	1.000	form_absent
Purussaurus	Purussaurus	PROPN	_	1	1.000	form_absent
Pushing	Pushing	PROPN	_	1	1.000	form_absent
Pyongyang	Pyongyang	PROPN	_	1	1.000	form_absent
På	På	PROPN	_	1	1.000	form_absent
Q	Q	PROPN	_	1	1.000	form_absent
Qe	Qe	PROPN	_	1	1.000	form_absent
Quadrate	quadrato	ADJ	Gender=Fem|Number=Plur	1	1.000	form_absent
Quadri	quadro	NOUN	Gender=Masc|Number=Plur	1	1.000	form_absent
Qualcosa	qualcosa	PRON	Number=Sing|PronType=Ind	1	1.000	form_absent
Qualsiasi	qualsiasi	DET	Number=Sing|PronType=Ind	1	1.000	form_absent
Qualunque	qualunque	PRON	Number=Sing|PronType=Ind	1	0.500	form_absent
Qualunque	qualunque	DET	Number=Sing|PronType=Ind	1	0.500	form_absent
Quanta	Quanta	PRON	Gender=Fem|Number=Sing|PronType=Int	1	0.250	form_absent
Quantunque	quantunque	SCONJ	_	1	1.000	form_absent
Quarnero	Quarnero	PROPN	_	1	1.000	form_absent
Quarry	Quarry	PROPN	_	1	1.000	form_absent
Quarta	quarto	ADJ	Gender=Fem|NumType=Ord|Number=Sing	1	1.000	form_absent
Quattrocento	quattrocento	NOUN	Gender=Masc	1	1.000	form_absent
Que	Que	PROPN	_	1	1.000	form_absent
Queen	Queen	PROPN	_	1	1.000	form_absent
Quegli	quegli	PRON	Gender=Masc|Number=Sing|Person=3|PronType=Prs	1	0.333	form_absent
Queiros	Queiros	PROPN	_	1	1.000	form_absent
Quel	quello	PRON	Gender=Masc|Number=Sing|PronType=Dem	1	0.143	form_absent
Quella	quello	PRON	Gender=Fem|Number=Sing|PronType=Dem	1	0.500	form_absent
Quella	quello	DET	Gender=Fem|Number=Sing|PronType=Dem	1	0.500	form_absent
Quelle	quello	DET	Gender=Fem|Number=Plur|PronType=Dem	1	0.333	form_absent
Quentin	Quentin	PROPN	_	1	1.000	form_absent
Quesnay	Quesnay	PROPN	_	1	1.000	form_absent
Quincy	Quincy	PROPN	_	1	1.000	form_absent
Quindici	quindici	NUM	NumType=Card	1	1.000	form_absent
Quineys	Quineys	PROPN	_	1	1.000	form_absent
R	R	PROPN	_	1	1.000	form_absent
R&B	R&b	PROPN	_	1	1.000	form_absent
R.E.M	R.E.M	PROPN	_	1	1.000	form_absent
RAEE	RAEE	PROPN	_	1	1.000	form_absent
RAI	RAI	PROPN	_	1	1.000	form_absent
Rab	Rab	PROPN	_	1	1.000	form_absent
Rabbani	Rabbani	PROPN	_	1	1.000	form_absent
Rabbit	Rabbit	PROPN	_	1	1.000	form_absent
Racconta	raccontare	VERB	Mood=Ind|Number=Sing|Person=3|Tense=Pres|VerbForm=Fin	1	1.000	form_absent
Racconti	Racconti	NOUN	Gender=Masc|Number=Plur	1	1.000	form_absent
Rachel	Rachel	PROPN	_	1	1.000	form_absent
Radar	radar	NOUN	Gender=Masc	1	1.000	form_absent
Radini	Radini	PROPN	_	1	1.000	form_absent
Radiotelevisione	Radiotelevisione	NOUN	Gender=Fem|Number=Sing	1	1.000	form_absent
Radivoje	Radivoje	PROPN	_	1	1.000	form_absent
Radovan	Radovan	PROPN	_	1	1.000	form_absent
Raffermissant	Raffermissant	PROPN	_	1	1.000	form_absent
Raggiunto	raggiungere	VERB	Gender=Masc|Number=Sing|Tense=Past|VerbForm=Part	1	1.000	form_absent
Ragion	ragione	NOUN	Gender=Fem|Number=Sing	1	1.000	form_absent
Ragione	ragione	NOUN	Gender=Fem|Number=Sing	1	1.000	form_absent
Rahme	Rahme	PROPN	_	1	1.000	form_absent
Raiders	Raiders	PROPN	_	1	1.000	form_absent
Railway	Railway	PROPN	_	1	1.000	form_absent
Rajasthan	Rajasthan	PROPN	_	1	1.000	form_absent
Ramaglia	Ramaglia	PROPN	_	1	1.000	form_absent
Ramallah	Ramallah	PROPN	_	1	1.000	form_absent
Ramiz	Ramiz	PROPN	_	1	1.000	form_absent
Rampi	Rampi	PROPN	_	1	1.000	form_absent
Randy	Randy	PROPN	_	1	1.000	form_absent
Raniero	Raniero	PROPN	_	1	1.000	form_absent
Ransmayr	Ransmayr	PROPN	_	1	1.000	form_absent
Raoul	Raoul	PROPN	_	1	1.000	form_absent
Raphael	Raphael	PROPN	_	1	1.000	form_absent
Rappresentano	rappresentare	VERB	Mood=Ind|Number=Plur|Person=3|Tense=Pres|VerbForm=Fin	1	1.000	form_absent
Rascal	Rascal	PROPN	_	1	1.000	form_absent
Raspail	Raspail	PROPN	_	1	1.000	form_absent
Rassoda	rassodare	VERB	Mood=Imp|Number=Sing|Person=2|Tense=Pres|VerbForm=Fin	1	1.000	form_absent
Rassodante	rassodare	VERB	Number=Sing|Tense=Pres|VerbForm=Part	1	1.000	form_absent
Rassodex	Rassodex	PROPN	_	1	1.000	form_absent
Ratti	Ratti	PROPN	_	1	1.000	form_absent
Ravel	Ravel	PROPN	_	1	1.000	form_absent
Ravima	Ravima	PROPN	_	1	1.000	form_absent
Rawlings	Rawlings	PROPN	_	1	1.000	form_absent
Raymund	Raymund	PROPN	_	1	1.000	form_absent
Read	Read	PROPN	_	1	1.000	form_absent
Rebecca	Rebecca	PROPN	_	1	1.000	form_absent
Recentissima	recente	ADJ	Degree=Abs|Gender=Fem|Number=Sing	1	1.000	form_absent
Recisione	recisione	NOUN	Gender=Fem|Number=Sing	1	1.000	form_absent
Recognition	Recognition	PROPN	_	1	1.000	form_absent
Reconstructor	Reconstructor	PROPN	_	1	1.000	form_absent
Reda	Reda	PROPN	_	1	1.000	form_absent
Redeker	Redeker	PROPN	_	1	1.000	form_absent
Redgrave	Redgrave	PROPN	_	1	1.000	form_absent
Redon	Redon	PROPN	_	1	1.000	form_absent
Reduce	reduce	NOUN	Number=Sing	1	1.000	form_absent
Reese	Reese	PROPN	_	1	1.000	form_absent
Ref	Ref	PROPN	_	1	1.000	form_absent
Referendum	referendum	NOUN	Gender=Masc	1	1.000	form_absent
Reflection	reflection	NOUN	Number=Sing	1	1.000	form_absent
Regala	regalare	VERB	Mood=Imp|Number=Sing|Person=2|Tense=Pres|VerbForm=Fin	1	1.000	form_absent
Regency	Regency	PROPN	_	1	1.000	form_absent
Regge	reggere	VERB	Mood=Ind|Number=Sing|Person=3|Tense=Pres|VerbForm=Fin	1	1.000	form_absent
Reggia	Reggia	PROPN	_	1	1.000	form_absent
Reggimento	Reggimento	NOUN	Gender=Masc|Number=Sing	1	1.000	form_absent
Reggiseno	reggiseno	NOUN	Gender=Masc|Number=Sing	1	1.000	form_absent
Regime	regime	NOUN	Gender=Masc|Number=Sing	1	1.000	form_absent
Regionali	regionale	ADJ	Number=Plur	1	1.000	form_absent
Regista	regista	NOUN	Gender=Masc|Number=Sing	1	1.000	form_absent
Regole	regola	NOUN	Gender=Fem|Number=Plur	1	1.000	form_absent
Reinhardt	Reinhardt	PROPN	_	1	1.000	form_absent
Related	Related	PROPN	_	1	1.000	form_absent
Relazione	relazione	NOUN	Gender=Fem|Number=Sing	1	1.000	form_absent
Renaissance	Renaissance	PROPN	_	1	1.000	form_absent
Renania-Palatinato	Renania-palatinato	PROPN	_	1	1.000	form_absent
Renata	Renata	PROPN	_	1	1.000	form_absent
Rendine	Rendine	PROPN	_	1	1.000	form_absent
Repubblicani	Repubblicani	PROPN	_	1	1.000	form_absent
Requena	Requena	PROPN	_	1	1.000	form_absent
Requiem	Requiem	PROPN	_	1	1.000	form_absent
Requisizione	requisizione	NOUN	Gender=Fem|Number=Sing	1	1.000	form_absent
Respira	respirare	VERB	Mood=Imp|Number=Sing|Person=2|Tense=Pres|VerbForm=Fin	1	1.000	form_absent
Respirazione	Respirazione	PROPN	_	1	1.000	form_absent
Ressel	Ressel	PROPN	_	1	1.000	form_absent
Restaurazione	Restaurazione	PROPN	_	1	1.000	form_absent
Resurrezione	resurrezione	NOUN	Gender=Fem|Number=Sing	1	1.000	form_absent
Reti	rete	NOUN	Gender=Fem|Number=Plur	1	1.000	form_absent
Reting	Reting	PROPN	_	1	1.000	form_absent
Retrospettivamente	retrospettivamente	ADV	_	1	1.000	form_absent
Reverendo	reverendo	NOUN	Gender=Masc|Number=Sing	1	1.000	form_absent
Revue	Revue	PROPN	_	1	1.000	form_absent
Rey	Rey	PROPN	_	1	1.000	form_absent
Reynolds	Reynolds	PROPN	_	1	1.000	form_absent
Rhode	Rhode	PROPN	_	1	1.000	form_absent
Rica	Rica	PROPN	_	1	1.000	form_absent
Ricavammo	ricavare	VERB	Mood=Ind|Number=Plur|Person=1|Tense=Past|VerbForm=Fin	1	1.000	form_absent
Ricciotti	Ricciotti	PROPN	_	1	1.000	form_absent
Ricerche	ricerche	NOUN	Gender=Fem|Number=Plur	1	0.125	form_absent
Ricevi	ricevere	VERB	Mood=Ind|Number=Sing|Person=2|Tense=Pres|VerbForm=Fin	1	1.000	form_absent
Richards	Richards	PROPN	_	1	1.000	form_absent
Richie	Richie	PROPN	_	1	1.000	form_absent
Riconosce	riconoscere	VERB	Mood=Ind|Number=Sing|Person=3|Tense=Pres|VerbForm=Fin	1	1.000	form_absent
Ricorda	ricordare	VERB	Mood=Ind|Number=Sing|Person=3|Tense=Pres|VerbForm=Fin	1	1.000	form_absent
Ricordando	ricordare	VERB	VerbForm=Ger	1	1.000	form_absent
Ricordiamoci	Ricordiamoci	VERB	Mood=Ind|Number=Plur|Person=1|Tense=Pres|VerbForm=Fin	1	1.000	form_absent
Ricostituente	Ricostituente	PROPN	_	1	1.000	form_absent
Ride	Ride	NOUN	Number=Sing	1	1.000	form_absent
Ridley	Ridley	PROPN	_	1	1.000	form_absent
Riduci	ridurre	VERB	Mood=Imp|Number=Sing|Person=2|Tense=Pres|VerbForm=Fin	1	1.000	form_absent
Riefoli	Riefoli	PROPN	_	1	1.000	form_absent
Riesplode	riesplodere	VERB	Mood=Ind|Number=Sing|Person=3|Tense=Pres|VerbForm=Fin	1	1.000	form_absent
Riferisce	riferire	VERB	Mood=Ind|Number=Sing|Person=3|Tense=Pres|VerbForm=Fin	1	1.000	form_absent
Rifiuto	rifiuto	NOUN	Gender=Masc|Number=Sing	1	1.000	form_absent
Rifondazione	rifondazione	NOUN	Gender=Fem|Number=Sing	1	0.200	form_absent
Rilevata	rilevare	VERB	Gender=Fem|Number=Sing|Tense=Past|VerbForm=Part	1	1.000	form_absent
Rimanendo	rimanere	VERB	VerbForm=Ger	1	1.000	form_absent
Rimangono	rimanere	VERB	Mood=Ind|Number=Plur|Person=3|Tense=Pres|VerbForm=Fin	1	1.000	form_absent
Rimasi	rimanere	VERB	Mood=Ind|Number=Sing|Person=1|Tense=Past|VerbForm=Fin	1	1.000	form_absent
Rimasta	rimanere	VERB	Gender=Fem|Number=Sing|Tense=Past|VerbForm=Part	1	1.000	form_absent
Rimetto	rimettere	VERB	Mood=Ind|Number=Sing|Person=1|Tense=Pres|VerbForm=Fin	1	1.000	form_absent
Rimodellava	rimodellare	VERB	Mood=Ind|Number=Sing|Person=3|Tense=Imp|VerbForm=Fin	1	1.000	form_absent
Rimozione	rimozione	NOUN	Gender=Fem|Number=Sing	1	1.000	form_absent
Rimpiazza	rimpiazzare	VERB	Mood=Ind|Number=Sing|Person=3|Tense=Pres|VerbForm=Fin	1	1.000	form_absent
Rimproverati	rimproverare	VERB	Gender=Masc|Number=Plur|Tense=Past|VerbForm=Part	1	1.000	form_absent
Rinforzata	rinforzare	VERB	Gender=Fem|Number=Sing|Tense=Past|VerbForm=Part	1	1.000	form_absent
Ringraziamento	Ringraziamento	PROPN	_	1	1.000	form_absent
Riorganizzare	riorganizzare	VERB	VerbForm=Inf	1	1.000	form_absent
Ripariamo	riparare	VERB	Mood=Ind|Number=Plur|Person=1|Tense=Pres|VerbForm=Fin	1	1.000	form_absent
Ripeto	ripetere	VERB	Mood=Ind|Number=Sing|Person=1|Tense=Pres|VerbForm=Fin	1	1.000	form_absent
Ripresa	ripresa	NOUN	Gender=Fem|Number=Sing	1	1.000	form_absent
Riscaldante	riscaldante	ADJ	Number=Sing	1	1.000	form_absent
Rischi	rischi	NOUN	Gender=Masc|Number=Plur	1	0.500	form_absent
Rischi	rischio	NOUN	Gender=Masc|Number=Plur	1	0.500	form_absent
Riscossione	riscossione	NOUN	Gender=Fem|Number=Sing	1	1.000	form_absent
Rising	Rising	X	Foreign=Yes	1	1.000	form_absent
Risolve	risolvere	VERB	Mood=Ind|Number=Sing|Person=3|Tense=Pres|VerbForm=Fin	1	1.000	form_absent
Risolvi	risolvere	VERB	Mood=Imp|Number=Sing|Person=2|Tense=Pres|VerbForm=Fin	1	1.000	form_absent
Rispetto	rispetto	ADV	ExtPos=ADP	1	0.250	form_absent
Rispolverando	rispolverare	VERB	VerbForm=Ger	1	1.000	form_absent
Risponde	rispondere	VERB	Mood=Ind|Number=Sing|Person=3|Tense=Pres|VerbForm=Fin	1	1.000	form_absent
Rispose	rispondere	VERB	Mood=Ind|Number=Sing|Person=3|Tense=Past|VerbForm=Fin	1	1.000	form_absent
Ristoranti	ristorante	NOUN	Gender=Masc|Number=Plur	1	1.000	form_absent
Ritenevo	ritenere	VERB	Mood=Ind|Number=Sing|Person=1|Tense=Imp|VerbForm=Fin	1	1.000	form_absent
Ritenzione	ritenzione	NOUN	Gender=Fem|Number=Sing	1	1.000	form_absent
Riti	Riti	PROPN	_	1	1.000	form_absent
Ritorno	ritorno	NOUN	Gender=Masc|Number=Sing	1	1.000	form_absent
Ritrovati	ritrovare	VERB	Gender=Masc|Number=Plur|Tense=Past|VerbForm=Part	1	1.000	form_absent
Ritrovato	ritrovare	VERB	Gender=Masc|Number=Sing|Tense=Past|VerbForm=Part	1	1.000	form_absent
Riuniamo	riunire	VERB	Mood=Ind|Number=Plur|Person=1|Tense=Pres|VerbForm=Fin	1	1.000	form_absent
Riuniti	riunire	VERB	Gender=Masc|Number=Plur|Tense=Past|VerbForm=Part	1	1.000	form_absent
Rivas	Rivas	PROPN	_	1	1.000	form_absent
Rivelar	rivelare	VERB	VerbForm=Inf	1	1.000	form_absent
River	River	PROPN	_	1	1.000	form_absent
Riviere	Riviere	PROPN	_	1	1.000	form_absent
Rivlin	Rivlin	PROPN	_	1	1.000	form_absent
Rivoli	Rivoli	PROPN	_	1	1.000	form_absent
Rizal	Rizal	PROPN	_	1	1.000	form_absent
Rizzolli	Rizzolli	PROPN	_	1	1.000	form_absent
Robbins	Robbins	PROPN	_	1	1.000	form_absent
Roc	Roc	PROPN	_	1	1.000	form_absent
Rocha	Rocha	PROPN	_	1	1.000	form_absent
Rocket	Rocket	PROPN	_	1	1.000	form_absent
Rocky	Rocky	PROPN	_	1	1.000	form_absent
Rodano	Rodano	PROPN	_	1	1.000	form_absent
Rodham	Rodham	PROPN	_	1	1.000	form_absent
Rodriguez	Rodriguez	PROPN	_	1	1.000	form_absent
Roe	Roe	PROPN	_	1	1.000	form_absent
Rolf	Rolf	PROPN	_	1	1.000	form_absent
Roll	Roll	PROPN	_	1	1.000	form_absent
Romantici	Romantici	PROPN	_	1	1.000	form_absent
Romualdo	Romualdo	PROPN	_	1	1.000	form_absent
Roncrìo	Roncrìo	PROPN	_	1	1.000	form_absent
Rondi	Rondi	PROPN	_	1	1.000	form_absent
Roof	Roof	NOUN	Number=Sing	1	1.000	form_absent
Rooney	Rooney	PROPN	_	1	1.000	form_absent
Rosenberg	Rosenberg	PROPN	_	1	1.000	form_absent
Rosolino	Rosolino	PROPN	_	1	1.000	form_absent
Rossner	Rossner	PROPN	_	1	1.000	form_absent
Roteando	roteare	VERB	VerbForm=Ger	1	1.000	form_absent
Rovina	rovina	NOUN	Gender=Fem|Number=Sing	1	1.000	form_absent
Ruben	Ruben	PROPN	_	1	1.000	form_absent
Rubens	Rubens	PROPN	_	1	1.000	form_absent
Rublyova	Rublyova	PROPN	_	1	1.000	form_absent
Rubra	Rubra	PROPN	_	1	1.000	form_absent
Rudiger	Rudiger	PROPN	_	1	1.000	form_absent
Rue	Rue	PROPN	_	1	0.500	form_absent
Rue	rue	NOUN	Gender=Fem|Number=Sing	1	0.500	form_absent
Rumore	Rumore	PROPN	_	1	1.000	form_absent
Russelville	Russelville	PROPN	_	1	1.000	form_absent
Rusty	Rusty	PROPN	_	1	1.000	form_absent
Rutheford	Rutheford	PROPN	_	1	1.000	form_absent
Rutshuru	Rutshuru	PROPN	_	1	1.000	form_absent
Ruutel	Ruutel	PROPN	_	1	1.000	form_absent
Ryder	Ryder	PROPN	_	1	1.000	form_absent
S.A.	S.A.	PROPN	_	1	1.000	form_absent
S.O.S.	s.o.s.	NOUN	Gender=Masc|Number=Sing	1	1.000	form_absent
SALISBURGO	Salisburgo	PROPN	_	1	1.000	form_absent
SCPC	SCPC	PROPN	_	1	1.000	form_absent
SECONDO	secondo	ADJ	Gender=Masc|NumType=Ord|Number=Sing	1	1.000	form_absent
SFIDE	sfida	NOUN	Gender=Fem|Number=Plur	1	1.000	form_absent
SHADOZ	SHADOZ	PROPN	_	1	1.000	form_absent
SIGRI	SIGRI	PROPN	_	1	1.000	form_absent
SIRIO	SIRIO	PROPN	_	1	1.000	form_absent
SMH	Smh	PROPN	_	1	1.000	form_absent
SOS	SOS	PROPN	_	1	1.000	form_absent
SQ	Sq	PROPN	_	1	1.000	form_absent
SUN	Sun	PROPN	_	1	1.000	form_absent
SVO	SVO	PROPN	_	1	1.000	form_absent
Sa	sapere	VERB	Mood=Ind|Number=Sing|Person=3|Tense=Pres|VerbForm=Fin	1	1.000	form_absent
Saarland	Saarland	PROPN	_	1	1.000	form_absent
Sabato	Sabato	NOUN	Gender=Masc|Number=Sing	1	0.250	form_absent
Sabena	Sabena	PROPN	_	1	1.000	form_absent
Sabine	Sabine	PROPN	_	1	1.000	form_absent
Sacco	Sacco	PROPN	_	1	1.000	form_absent
Sace	Sace	PROPN	_	1	1.000	form_absent
Sacharov	Sacharov	PROPN	_	1	1.000	form_absent
Saché	Saché	PROPN	_	1	1.000	form_absent
Sacra	sacro	ADJ	Gender=Fem|Number=Sing	1	1.000	form_absent
Sacro	sacro	ADJ	Gender=Masc|Number=Sing	1	1.000	form_absent
Sadat	Sadat	PROPN	_	1	1.000	form_absent
Saette	saetta	NOUN	Gender=Fem|Number=Plur	1	1.000	form_absent
Safe	Safe	PROPN	_	1	1.000	form_absent
Sai	sapere	VERB	Mood=Ind|Number=Sing|Person=2|Tense=Pres|VerbForm=Fin	1	1.000	form_absent
Saikyō	Saikyō	PROPN	_	1	1.000	form_absent
Saillant	Saillant	PROPN	_	1	1.000	form_absent
Saint-Michel	Saint-michel	PROPN	_	1	1.000	form_absent
Sainte-Mere-Eglise	Sainte-mere-eglise	PROPN	_	1	1.000	form_absent
Salame	Salame	PROPN	_	1	1.000	form_absent
Sale	salire	VERB	Mood=Ind|Number=Sing|Person=3|Tense=Pres|VerbForm=Fin	1	1.000	form_absent
Salgari	Salgari	PROPN	_	1	1.000	form_absent
Salgueiro	Salgueiro	PROPN	_	1	1.000	form_absent
Sallambier	Sallambier	PROPN	_	1	1.000	form_absent
Sallustri	Sallustri	PROPN	_	1	1.000	form_absent
Salone	Salone	PROPN	_	1	0.333	form_absent
Saloons	Saloons	PROPN	_	1	1.000	form_absent
Saltavo	saltare	VERB	Mood=Ind|Number=Sing|Person=1|Tense=Imp|VerbForm=Fin	1	1.000	form_absent
Salton	Salton	PROPN	_	1	1.000	form_absent
Saltusio	Saltusio	PROPN	_	1	1.000	form_absent
Saluti	Saluti	NOUN	Gender=Masc|Number=Plur	1	1.000	form_absent
Salva	salvo	ADJ	Gender=Fem|Number=Sing	1	1.000	form_absent
Salvaguardia	Salvaguardia	PROPN	_	1	1.000	form_absent
Salvataggio	salvataggio	NOUN	Gender=Masc|Number=Sing	1	1.000	form_absent
Salve	salvo	ADJ	Gender=Fem|Number=Plur	1	1.000	form_absent
Samaranch	Samaranch	PROPN	_	1	1.000	form_absent
Samira	Samira	PROPN	_	1	1.000	form_absent
Samora	Samora	PROPN	_	1	1.000	form_absent
Samuelson	Samuelson	PROPN	_	1	1.000	form_absent
Sanctis	Sanctis	PROPN	_	1	1.000	form_absent
Sandeau	Sandeau	PROPN	_	1	1.000	form_absent
Sandir	Sandir	PROPN	_	1	1.000	form_absent
Sangue	sangue	NOUN	Gender=Masc|Number=Sing	1	1.000	form_absent
Sangulao	Sangulao	PROPN	_	1	1.000	form_absent
Sanpietrano	Sanpietrano	PROPN	_	1	1.000	form_absent
Sant'	Sant'	ADJ	Number=Sing	1	0.100	form_absent
Santi	Santi	PROPN	_	1	1.000	form_absent
Santibanez	Santibanez	PROPN	_	1	1.000	form_absent
Santovito	Santovito	PROPN	_	1	1.000	form_absent
Santuario	santuario	NOUN	Gender=Masc|Number=Sing	1	1.000	form_absent
Sanzione	sanzione	NOUN	Gender=Fem|Number=Sing	1	1.000	form_absent
Sapeste	sapere	VERB	Mood=Sub|Number=Plur|Person=2|Tense=Imp|VerbForm=Fin	1	1.000	form_absent
Sapete	Sapete	VERB	Mood=Ind|Number=Plur|Person=2|Tense=Pres|VerbForm=Fin	1	1.000	form_absent
Sapevo	sapere	VERB	Mood=Ind|Number=Sing|Person=1|Tense=Imp|VerbForm=Fin	1	1.000	form_absent
Sappiamo	Sappiamo	VERB	Mood=Ind|Number=Plur|Person=1|Tense=Pres|VerbForm=Fin	1	0.333	form_absent
Saramago	Saramago	PROPN	_	1	1.000	form_absent
Sari	Sari	PROPN	_	1	1.000	form_absent
Sarid	Sarid	PROPN	_	1	1.000	form_absent
Saronno	Saronno	PROPN	_	1	1.000	form_absent
Sarrasine	Sarrasine	PROPN	_	1	1.000	form_absent
Sarà	essere	VERB	Mood=Ind|Number=Sing|Person=3|Tense=Fut|VerbForm=Fin	1	0.167	form_absent
Sarò	essere	AUX	Mood=Ind|Number=Sing|Person=1|Tense=Fut|VerbForm=Fin	1	1.000	form_absent
Saseno	Saseno	PROPN	_	1	1.000	form_absent
Satchel	Satchel	PROPN	_	1	1.000	form_absent
Satellite	satellite	NOUN	Number=Sing	1	1.000	form_absent
Satschan	Satschan	PROPN	_	1	1.000	form_absent
Saturno	Saturno	PROPN	_	1	1.000	form_absent
Saxa	Saxa	PROPN	_	1	1.000	form_absent
Sayaf	Sayaf	PROPN	_	1	1.000	form_absent
Sbandiera	sbandierare	VERB	Mood=Ind|Number=Sing|Person=3|Tense=Pres|VerbForm=Fin	1	1.000	form_absent
Sbarcare	sbarcare	VERB	VerbForm=Inf	1	1.000	form_absent
Sbriciola	sbriciolare	VERB	Mood=Ind|Number=Sing|Person=3|Tense=Pres|VerbForm=Fin	1	1.000	form_absent
Sbucciamo	sbucciare	VERB	Mood=Ind|Number=Plur|Person=1|Tense=Pres|VerbForm=Fin	1	1.000	form_absent
Scaccia	scacciare	VERB	Mood=Imp|Number=Sing|Person=2|Tense=Pres|VerbForm=Fin	1	1.000	form_absent
Scaglia	Scaglia	PROPN	_	1	1.000	form_absent
Scambi	scambio	NOUN	Gender=Masc|Number=Plur	1	1.000	form_absent
Scandinavia	Scandinavia	PROPN	_	1	1.000	form_absent
Scanno	Scanno	PROPN	_	1	1.000	form_absent
Scappano	scappare	VERB	Mood=Ind|Number=Plur|Person=3|Tense=Pres|VerbForm=Fin	1	1.000	form_absent
Scappavano	scappare	VERB	Mood=Ind|Number=Plur|Person=3|Tense=Imp|VerbForm=Fin	1	1.000	form_absent
Scarlett	Scarlett	PROPN	_	1	1.000	form_absent
Scarsa	scarso	ADJ	Gender=Fem|Number=Sing	1	1.000	form_absent
Scegliamo	scegliere	VERB	Mood=Ind|Number=Plur|Person=1|Tense=Pres|VerbForm=Fin	1	1.000	form_absent
Scegliendo	scegliere	VERB	VerbForm=Ger	1	1.000	form_absent
Scelta	scelta	NOUN	Gender=Fem|Number=Sing	1	1.000	form_absent
Scene	Scene	PROPN	_	1	1.000	form_absent
Schadenfreude	Schadenfreude	PROPN	_	1	1.000	form_absent
Scharping	Scharping	PROPN	_	1	1.000	form_absent
Schegge	Schegge	PROPN	_	1	0.500	form_absent
Schegge	scheggia	NOUN	Gender=Fem|Number=Plur	1	0.500	form_absent
Scheitstock	Scheitstock	PROPN	_	1	1.000	form_absent
Schennikov	Schennikov	PROPN	_	1	1.000	form_absent
Schiamone	Schiamone	PROPN	_	1	1.000	form_absent
Schweitzer	Schweitzer	PROPN	_	1	1.000	form_absent
Sciami	sciame	NOUN	Gender=Masc|Number=Plur	1	1.000	form_absent
Science	Science	PROPN	_	1	1.000	form_absent
Scientifica	scientifica	ADJ	Gender=Fem|Number=Sing	1	1.000	form_absent
Scientists	Scientists	PROPN	_	1	1.000	form_absent
Scienze	Scienze	PROPN	_	1	1.000	form_absent
Scioglimento	scioglimento	NOUN	Gender=Masc|Number=Sing	1	1.000	form_absent
Scipione	Scipione	PROPN	_	1	1.000	form_absent
Scolastico	Scolastico	PROPN	_	1	1.000	form_absent
Scolo	scolo	NOUN	Gender=Masc|Number=Sing	1	1.000	form_absent
Scontri	scontro	NOUN	Gender=Masc|Number=Plur	1	1.000	form_absent
Scopo	scopo	NOUN	Gender=Masc|Number=Sing	1	1.000	form_absent
Scoppiata	scoppiare	VERB	Gender=Fem|Number=Sing|Tense=Past|VerbForm=Part	1	1.000	form_absent
Scopri	scoprire	VERB	Mood=Ind|Number=Sing|Person=2|Tense=Pres|VerbForm=Fin	1	0.333	form_absent
Scorte	scorta	NOUN	Gender=Fem|Number=Plur	1	1.000	form_absent
Scotland	Scotland	PROPN	_	1	1.000	form_absent
Scottsdale	Scottsdale	PROPN	_	1	1.000	form_absent
Scrisse	Scrisse	PROPN	_	1	1.000	form_absent
Scritto	scrivere	VERB	Gender=Masc|Number=Sing|Tense=Past|VerbForm=Part	1	1.000	form_absent
Scrive	scrivere	VERB	Mood=Ind|Number=Sing|Person=3|Tense=Pres|VerbForm=Fin	1	1.000	form_absent
Scroedter	Scroedter	PROPN	_	1	1.000	form_absent
Scuola	Scuola	NOUN	Gender=Fem|Number=Sing	1	0.167	form_absent
Scènes	Scènes	PROPN	_	1	1.000	form_absent
Sears	Sears	PROPN	_	1	1.000	form_absent
Sebastian	Sebastian	PROPN	_	1	1.000	form_absent
Secchia	Secchia	PROPN	_	1	1.000	form_absent
Security	security	NOUN	Number=Sing	1	1.000	form_absent
Sede	Sede	PROPN	_	1	1.000	form_absent
Sedici	sedici	NUM	NumType=Card	1	1.000	form_absent
Sefardì	Sefardì	PROPN	_	1	1.000	form_absent
Segno	segno	NOUN	Gender=Masc|Number=Sing	1	1.000	form_absent
Segolene	Segolene	PROPN	_	1	1.000	form_absent
Segretario	segretario	NOUN	Gender=Masc|Number=Sing	1	0.333	form_absent
Segreteria	Segreteria	NOUN	Gender=Fem|Number=Sing	1	1.000	form_absent
Segreti	segreto	NOUN	Gender=Masc|Number=Plur	1	1.000	form_absent
Segue	seguire	VERB	Mood=Ind|Number=Sing|Person=3|Tense=Pres|VerbForm=Fin	1	1.000	form_absent
Seguo	seguire	VERB	Mood=Ind|Number=Sing|Person=1|Tense=Pres|VerbForm=Fin	1	1.000	form_absent
Sei	essere	AUX	Mood=Ind|Number=Sing|Person=2|Tense=Pres|VerbForm=Fin	1	0.333	form_absent
Seibert	Seibert	PROPN	_	1	1.000	form_absent
Seibertenrod	Seibertenrod	PROPN	_	1	1.000	form_absent
Seicento	Seicento	PROPN	_	1	1.000	form_absent
Seiji	Seiji	PROPN	_	1	1.000	form_absent
Seinfeld	Seinfeld	PROPN	_	1	1.000	form_absent
Seins	Seins	PROPN	_	1	1.000	form_absent
Seishin	Seishin	PROPN	_	1	1.000	form_absent
Sejanus	Sejanus	PROPN	_	1	1.000	form_absent
Selby	Selby	PROPN	_	1	1.000	form_absent
Seles	Seles	PROPN	_	1	1.000	form_absent
Selvaggi	Selvaggi	PROPN	_	1	1.000	form_absent
Selvaggia	selvaggio	ADJ	Gender=Fem|Number=Sing	1	1.000	form_absent
Selvaggio	selvaggio	ADJ	Gender=Masc|Number=Sing	1	1.000	form_absent
Sembravano	sembrare	VERB	Mood=Ind|Number=Plur|Person=3|Tense=Imp|VerbForm=Fin	1	1.000	form_absent
Semplice	semplice	ADJ	Number=Sing	1	1.000	form_absent
Semplificare	semplificare	VERB	VerbForm=Inf	1	1.000	form_absent
Sempreché	sempreché	SCONJ	_	1	1.000	form_absent
Seneca	Seneca	PROPN	_	1	1.000	form_absent
Senese	Senese	PROPN	_	1	1.000	form_absent
Senigallia	Senigallia	PROPN	_	1	1.000	form_absent
Senj	Senj	PROPN	_	1	1.000	form_absent
Seno	Seno	PROPN	_	1	1.000	form_absent
Sensini	Sensini	PROPN	_	1	1.000	form_absent
Sensuosità	sensuosità	NOUN	Gender=Fem	1	1.000	form_absent
Senta	sentire	VERB	Mood=Sub|Number=Sing|Person=3|Tense=Pres|VerbForm=Fin	1	1.000	form_absent
Sentenza	sentenza	NOUN	Gender=Fem|Number=Sing	1	1.000	form_absent
Sentite	sentire	VERB	Mood=Imp|Number=Plur|Person=2|Tense=Pres|VerbForm=Fin	1	1.000	form_absent
Seoul	Seoul	PROPN	_	1	1.000	form_absent
Sepolcro	Sepolcro	PROPN	_	1	1.000	form_absent
Sepolto	seppellire	VERB	Gender=Masc|Number=Sing|Tense=Past|VerbForm=Part	1	1.000	form_absent
Septic	Septic	PROPN	_	1	1.000	form_absent
Sequestri	sequestro	NOUN	Gender=Masc|Number=Plur	1	1.000	form_absent
Serapo	Serapo	PROPN	_	1	1.000	form_absent
Serbi	Serbi	NOUN	Gender=Masc|Number=Plur	1	0.333	form_absent
Sereno	Sereno	PROPN	_	1	1.000	form_absent
Sergi	Sergi	PROPN	_	1	1.000	form_absent
Serio	Serio	PROPN	_	1	1.000	form_absent
Serralunga	Serralunga	PROPN	_	1	1.000	form_absent
Serum	Serum	PROPN	_	1	1.000	form_absent
Servendo	servire	VERB	VerbForm=Ger	1	1.000	form_absent
Servono	servire	VERB	Mood=Ind|Number=Plur|Person=3|Tense=Pres|VerbForm=Fin	1	1.000	form_absent
Sesam	Sesam	PROPN	_	1	1.000	form_absent
Sessanta	Sessanta	NUM	NumType=Card	1	0.500	form_absent
Sessanta	sessanta	NUM	NumType=Card	1	0.500	form_absent
Sesso	sesso	NOUN	Gender=Masc|Number=Sing	1	1.000	form_absent
Sestola	Sestola	PROPN	_	1	1.000	form_absent
Seta	Seta	PROPN	_	1	1.000	form_absent
Sete	Sete	PROPN	_	1	1.000	form_absent
Settant'	settanta	NUM	NumType=Card	1	1.000	form_absent
Settanta	Settanta	NUM	NumType=Card	1	0.333	form_absent
Settimana	settimana	NOUN	Gender=Fem|Number=Sing	1	1.000	form_absent
Settlements	Settlements	PROPN	_	1	1.000	form_absent
Seuss	Seuss	PROPN	_	1	1.000	form_absent
Seye	Seye	PROPN	_	1	1.000	form_absent
Seymour	Seymour	PROPN	_	1	1.000	form_absent
Sferisterio	Sferisterio	PROPN	_	1	1.000	form_absent
Shaddai	Shaddai	PROPN	_	1	1.000	form_absent
Shahak	Shahak	PROPN	_	1	1.000	form_absent
Shahal	Shahal	PROPN	_	1	1.000	form_absent
Shakespare	Shakespare	PROPN	_	1	1.000	form_absent
Shandong	Shandong	PROPN	_	1	1.000	form_absent
Shannon	Shannon	PROPN	_	1	1.000	form_absent
Shapour	Shapour	PROPN	_	1	1.000	form_absent
Shaquille	Shaquille	PROPN	_	1	1.000	form_absent
Sharma	Sharma	PROPN	_	1	1.000	form_absent
Sharpton	Sharpton	PROPN	_	1	1.000	form_absent
Shati	Shati	PROPN	_	1	1.000	form_absent
Shehaj	Shehaj	PROPN	_	1	1.000	form_absent
Sheme	Sheme	PROPN	_	1	1.000	form_absent
Sherbakova	Sherbakova	PROPN	_	1	1.000	form_absent
Sheshi	Sheshi	PROPN	_	1	1.000	form_absent
Shevchenko	Shevchenko	PROPN	_	1	1.000	form_absent
Shift	shift	NOUN	_	1	1.000	form_absent
Shikh	Shikh	PROPN	_	1	1.000	form_absent
Shiloh	Shiloh	PROPN	_	1	1.000	form_absent
Shinrikyo	Shinrikyo	PROPN	_	1	1.000	form_absent
Shiny	Shiny	X	Foreign=Yes	1	1.000	form_absent
Shinzo	Shinzo	PROPN	_	1	1.000	form_absent
Shlegel	Shlegel	PROPN	_	1	1.000	form_absent
Shoko	Shoko	PROPN	_	1	1.000	form_absent
Shoreditch	Shoreditch	PROPN	_	1	1.000	form_absent
Short	Short	X	Foreign=Yes	1	1.000	form_absent
Shostakovich	Shostakovich	PROPN	_	1	1.000	form_absent
Shui	Shui	PROPN	_	1	1.000	form_absent
Shuttle	shuttle	NOUN	Number=Sing	1	1.000	form_absent
Shylock	Shylock	PROPN	_	1	1.000	form_absent
Shōnan	Shōnan	PROPN	_	1	1.000	form_absent
Sicuramente	sicuramente	ADV	_	1	1.000	form_absent
Sidamo	Sidamo	PROPN	_	1	1.000	form_absent
Side	Side	PROPN	_	1	1.000	form_absent
Sidone	Sidone	PROPN	_	1	1.000	form_absent
Sieroterapico	Sieroterapico	PROPN	_	1	1.000	form_absent
Siete	essere	AUX	Mood=Ind|Number=Plur|Person=2|Tense=Pres|VerbForm=Fin	1	1.000	form_absent
Siffatte	siffatto	ADJ	Gender=Fem|Number=Plur	1	1.000	form_absent
Sighet	Sighet	PROPN	_	1	1.000	form_absent
Sigmund	Sigmund	PROPN	_	1	1.000	form_absent
Significa	significare	VERB	Mood=Ind|Number=Sing|Person=3|Tense=Pres|VerbForm=Fin	1	1.000	form_absent
Significative	significativo	ADJ	Gender=Fem|Number=Plur	1	1.000	form_absent
Sigourney	Sigourney	PROPN	_	1	1.000	form_absent
Silajgic	Silajgic	PROPN	_	1	1.000	form_absent
Silhouette	Silhouette	PROPN	_	1	1.000	form_absent
Silicon	Silicon	PROPN	_	1	1.000	form_absent
Silver	Silver	PROPN	_	1	1.000	form_absent
Silverstone	Silverstone	PROPN	_	1	1.000	form_absent
Simeoni	Simeoni	PROPN	_	1	1.000	form_absent
Simply	Simply	PROPN	_	1	1.000	form_absent
Sincopi	sincope	NOUN	Gender=Fem|Number=Plur	1	1.000	form_absent
Sindaco	sindaco	NOUN	Gender=Masc|Number=Sing	1	1.000	form_absent
Sinemet	Sinemet	PROPN	_	1	1.000	form_absent
Sinfonica	Sinfonica	PROPN	_	1	1.000	form_absent
Sing	Sing	PROPN	_	1	1.000	form_absent
Sinn	Sinn	PROPN	_	1	1.000	form_absent
Sios	Sios	PROPN	_	1	1.000	form_absent
Sistema	Sistema	PROPN	_	1	0.333	form_absent
Sistemazione	sistemazione	NOUN	Gender=Fem|Number=Sing	1	1.000	form_absent
Sistemi	Sistemi	PROPN	_	1	1.000	form_absent
Situato	situare	VERB	Gender=Masc|Number=Sing|Tense=Past|VerbForm=Part	1	1.000	form_absent
Sixx	Sixx	PROPN	_	1	1.000	form_absent
Skoric	Skoric	PROPN	_	1	1.000	form_absent
Sky	Sky	PROPN	_	1	1.000	form_absent
Skydancer	skydancer	NOUN	Number=Sing	1	1.000	form_absent
Slavkov	Slavkov	PROPN	_	1	1.000	form_absent
Slim-Body	Slim-body	PROPN	_	1	1.000	form_absent
Slitta	slittare	VERB	Mood=Ind|Number=Sing|Person=3|Tense=Pres|VerbForm=Fin	1	1.000	form_absent
Slobo	Slobo	PROPN	_	1	1.000	form_absent
Slot	slot	NOUN	_	1	1.000	form_absent
Slovacchia	Slovacchia	PROPN	_	1	1.000	form_absent
Smetti	smettere	VERB	Mood=Imp|Number=Sing|Person=2|Tense=Pres|VerbForm=Fin	1	1.000	form_absent
Smog	smog	NOUN	Gender=Masc	1	1.000	form_absent
Smuoviamo	smuovere	VERB	Mood=Ind|Number=Plur|Person=1|Tense=Pres|VerbForm=Fin	1	1.000	form_absent
Snitterfield	Snitterfield	PROPN	_	1	1.000	form_absent
Snow	Snow	PROPN	_	1	1.000	form_absent
Snuggles	Snuggles	PROPN	_	1	1.000	form_absent
Soccorsi	soccorso	NOUN	Gender=Masc|Number=Plur	1	1.000	form_absent
Soccorso	Soccorso	PROPN	_	1	1.000	form_absent
Sociali	sociale	ADJ	Gender=Masc|Number=Plur	1	1.000	form_absent
Socillo	Socillo	PROPN	_	1	1.000	form_absent
Socrate	Socrate	PROPN	_	1	1.000	form_absent
Soddisfazione	soddisfazione	NOUN	Gender=Fem|Number=Sing	1	1.000	form_absent
Soffermati	soffermare	VERB	Mood=Imp|Number=Sing|Person=2|Tense=Pres|VerbForm=Fin	1	1.000	form_absent
Soffiati	Soffiati	PROPN	_	1	1.000	form_absent
Sogni	sogno	NOUN	Gender=Masc|Number=Plur	1	0.333	form_absent
Sogno	sogno	NOUN	Gender=Masc|Number=Sing	1	1.000	form_absent
Solaro	Solaro	PROPN	_	1	1.000	form_absent
Solico	Solico	PROPN	_	1	1.000	form_absent
Sollevato	sollevare	VERB	Gender=Masc|Number=Sing|Tense=Past|VerbForm=Part	1	1.000	form_absent
Solow	Solow	PROPN	_	1	1.000	form_absent
Soluzione	soluzione	NOUN	Gender=Fem|Number=Sing	1	1.000	form_absent
Solzhenitsin	Solzhenitsin	PROPN	_	1	1.000	form_absent
Somewhere	Somewhere	ADV	_	1	1.000	form_absent
Somiglia	somigliare	VERB	Mood=Ind|Number=Sing|Person=3|Tense=Pres|VerbForm=Fin	1	1.000	form_absent
Sommacampagna	Sommacampagna	PROPN	_	1	1.000	form_absent
Sonetti	Sonetti	PROPN	_	1	1.000	form_absent
Sonnets	Sonnets	PROPN	_	1	1.000	form_absent
Sopravvivono	sopravvivere	VERB	Mood=Ind|Number=Plur|Person=3|Tense=Pres|VerbForm=Fin	1	1.000	form_absent
Soprintendenza	Soprintendenza	PROPN	_	1	1.000	form_absent
Sorbona	Sorbona	PROPN	_	1	1.000	form_absent
Sordo	Sordo	PROPN	_	1	1.000	form_absent
Soro	Soro	PROPN	_	1	1.000	form_absent
Sorti	Sorti	PROPN	_	1	1.000	form_absent
Sortino	Sortino	PROPN	_	1	1.000	form_absent
Sosnovy	Sosnovy	PROPN	_	1	1.000	form_absent
Sospende	sospendere	VERB	Mood=Ind|Number=Sing|Person=3|Tense=Pres|VerbForm=Fin	1	1.000	form_absent
Sospendete	sospendere	VERB	Mood=Imp|Number=Plur|Person=2|Tense=Pres|VerbForm=Fin	1	1.000	form_absent
Sostenevano	sostenere	VERB	Mood=Ind|Number=Plur|Person=3|Tense=Imp|VerbForm=Fin	1	1.000	form_absent
Sostengo	sostenere	VERB	Mood=Ind|Number=Sing|Person=1|Tense=Pres|VerbForm=Fin	1	1.000	form_absent
Sostengono	sostenere	VERB	Mood=Ind|Number=Plur|Person=3|Tense=Pres|VerbForm=Fin	1	1.000	form_absent
Sostenne	sostenere	VERB	Mood=Ind|Number=Sing|Person=3|Tense=Past|VerbForm=Fin	1	1.000	form_absent
Sostiene	sostenere	VERB	Mood=Ind|Number=Sing|Person=3|Tense=Pres|VerbForm=Fin	1	1.000	form_absent
Sostituiamo	sostituire	VERB	Mood=Ind|Number=Plur|Person=1|Tense=Pres|VerbForm=Fin	1	1.000	form_absent
Sottosuolo	sottosuolo	NOUN	Gender=Masc|Number=Sing	1	1.000	form_absent
Soult	Soult	PROPN	_	1	1.000	form_absent
South	South	PROPN	_	1	1.000	form_absent
Southampton	Southampton	PROPN	_	1	1.000	form_absent
Southern	southern	ADJ	_	1	1.000	form_absent
Southwestern	Southwestern	PROPN	_	1	1.000	form_absent
Souza	Souza	PROPN	_	1	1.000	form_absent
Space	space	NOUN	Number=Sing	1	0.500	form_absent
Space	space	NOUN	_	1	0.500	form_absent
SpaceAfter=Norajina	Krajina	PROPN	_	1	1.000	form_absent
Spadoni	spadone	NOUN	Gender=Masc|Number=Plur	1	1.000	form_absent
Spagnola	Spagnola	PROPN	_	1	1.000	form_absent
Spagnolini	Spagnolini	PROPN	_	1	1.000	form_absent
Spangled	Spangled	PROPN	_	1	1.000	form_absent
Spar	Spar	PROPN	_	1	1.000	form_absent
Sparano	sparare	VERB	Mood=Ind|Number=Plur|Person=3|Tense=Pres|VerbForm=Fin	1	1.000	form_absent
Spatial	Spatial	PROPN	_	1	1.000	form_absent
Spaziali	spaziale	ADJ	Number=Plur	1	1.000	form_absent
Specie	specie	NOUN	Gender=Fem	1	1.000	form_absent
Speculoos	Speculoos	PROPN	_	1	1.000	form_absent
Speedy	Speedy	PROPN	_	1	1.000	form_absent
Spenser	Spenser	PROPN	_	1	1.000	form_absent
Sperling	Sperling	PROPN	_	1	1.000	form_absent
Spessore	spessore	NOUN	Gender=Masc|Number=Sing	1	1.000	form_absent
Spettano	spettare	VERB	Mood=Ind|Number=Plur|Person=3|Tense=Pres|VerbForm=Fin	1	1.000	form_absent
Spider	Spider	PROPN	_	1	1.000	form_absent
Spike	Spike	PROPN	_	1	1.000	form_absent
Spingere	spingere	VERB	VerbForm=Inf	1	1.000	form_absent
Splendeurs	Splendeurs	PROPN	_	1	1.000	form_absent
Splendori	Splendori	PROPN	_	1	1.000	form_absent
Spluga	Spluga	PROPN	_	1	1.000	form_absent
Sportpalace	Sportpalace	PROPN	_	1	1.000	form_absent
Spostare	spostare	VERB	VerbForm=Inf	1	1.000	form_absent
Springs	Springs	PROPN	_	1	1.000	form_absent
Sprüngli	Sprüngli	PROPN	_	1	1.000	form_absent
Sputnik	Sputnik	PROPN	_	1	1.000	form_absent
Squadra	Squadra	PROPN	_	1	1.000	form_absent
Squalo	Squalo	PROPN	_	1	1.000	form_absent
Sta	stare	VERB	Mood=Imp|Number=Sing|Person=2|Tense=Pres|VerbForm=Fin	1	1.000	form_absent
Stabiliscono	stabilire	VERB	Mood=Ind|Number=Plur|Person=3|Tense=Pres|VerbForm=Fin	1	1.000	form_absent
Stadium	Stadium	PROPN	_	1	1.000	form_absent
Stai	stare	VERB	Mood=Ind|Number=Sing|Person=2|Tense=Pres|VerbForm=Fin	1	1.000	form_absent
Stamp	Stamp	PROPN	_	1	1.000	form_absent
Stando	stare	VERB	VerbForm=Ger	1	1.000	form_absent
Stanford	Stanford	PROPN	_	1	1.000	form_absent
Stankovic	Stankovic	PROPN	_	1	1.000	form_absent
Stanno	stare	VERB	Mood=Ind|Number=Plur|Person=3|Tense=Pres|VerbForm=Fin	1	1.000	form_absent
Statford	Statford	PROPN	_	1	1.000	form_absent
Station	Station	PROPN	_	1	1.000	form_absent
Statunitense	statunitense	ADJ	Number=Sing	1	1.000	form_absent
Statuta	Statuta	X	Foreign=Yes	1	1.000	form_absent
Stazione	Stazione	PROPN	_	1	0.500	form_absent
Stazione	stazione	NOUN	Gender=Fem|Number=Sing	1	0.500	form_absent
Steffen	Steffen	PROPN	_	1	1.000	form_absent
Stefi	Stefi	PROPN	_	1	1.000	form_absent
Steiner	Steiner	PROPN	_	1	1.000	form_absent
Steinkuehler	Steinkuehler	PROPN	_	1	1.000	form_absent
Stellari	Stellari	PROPN	_	1	1.000	form_absent
Stem	Stem	PROPN	_	1	1.000	form_absent
Stendhal	Stendhal	PROPN	_	1	1.000	form_absent
Stendiamo	stendere	VERB	Mood=Ind|Number=Plur|Person=1|Tense=Pres|VerbForm=Fin	1	1.000	form_absent
Sterling	Sterling	PROPN	_	1	1.000	form_absent
Steve	Steve	PROPN	_	1	1.000	form_absent
Stevenson	Stevenson	PROPN	_	1	1.000	form_absent
Stia	stare	VERB	Mood=Sub|Number=Sing|Person=3|Tense=Pres|VerbForm=Fin	1	1.000	form_absent
Stiamo	stare	VERB	Mood=Ind|Number=Plur|Person=1|Tense=Pres|VerbForm=Fin	1	1.000	form_absent
Stiers	Stiers	PROPN	_	1	1.000	form_absent
Stilata	stilare	VERB	Gender=Fem|Number=Sing|Tense=Past|VerbForm=Part	1	1.000	form_absent
Sto	Sto	PROPN	_	1	1.000	form_absent
Stoneglass	Stoneglass	PROPN	_	1	1.000	form_absent
Stonehenge	Stonehenge	PROPN	_	1	1.000	form_absent
Stonewall	Stonewall	PROPN	_	1	1.000	form_absent
Stonperla	Stonperla	PROPN	_	1	1.000	form_absent
Storms	Storms	PROPN	_	1	1.000	form_absent
Story	Story	NOUN	Number=Sing	1	0.200	form_absent
Stradford	Stradford	PROPN	_	1	1.000	form_absent
Stranamore	Stranamore	PROPN	_	1	1.000	form_absent
Strategico	Strategico	PROPN	_	1	1.000	form_absent
Stravince	stravincere	VERB	Mood=Ind|Number=Sing|Person=3|Tense=Pres|VerbForm=Fin	1	1.000	form_absent
Strike	Strike	PROPN	_	1	1.000	form_absent
Strizza	strizzare	VERB	Mood=Imp|Number=Sing|Person=2|Tense=Pres|VerbForm=Fin	1	1.000	form_absent
Studi	Studi	PROPN	_	1	0.143	form_absent
Studiando	studiare	VERB	VerbForm=Ger	1	1.000	form_absent
Studio	Studio	PROPN	_	1	1.000	form_absent
Sténie	Sténie	PROPN	_	1	1.000	form_absent
Succede	succedere	VERB	Mood=Ind|Number=Sing|Person=3|Tense=Pres|VerbForm=Fin	1	1.000	form_absent
Successo	successo	NOUN	Gender=Masc|Number=Sing	1	1.000	form_absent
Sud-Est	Sud-est	PROPN	_	1	1.000	form_absent
Sude	Sude	PROPN	_	1	1.000	form_absent
Sudisti	sudista	NOUN	Gender=Masc|Number=Plur	1	1.000	form_absent
Suggerisco	suggerire	VERB	Mood=Ind|Number=Sing|Person=1|Tense=Pres|VerbForm=Fin	1	1.000	form_absent
Suicidal	suicidal	ADJ	_	1	1.000	form_absent
Sullivan	Sullivan	PROPN	_	1	1.000	form_absent
Sundin	Sundin	PROPN	_	1	1.000	form_absent
Suo	Suo	DET	Gender=Masc|Number=Sing|Poss=Yes|PronType=Prs	1	0.250	form_absent
Super-G	Super-g	PROPN	_	1	1.000	form_absent
Superdome	Superdome	PROPN	_	1	1.000	form_absent
Superiore	Superiore	PROPN	_	1	1.000	form_absent
Superman	Superman	PROPN	_	1	1.000	form_absent
Supra	Supra	PROPN	_	1	1.000	form_absent
Suresh	Suresh	PROPN	_	1	1.000	form_absent
Susa	Susa	PROPN	_	1	1.000	form_absent
Susquehanna	Susquehanna	PROPN	_	1	1.000	form_absent
Sustenaibility	sustenaibility	NOUN	Number=Sing	1	1.000	form_absent
Svalbard	Svalbard	PROPN	_	1	1.000	form_absent
Svariati	svariato	DET	Gender=Masc|Number=Plur|PronType=Ind	1	1.000	form_absent
Sviluppo	Sviluppo	NOUN	Gender=Masc|Number=Sing	1	1.000	form_absent
Svuotare	svuotare	VERB	VerbForm=Inf	1	1.000	form_absent
Swedish	swedish	ADJ	_	1	1.000	form_absent
Sylva	Sylva	PROPN	_	1	1.000	form_absent
Sync	Sync	PROPN	_	1	1.000	form_absent
Syngenta	Syngenta	PROPN	_	1	1.000	form_absent
Syracuse	Syracuse	PROPN	_	1	1.000	form_absent
System	System	X	Foreign=Yes	1	0.500	form_absent
System	system	NOUN	_	1	0.500	form_absent
Systems	Systems	PROPN	_	1	1.000	form_absent
Sèrum	Sèrum	PROPN	_	1	1.000	form_absent
T	T	PROPN	_	1	1.000	form_absent
T.U.	T.U.	PROPN	_	1	1.000	form_absent
TAIEX	TAIEX	PROPN	_	1	1.000	form_absent
TANZANIA	Tanzania	PROPN	_	1	1.000	form_absent
TB	Tb	PROPN	_	1	1.000	form_absent
TEHERAN	Teheran	PROPN	_	1	1.000	form_absent
TERRACINI	TERRACINI	PROPN	_	1	1.000	form_absent
TORINO	Torino	PROPN	_	1	1.000	form_absent
TORVAJANICA	Torvajanica	PROPN	_	1	1.000	form_absent
TPDR	TPDR	PROPN	_	1	1.000	form_absent
TX	Tx	PROPN	_	1	1.000	form_absent
Tagliamo	tagliare	VERB	Mood=Ind|Number=Plur|Person=1|Tense=Pres|VerbForm=Fin	1	1.000	form_absent
Taher	Taher	PROPN	_	1	1.000	form_absent
Tailandia	Tailandia	PROPN	_	1	1.000	form_absent
Takako	Takako	PROPN	_	1	1.000	form_absent
Talchè	talché	ADV	_	1	1.000	form_absent
Tamil	Tamil	PROPN	_	1	1.000	form_absent
Tancredo	Tancredo	PROPN	_	1	1.000	form_absent
Tang	Tang	PROPN	_	1	1.000	form_absent
Tangenti	Tangenti	PROPN	_	1	1.000	form_absent
Tangeri	Tangeri	PROPN	_	1	1.000	form_absent
Tania	Tania	PROPN	_	1	1.000	form_absent
Tanti	tanto	PRON	Gender=Masc|Number=Plur|PronType=Ind	1	1.000	form_absent
Tanto	tanto	ADV	ExtPos=SCONJ	1	0.200	form_absent
Tanto	tanto	DET	Gender=Masc|Number=Sing|PronType=Ind	1	0.200	form_absent
Taoismo	Taoismo	PROPN	_	1	1.000	form_absent
Tappezzieri	Tappezzieri	PROPN	_	1	1.000	form_absent
Tarantini	Tarantini	PROPN	_	1	1.000	form_absent
Target	Target	PROPN	_	1	1.000	form_absent
Tariffe	tariffa	NOUN	Gender=Fem|Number=Plur	1	1.000	form_absent
Tarn	Tarn	PROPN	_	1	1.000	form_absent
Tarquinio	Tarquinio	PROPN	_	1	1.000	form_absent
Tarzan	Tarzan	PROPN	_	1	1.000	form_absent
Tascio	Tascio	PROPN	_	1	1.000	form_absent
Tashkent	Tashkent	PROPN	_	1	1.000	form_absent
Taslima	Taslima	PROPN	_	1	1.000	form_absent
Tassi	tasso	NOUN	Gender=Masc|Number=Plur	1	1.000	form_absent
Tasso	Tasso	PROPN	_	1	1.000	form_absent
Tater	Tater	PROPN	_	1	1.000	form_absent
Tatum	Tatum	PROPN	_	1	1.000	form_absent
Tauri	Tauri	PROPN	_	1	1.000	form_absent
Taxi	Taxi	PROPN	_	1	1.000	form_absent
Tchami	Tchami	PROPN	_	1	1.000	form_absent
Teatro	Teatro	NOUN	Gender=Masc|Number=Sing	1	0.200	form_absent
Tecce	Tecce	PROPN	_	1	1.000	form_absent
Tecniche	Tecniche	PROPN	_	1	1.000	form_absent
Tecnico	tecnico	ADJ	Gender=Masc|Number=Sing	1	1.000	form_absent
Tecnologica	tecnologica	ADJ	Gender=Fem|Number=Sing	1	1.000	form_absent
Telefonate	telefonata	NOUN	Gender=Fem|Number=Plur	1	1.000	form_absent
Telegiornale	telegiornale	NOUN	Gender=Masc|Number=Sing	1	1.000	form_absent
Telegrafo	Telegrafo	PROPN	_	1	1.000	form_absent
Telegraph	Telegraph	PROPN	_	1	1.000	form_absent
Telerilevamento	telerilevamento	NOUN	Gender=Masc|Number=Sing	1	1.000	form_absent
Telespazio	Telespazio	PROPN	_	1	1.000	form_absent
Telestudio	Telestudio	PROPN	_	1	1.000	form_absent
Temco	Temco	PROPN	_	1	1.000	form_absent
Tempesta	tempesta	NOUN	Gender=Fem|Number=Sing	1	1.000	form_absent
Tempi	Tempi	PROPN	_	1	0.500	form_absent
Tempi	tempo	NOUN	Gender=Masc|Number=Plur	1	0.500	form_absent
Tempio	tempio	NOUN	Gender=Masc|Number=Sing	1	0.250	form_absent
Tempo	tempo	NOUN	Gender=Masc|Number=Sing	1	1.000	form_absent
Tende	tendere	VERB	Mood=Ind|Number=Sing|Person=3|Tense=Pres|VerbForm=Fin	1	1.000	form_absent
Tennyson	Tennyson	PROPN	_	1	1.000	form_absent
Tentoni	Tentoni	PROPN	_	1	1.000	form_absent
TeodoraRavenna	TeodoraRavenna	PROPN	_	1	1.000	form_absent
Teoria	teoria	NOUN	Gender=Fem|Number=Sing	1	1.000	form_absent
Tepelene	Tepelene	PROPN	_	1	1.000	form_absent
Tereshkova	Tereshkova	PROPN	_	1	1.000	form_absent
Term	Term	PROPN	_	1	1.000	form_absent
Termoattivo	Termoattivo	PROPN	_	1	1.000	form_absent
Terza	terzo	ADJ	Gender=Fem|NumType=Ord|Number=Sing	1	1.000	form_absent
Tesla	Tesla	PROPN	_	1	1.000	form_absent
Tessuti	tessuto	NOUN	Gender=Masc|Number=Plur	1	1.000	form_absent
Testamento	Testamento	PROPN	_	1	1.000	form_absent
Testimonianze	testimonianza	NOUN	Gender=Fem|Number=Plur	1	1.000	form_absent
Testo	testo	NOUN	Gender=Masc|Number=Sing	1	1.000	form_absent
Tet	Tet	PROPN	_	1	1.000	form_absent
Tethys	Tethys	PROPN	_	1	1.000	form_absent
Texani	Texani	PROPN	_	1	1.000	form_absent
Tf1	Tf1	PROPN	_	1	1.000	form_absent
Tg24	Tg24	PROPN	_	1	1.000	form_absent
Tgs	Tgs	PROPN	_	1	1.000	form_absent
Theophile	Theophile	PROPN	_	1	1.000	form_absent
Thermique	Thermique	PROPN	_	1	1.000	form_absent
Thermo	Thermo	PROPN	_	1	1.000	form_absent
Thermo-Trim	Thermo-trim	PROPN	_	1	1.000	form_absent
Thin	Thin	PROPN	_	1	1.000	form_absent
Thomson	Thomson	PROPN	_	1	1.000	form_absent
Thonet	Thonet	PROPN	_	1	1.000	form_absent
Threshold	threshold	NOUN	_	1	1.000	form_absent
Thurgood	Thurgood	PROPN	_	1	1.000	form_absent
Tiberina	Tiberina	PROPN	_	1	1.000	form_absent
Ticinese	Ticinese	PROPN	_	1	1.000	form_absent
Tidei	Tidei	PROPN	_	1	1.000	form_absent
Tieni	tenere	VERB	Mood=Ind|Number=Sing|Person=2|Tense=Pres|VerbForm=Fin	1	1.000	form_absent
Tikrit	Tikrit	PROPN	_	1	1.000	form_absent
Timbuktu	Timbuktu	PROPN	_	1	1.000	form_absent
Timor	Timor	PROPN	_	1	1.000	form_absent
Tin	Tin	PROPN	_	1	1.000	form_absent
Tinnirello	Tinnirello	PROPN	_	1	1.000	form_absent
Tipaza	Tipaza	PROPN	_	1	1.000	form_absent
Tipica	tipico	ADJ	Gender=Fem|Number=Sing	1	1.000	form_absent
Tipo	tipo	ADJ	_	1	0.500	form_absent
Tipo	tipo	NOUN	Gender=Masc|Number=Sing	1	0.500	form_absent
Tirreni	Tirreni	PROPN	_	1	1.000	form_absent
Tishà	Tishà	PROPN	_	1	1.000	form_absent
Tissulaire	Tissulaire	PROPN	_	1	1.000	form_absent
Titoli	Titoli	PROPN	_	1	1.000	form_absent
To	To	X	Foreign=Yes	1	0.500	form_absent
To	To	PROPN	_	1	0.500	form_absent
Tobin	Tobin	PROPN	_	1	1.000	form_absent
Toccava	toccare	VERB	Mood=Ind|Number=Sing|Person=3|Tense=Imp|VerbForm=Fin	1	1.000	form_absent
Todi	Todi	PROPN	_	1	1.000	form_absent
Todisco	Todisco	PROPN	_	1	1.000	form_absent
Together	Together	PROPN	_	1	1.000	form_absent
Togliamo	togliere	VERB	Mood=Ind|Number=Plur|Person=1|Tense=Pres|VerbForm=Fin	1	1.000	form_absent
Toledo	Toledo	PROPN	_	1	1.000	form_absent
Tolstoj	Tolstoj	PROPN	_	1	1.000	form_absent
Tome	Tome	PROPN	_	1	1.000	form_absent
Tonda	Tonda	ADJ	Gender=Fem|Number=Sing	1	1.000	form_absent
Tonifica	tonificare	VERB	Mood=Imp|Number=Sing|Person=2|Tense=Pres|VerbForm=Fin	1	1.000	form_absent
Toprak	Toprak	PROPN	_	1	1.000	form_absent
Topusko	Topusko	PROPN	_	1	1.000	form_absent
Torasso	Torasso	PROPN	_	1	1.000	form_absent
Torciglione	Torciglione	PROPN	_	1	1.000	form_absent
Torna	tornare	VERB	Mood=Ind|Number=Sing|Person=3|Tense=Pres|VerbForm=Fin	1	1.000	form_absent
Tornado	Tornado	PROPN	_	1	1.000	form_absent
Tornai	tornare	VERB	Mood=Ind|Number=Sing|Person=1|Tense=Past|VerbForm=Fin	1	1.000	form_absent
Tornare	tornare	VERB	VerbForm=Inf	1	1.000	form_absent
Torno	Torno	PROPN	_	1	1.000	form_absent
Tornò	tornare	VERB	Mood=Ind|Number=Sing|Person=3|Tense=Past|VerbForm=Fin	1	1.000	form_absent
Torrente	Torrente	PROPN	_	1	1.000	form_absent
Torri	Torri	PROPN	_	1	1.000	form_absent
Torrisi	Torrisi	PROPN	_	1	1.000	form_absent
Tortorici	Tortorici	PROPN	_	1	1.000	form_absent
Toshiba	Toshiba	PROPN	_	1	1.000	form_absent
Toshima	Toshima	PROPN	_	1	1.000	form_absent
Touchstone	Touchstone	PROPN	_	1	1.000	form_absent
Tower	Tower	PROPN	_	1	1.000	form_absent
Towers	Towers	PROPN	_	1	1.000	form_absent
Townsend	Townsend	PROPN	_	1	1.000	form_absent
Trabocca	traboccare	VERB	Mood=Ind|Number=Sing|Person=3|Tense=Pres|VerbForm=Fin	1	1.000	form_absent
Trade	Trade	PROPN	_	1	1.000	form_absent
Tradotto	tradurre	VERB	Gender=Masc|Number=Sing|Tense=Past|VerbForm=Part	1	1.000	form_absent
Traghetti	traghetto	NOUN	Gender=Masc|Number=Plur	1	1.000	form_absent
Trail	trail	NOUN	Number=Sing	1	1.000	form_absent
Tranquillità	Tranquillità	PROPN	_	1	1.000	form_absent
Trans	Trans	PROPN	_	1	1.000	form_absent
Transatlantik	Transatlantik	PROPN	_	1	1.000	form_absent
Transmitter	Transmitter	PROPN	_	1	1.000	form_absent
Trapanese	Trapanese	PROPN	_	1	1.000	form_absent
Trascorrevo	trascorrere	VERB	Mood=Ind|Number=Sing|Person=1|Tense=Imp|VerbForm=Fin	1	1.000	form_absent
Trascorro	trascorrere	VERB	Mood=Ind|Number=Sing|Person=1|Tense=Pres|VerbForm=Fin	1	1.000	form_absent
Trascorso	trascorrere	VERB	Gender=Masc|Number=Sing|Tense=Past|VerbForm=Part	1	1.000	form_absent
Trasferimenti	trasferimento	NOUN	Gender=Masc|Number=Plur	1	1.000	form_absent
Trasferito	trasferire	VERB	Gender=Masc|Number=Sing|Tense=Past|VerbForm=Part	1	1.000	form_absent
Trastevere	Trastevere	PROPN	_	1	1.000	form_absent
Tratta	trattare	VERB	Mood=Imp|Number=Sing|Person=2|Tense=Pres|VerbForm=Fin	1	1.000	form_absent
Trattieni	trattenere	VERB	Mood=Imp|Number=Sing|Person=2|Tense=Pres|VerbForm=Fin	1	1.000	form_absent
Tregaskis	Tregaskis	PROPN	_	1	1.000	form_absent
Trent	Trent	PROPN	_	1	1.000	form_absent
Trevi	Trevi	PROPN	_	1	1.000	form_absent
Trigger	Trigger	PROPN	_	1	1.000	form_absent
Trigoria	Trigoria	PROPN	_	1	1.000	form_absent
Trilaterale	Trilaterale	PROPN	_	1	1.000	form_absent
Trimestrale	trimestrale	NOUN	Gender=Fem|Number=Sing	1	1.000	form_absent
Trinergie	Trinergie	PROPN	_	1	1.000	form_absent
Trinità	Trinità	PROPN	_	1	1.000	form_absent
Trionfo	trionfo	NOUN	Gender=Masc|Number=Sing	1	1.000	form_absent
Triple	Triple	PROPN	_	1	1.000	form_absent
Tristano	Tristano	PROPN	_	1	1.000	form_absent
Triulzi	Triulzi	PROPN	_	1	1.000	form_absent
Triveneto	Triveneto	PROPN	_	1	1.000	form_absent
Trot	Trot	PROPN	_	1	1.000	form_absent
Trova	trovare	VERB	Mood=Imp|Number=Sing|Person=2|Tense=Pres|VerbForm=Fin	1	1.000	form_absent
Trovar	trovare	VERB	VerbForm=Inf	1	1.000	form_absent
Troverò	trovare	VERB	Mood=Ind|Number=Sing|Person=1|Tense=Fut|VerbForm=Fin	1	1.000	form_absent
Tsotsi	Tsotsi	PROPN	_	1	1.000	form_absent
Tucciarone	Tucciarone	PROPN	_	1	1.000	form_absent
Tudor	Tudor	PROPN	_	1	1.000	form_absent
Tulviste	Tulviste	PROPN	_	1	1.000	form_absent
Tungsram	Tungsram	PROPN	_	1	1.000	form_absent
Turati	Turati	PROPN	_	1	1.000	form_absent
Turchese	Turchese	PROPN	_	1	1.000	form_absent
Turchi	Turchi	PROPN	_	1	1.000	form_absent
Turgot	Turgot	PROPN	_	1	1.000	form_absent
Turi	Turi	PROPN	_	1	1.000	form_absent
Turismo	turismo	NOUN	Gender=Masc|Number=Sing	1	1.000	form_absent
Turkmenistan	Turkmenistan	PROPN	_	1	1.000	form_absent
Tutela	tutelare	VERB	Mood=Ind|Number=Sing|Person=3|Tense=Pres|VerbForm=Fin	1	1.000	form_absent
Tutt'	tutto	DET	Number=Sing|PronType=Ind	1	0.500	form_absent
Tutt'	tutto	PRON	ExtPos=ADV|Number=Sing|PronType=Ind	1	0.500	form_absent
Tuzla	Tuzla	PROPN	_	1	1.000	form_absent
Twain	Twain	PROPN	_	1	1.000	form_absent
Twinkies	Twinkies	PROPN	_	1	1.000	form_absent
Tyagi	Tyagi	PROPN	_	1	1.000	form_absent
UICPA	Uicpa	PROPN	_	1	1.000	form_absent
UMBERTO	UMBERTO	PROPN	_	1	1.000	form_absent
UNITA	Unita	PROPN	_	1	1.000	form_absent
URI	URI	PROPN	_	1	1.000	form_absent
Ubaldi	Ubaldi	PROPN	_	1	1.000	form_absent
Ubilab	Ubilab	PROPN	_	1	1.000	form_absent
Uccheddu	Uccheddu	PROPN	_	1	1.000	form_absent
Udb	Udb	PROPN	_	1	1.000	form_absent
Udbina	Udbina	PROPN	_	1	1.000	form_absent
Udeur	Udeur	PROPN	_	1	1.000	form_absent
Ueno	Ueno	PROPN	_	1	1.000	form_absent
Uhuru	Uhuru	PROPN	_	1	1.000	form_absent
Uliano	Uliano	PROPN	_	1	1.000	form_absent
Ulivieri	Ulivieri	PROPN	_	1	1.000	form_absent
Ullevi	Ullevi	PROPN	_	1	1.000	form_absent
Ulteriori	ulteriore	ADJ	Number=Plur	1	1.000	form_absent
Ultima	Ultima	PROPN	_	1	0.500	form_absent
Ultima	ultimo	ADJ	Gender=Fem|NumType=Ord|Number=Sing	1	0.500	form_absent
Ultimamente	ultimamente	ADV	_	1	1.000	form_absent
Ultime	ultimo	ADJ	Gender=Fem|Number=Plur	1	1.000	form_absent
Umana	Umana	PROPN	_	1	0.500	form_absent
Umana	umana	ADJ	Gender=Fem|Number=Sing	1	0.500	form_absent
Unbalanced	Unbalanced	PROPN	_	1	1.000	form_absent
Unbelapplauso	Unbelapplauso	PROPN	_	1	1.000	form_absent
Uncinata	uncinato	ADJ	Gender=Fem|Number=Sing	1	1.000	form_absent
Une	Une	DET	Definite=Ind|Gender=Fem|Number=Sing|PronType=Art	1	1.000	form_absent
Unico	Unico	PROPN	_	1	0.500	form_absent
Unico	unico	ADJ	Gender=Masc|Number=Sing	1	0.500	form_absent
Unity	Unity	PROPN	_	1	1.000	form_absent
Unità	unità	NOUN	Gender=Fem	1	1.000	form_absent
Unprofor	Unprofor	PROPN	_	1	1.000	form_absent
Unterweger	Unterweger	PROPN	_	1	1.000	form_absent
Unum	Unum	PROPN	_	1	1.000	form_absent
Up	Up	X	Foreign=Yes	1	1.000	form_absent
Urbino	Urbino	PROPN	_	1	1.000	form_absent
Urla	urlo	NOUN	Gender=Fem|Number=Plur	1	1.000	form_absent
Urlo	Urlo	PROPN	_	1	1.000	form_absent
Usando	usare	VERB	VerbForm=Ger	1	1.000	form_absent
Usare	usare	VERB	VerbForm=Inf	1	1.000	form_absent
Ustascia	Ustascia	PROPN	_	1	1.000	form_absent
Usucapione	usucapione	NOUN	Gender=Fem|Number=Sing	1	1.000	form_absent
Usurpazioni	usurpazione	NOUN	Gender=Fem|Number=Plur	1	1.000	form_absent
Utilizzando	utilizzare	VERB	VerbForm=Ger	1	1.000	form_absent
Utilizzazione	utilizzazione	NOUN	Gender=Fem|Number=Sing	1	1.000	form_absent
Utilizzò	utilizzare	VERB	Mood=Ind|Number=Sing|Person=3|Tense=Past|VerbForm=Fin	1	1.000	form_absent
Uto	Uto	PROPN	_	1	1.000	form_absent
Uzak	Uzak	PROPN	_	1	1.000	form_absent
VENARIA	Venaria	PROPN	_	1	1.000	form_absent
VERONA	Verona	PROPN	_	1	1.000	form_absent
VICENZA	Vicenza	PROPN	_	1	1.000	form_absent
VINCENNES	VINCENNES	PROPN	_	1	1.000	form_absent
VOC	VOC	PROPN	_	1	1.000	form_absent
Va	andare	AUX	Mood=Ind|Number=Sing|Person=3|Tense=Pres|VerbForm=Fin	1	1.000	form_absent
Vaccaro	Vaccaro	PROPN	_	1	1.000	form_absent
Vai	andare	VERB	Mood=Imp|Number=Sing|Person=2|Tense=Pres|VerbForm=Fin	1	1.000	form_absent
Valacchi	Valacchi	PROPN	_	1	1.000	form_absent
Valachorum	Valachorum	X	Foreign=Yes	1	1.000	form_absent
Valdarno	Valdarno	PROPN	_	1	1.000	form_absent
Valdez	Valdez	PROPN	_	1	1.000	form_absent
Valence	Valence	PROPN	_	1	1.000	form_absent
Validissimo	valido	ADJ	Degree=Abs|Gender=Masc|Number=Sing	1	1.000	form_absent
Valla	Valla	PROPN	_	1	1.000	form_absent
Vallarin	Vallarin	PROPN	_	1	1.000	form_absent
Valley	Valley	PROPN	_	1	1.000	form_absent
Valliboni	Valliboni	PROPN	_	1	1.000	form_absent
Vallée	Vallée	X	Foreign=Yes	1	0.333	form_absent
Valmalenco	Valmalenco	PROPN	_	1	1.000	form_absent
Valter	Valter	PROPN	_	1	1.000	form_absent
Vandea	Vandea	PROPN	_	1	1.000	form_absent
Vanessa	Vanessa	PROPN	_	1	1.000	form_absent
Varie	vario	ADJ	Gender=Fem|Number=Plur	1	1.000	form_absent
Varietyper	Varietyper	PROPN	_	1	1.000	form_absent
Vasiljevic	Vasiljevic	PROPN	_	1	1.000	form_absent
Vaticani	vaticano	ADJ	Gender=Masc|Number=Plur	1	1.000	form_absent
Vaujany	Vaujany	PROPN	_	1	1.000	form_absent
Vauquer	Vauquer	PROPN	_	1	1.000	form_absent
Vautrin	Vautrin	PROPN	_	1	1.000	form_absent
Vecchia	Vecchia	PROPN	_	1	1.000	form_absent
Vedere	vedere	VERB	VerbForm=Inf	1	1.000	form_absent
Vedremo	vedere	VERB	Mood=Ind|Number=Plur|Person=1|Tense=Fut|VerbForm=Fin	1	1.000	form_absent
Veglia	Veglia	PROPN	_	1	1.000	form_absent
Velika	Velika	PROPN	_	1	1.000	form_absent
Velissariou	Velissariou	PROPN	_	1	1.000	form_absent
Velocità	Velocità	PROPN	_	1	0.500	form_absent
Velocità	velocità	NOUN	Gender=Fem	1	0.500	form_absent
Venaria	Venaria	PROPN	_	1	1.000	form_absent
Vendôme	Vendôme	PROPN	_	1	1.000	form_absent
Veneta	Veneta	PROPN	_	1	1.000	form_absent
Vengo	venire	VERB	Mood=Ind|Number=Sing|Person=1|Tense=Pres|VerbForm=Fin	1	1.000	form_absent
Vengono	venire	AUX	Mood=Ind|Number=Plur|Person=3|Tense=Pres|VerbForm=Fin	1	1.000	form_absent
Venite	venire	VERB	Mood=Imp|Number=Plur|Person=2|Tense=Pres|VerbForm=Fin	1	1.000	form_absent
Veniva	venire	VERB	Mood=Ind|Number=Sing|Person=3|Tense=Imp|VerbForm=Fin	1	1.000	form_absent
Venivo	venire	VERB	Mood=Ind|Number=Sing|Person=1|Tense=Imp|VerbForm=Fin	1	1.000	form_absent
Venne	venire	AUX	Mood=Ind|Number=Sing|Person=3|Tense=Past|VerbForm=Fin	1	1.000	form_absent
Ventenne	ventenne	NOUN	Number=Sing	1	1.000	form_absent
Vento	Vento	NOUN	Gender=Masc|Number=Sing	1	1.000	form_absent
Venturini	Venturini	PROPN	_	1	1.000	form_absent
Venturoni	Venturoni	PROPN	_	1	1.000	form_absent
Venus	Venus	PROPN	_	1	1.000	form_absent
Verderio	Verderio	PROPN	_	1	1.000	form_absent
Verdugo	Verdugo	PROPN	_	1	1.000	form_absent
Verdun	Verdun	PROPN	_	1	1.000	form_absent
Vere	Vere	PROPN	_	1	1.000	form_absent
Vergassola	Vergassola	PROPN	_	1	1.000	form_absent
Vergogna	vergogna	NOUN	Gender=Fem|Number=Sing	1	1.000	form_absent
Verità	Verità	PROPN	_	1	0.333	form_absent
Verità	Verità	NOUN	Gender=Fem	1	0.333	form_absent
Verità	verità	NOUN	Gender=Fem|Number=Sing	1	0.333	form_absent
Verkhivnia	Verkhivnia	PROPN	_	1	1.000	form_absent
Vermont	Vermont	PROPN	_	1	1.000	form_absent
Vernici	vernice	NOUN	Gender=Fem|Number=Plur	1	1.000	form_absent
Vernizzi	Vernizzi	PROPN	_	1	1.000	form_absent
Vernotico	Vernotico	PROPN	_	1	1.000	form_absent
Veronique	Veronique	PROPN	_	1	1.000	form_absent
Verranno	venire	AUX	Mood=Ind|Number=Plur|Person=3|Tense=Fut|VerbForm=Fin	1	1.000	form_absent
Verrazzano	Verrazzano	PROPN	_	1	1.000	form_absent
Versailles	Versailles	PROPN	_	1	1.000	form_absent
Vervek	Vervek	PROPN	_	1	1.000	form_absent
Via	Via	ADV	_	1	0.111	form_absent
Via	Via	PROPN	_	1	0.111	form_absent
Via	via	ADV	_	1	0.111	form_absent
Vicaire	Vicaire	PROPN	_	1	1.000	form_absent
Vice	vice	ADJ	_	1	1.000	form_absent
Vicenda	vicenda	NOUN	Gender=Fem|Number=Sing	1	1.000	form_absent
Vicinanza	vicinanza	NOUN	Gender=Fem|Number=Sing	1	1.000	form_absent
Vicino	vicino	ADV	ExtPos=ADP	1	1.000	form_absent
Vico	Vico	PROPN	_	1	1.000	form_absent
Victorinox	Victorinox	PROPN	_	1	1.000	form_absent
Video	video	NOUN	Gender=Masc	1	1.000	form_absent
Videoformes	Videoformes	PROPN	_	1	1.000	form_absent
Videotime	Videotime	PROPN	_	1	1.000	form_absent
Vie	Vie	PROPN	_	1	0.500	form_absent
Vie	Vie	NOUN	Number=Sing	1	0.500	form_absent
Vieni	Vieni	VERB	Mood=Ind|Number=Sing|Person=2|Tense=Pres|VerbForm=Fin	1	1.000	form_absent
Viennese	Viennese	PROPN	_	1	1.000	form_absent
Viero	Viero	PROPN	_	1	1.000	form_absent
Viet	Viet	PROPN	_	1	1.000	form_absent
Vietato	vietare	VERB	Gender=Masc|Number=Sing|Tense=Past|VerbForm=Part	1	1.000	form_absent
View	View	PROPN	_	1	1.000	form_absent
Vigevano	Vigevano	PROPN	_	1	1.000	form_absent
Vigili	vigile	NOUN	Gender=Masc|Number=Plur	1	1.000	form_absent
Vigne	Vigne	PROPN	_	1	1.000	form_absent
Vigor	Vigor	PROPN	_	1	1.000	form_absent
Villaggio	Villaggio	NOUN	Gender=Masc|Number=Sing	1	1.000	form_absent
Villemain	Villemain	PROPN	_	1	1.000	form_absent
Villeparisis	Villeparisis	PROPN	_	1	1.000	form_absent
Villette	Villette	PROPN	_	1	1.000	form_absent
Vincere	vincere	VERB	VerbForm=Inf	1	1.000	form_absent
Vincono	vincere	VERB	Mood=Ind|Number=Plur|Person=3|Tense=Pres|VerbForm=Fin	1	1.000	form_absent
Vineyard	Vineyard	PROPN	_	1	1.000	form_absent
Vino	vino	NOUN	Gender=Masc|Number=Sing	1	1.000	form_absent
Vinta	vincere	VERB	Gender=Fem|Number=Sing|Tense=Past|VerbForm=Part	1	1.000	form_absent
Violazione	violazione	NOUN	Gender=Fem|Number=Sing	1	1.000	form_absent
Violenze	violenza	NOUN	Gender=Fem|Number=Plur	1	1.000	form_absent
Violetta	Violetta	PROPN	_	1	1.000	form_absent
Visca	Visca	PROPN	_	1	1.000	form_absent
Visitiamo	visitare	VERB	Mood=Ind|Number=Plur|Person=1|Tense=Pres|VerbForm=Fin	1	1.000	form_absent
Vista	vedere	VERB	Gender=Fem|Number=Sing|Tense=Past|VerbForm=Part	1	0.500	form_absent
Vista	vista	NOUN	Gender=Fem|Number=Sing	1	0.500	form_absent
Vita	vita	NOUN	Gender=Fem|Number=Sing	1	1.000	form_absent
Vitarosa	Vitarosa	PROPN	_	1	1.000	form_absent
Vite	Vite	PROPN	_	1	1.000	form_absent
Vitra	Vitra	PROPN	_	1	1.000	form_absent
Vittima	vittima	NOUN	Gender=Fem|Number=Sing	1	1.000	form_absent
Vittime	vittima	NOUN	Gender=Fem|Number=Plur	1	1.000	form_absent
Vittoriani	Vittoriani	PROPN	_	1	1.000	form_absent
Vivere	vivere	VERB	VerbForm=Inf	1	1.000	form_absent
Viviana	Viviana	PROPN	_	1	1.000	form_absent
Vivono	vivere	VERB	Mood=Ind|Number=Plur|Person=3|Tense=Pres|VerbForm=Fin	1	1.000	form_absent
Vlad	Vlad	PROPN	_	1	1.000	form_absent
Vogelsberg	Vogelsberg	PROPN	_	1	1.000	form_absent
Voi	voi	PRON	Number=Plur|Person=2|PronType=Prs	1	1.000	form_absent
Voigt	Voigt	PROPN	_	1	1.000	form_absent
Vojna	Vojna	PROPN	_	1	1.000	form_absent
Volare	Volare	PROPN	_	1	1.000	form_absent
Voler	volere	AUX	VerbForm=Inf	1	1.000	form_absent
Volete	volere	AUX	Mood=Ind|Number=Plur|Person=2|Tense=Pres|VerbForm=Fin	1	1.000	form_absent
Volevano	volere	AUX	Mood=Ind|Number=Plur|Person=3|Tense=Imp|VerbForm=Fin	1	1.000	form_absent
Volevo	volere	AUX	Mood=Ind|Number=Sing|Person=1|Tense=Imp|VerbForm=Fin	1	1.000	form_absent
Volontariato	Volontariato	NOUN	Gender=Masc|Number=Sing	1	1.000	form_absent
Volpedo	Volpedo	PROPN	_	1	1.000	form_absent
Volpone	Volpone	PROPN	_	1	1.000	form_absent
Volponi	Volponi	PROPN	_	1	1.000	form_absent
Vormàrz	Vormàrz	PROPN	_	1	1.000	form_absent
Vostra	Vostra	PROPN	_	1	1.000	form_absent
Vought	Vought	PROPN	_	1	1.000	form_absent
Vranitzsky	Vranitzsky	PROPN	_	1	1.000	form_absent
Vujadin	Vujadin	PROPN	_	1	1.000	form_absent
Vukovar	Vukovar	PROPN	_	1	1.000	form_absent
Vulnerables	Vulnerables	PROPN	_	1	1.000	form_absent
Vuole	volere	AUX	Mood=Ind|Number=Sing|Person=3|Tense=Pres|VerbForm=Fin	1	1.000	form_absent
Vò	Vò	PROPN	_	1	1.000	form_absent
W.h.	W.h.	PROPN	_	1	1.000	form_absent
WA	Wa	PROPN	_	1	1.000	form_absent
WATI	WATI	PROPN	_	1	1.000	form_absent
WB	WB	PROPN	_	1	1.000	form_absent
WTO	WTO	PROPN	_	1	0.500	form_absent
WTO	Wto	PROPN	_	1	0.500	form_absent
Wade	Wade	PROPN	_	1	1.000	form_absent
Wajda	Wajda	PROPN	_	1	1.000	form_absent
Waldmuller	Waldmuller	PROPN	_	1	1.000	form_absent
Waldorf-Astoria	Waldorf-astoria	PROPN	_	1	1.000	form_absent
Walford	Walford	PROPN	_	1	1.000	form_absent
Wallace	Wallace	PROPN	_	1	1.000	form_absent
Waltz	Waltz	PROPN	_	1	1.000	form_absent
Wand	Wand	PROPN	_	1	1.000	form_absent
War	War	PROPN	_	1	1.000	form_absent
WarGames	Wargames	PROPN	_	1	1.000	form_absent
Warburg	Warburg	PROPN	_	1	1.000	form_absent
Warm	Warm	PROPN	_	1	1.000	form_absent
Watan	Watan	PROPN	_	1	1.000	form_absent
Waterloo	Waterloo	PROPN	_	1	1.000	form_absent
Watson	Watson	PROPN	_	1	1.000	form_absent
Weapon	Weapon	PROPN	_	1	1.000	form_absent
Weaver	Weaver	PROPN	_	1	1.000	form_absent
Wehbi	Wehbi	PROPN	_	1	1.000	form_absent
Weimar	Weimar	PROPN	_	1	1.000	form_absent
Weisse	Weisse	PROPN	_	1	1.000	form_absent
Wendy	Wendy	PROPN	_	1	1.000	form_absent
Weyrother	Weyrother	PROPN	_	1	1.000	form_absent
Wheeler	Wheeler	PROPN	_	1	1.000	form_absent
Whiterspoon	Whiterspoon	PROPN	_	1	1.000	form_absent
Whole	Whole	ADJ	_	1	1.000	form_absent
Whoopi	Whoopi	PROPN	_	1	1.000	form_absent
Wiel	Wiel	PROPN	_	1	1.000	form_absent
Wiener	Wiener	PROPN	_	1	1.000	form_absent
Wierzchownia	Wierzchownia	PROPN	_	1	1.000	form_absent
Wilkie	Wilkie	PROPN	_	1	1.000	form_absent
Willett	Willett	PROPN	_	1	1.000	form_absent
Wilmington	Wilmington	PROPN	_	1	1.000	form_absent
Wilsona	Wilsona	PROPN	_	1	1.000	form_absent
Wilt	Wilt	PROPN	_	1	1.000	form_absent
Winchester	Winchester	PROPN	_	1	1.000	form_absent
Winston	Winston	PROPN	_	1	1.000	form_absent
Wisconsin	Wisconsin	PROPN	_	1	1.000	form_absent
Wit	Wit	PROPN	_	1	1.000	form_absent
Wonderbra	Wonderbra	PROPN	_	1	1.000	form_absent
Woodrow	Woodrow	PROPN	_	1	1.000	form_absent
Woods	Woods	PROPN	_	1	1.000	form_absent
Woolf	Woolf	PROPN	_	1	1.000	form_absent
Wordsworth	Wordsworth	PROPN	_	1	1.000	form_absent
Worrall	Worrall	PROPN	_	1	1.000	form_absent
Worth	Worth	PROPN	_	1	1.000	form_absent
Wotton	Wotton	PROPN	_	1	1.000	form_absent
Wriothesley	Wriothesley	PROPN	_	1	1.000	form_absent
Writer	Writer	PROPN	_	1	1.000	form_absent
Wulf	Wulf	PROPN	_	1	1.000	form_absent
Wurtz	Wurtz	PROPN	_	1	1.000	form_absent
XI	XI	ADJ	NumType=Ord|Number=Sing	1	1.000	form_absent
XPDR	XPDR	PROPN	_	1	1.000	form_absent
XPNDR	XPNDR	PROPN	_	1	1.000	form_absent
XPress	Xpress	PROPN	_	1	1.000	form_absent
XV	XV	ADJ	NumType=Ord|Number=Sing	1	1.000	form_absent
XVI	XVI	ADJ	NumType=Ord|Number=Sing	1	0.333	form_absent
XVI	XVI	PROPN	_	1	0.333	form_absent
XVI	sedicesimo	ADJ	NumType=Ord|Number=Sing	1	0.333	form_absent
XXI	XXI	ADJ	NumType=Ord|Number=Sing	1	0.500	form_absent
XXI	ventunesimo	ADJ	NumType=Ord|Number=Sing	1	0.500	form_absent
XXIII	XXIII	ADJ	Gender=Fem|NumType=Ord|Number=Sing	1	0.500	form_absent
XXIII	XXIII	PROPN	_	1	0.500	form_absent
Xanax	Xanax	PROPN	_	1	1.000	form_absent
Xhosa	Xhosa	PROPN	_	1	1.000	form_absent
Xilai	Xilai	PROPN	_	1	1.000	form_absent
Y-1	Y-1	PROPN	_	1	1.000	form_absent
YAMATE	yamate	NOUN	_	1	1.000	form_absent
Yamate	yamate	NOUN	_	1	0.200	form_absent
Yamate-dōri	yamate-dōri	NOUN	Gender=Fem	1	1.000	form_absent
Yamil	Yamil	PROPN	_	1	1.000	form_absent
Yaroslav	Yaroslav	PROPN	_	1	1.000	form_absent
Yeager	Yeager	PROPN	_	1	1.000	form_absent
Yeller	Yeller	PROPN	_	1	1.000	form_absent
Yeltsin	Yeltsin	PROPN	_	1	1.000	form_absent
Yitzak	Yitzak	PROPN	_	1	1.000	form_absent
Yogi	Yogi	PROPN	_	1	1.000	form_absent
Yordan	Yordan	PROPN	_	1	1.000	form_absent
You	You	X	Foreign=Yes	1	1.000	form_absent
Ytaka	Ytaka	PROPN	_	1	1.000	form_absent
Yuji	Yuji	PROPN	_	1	1.000	form_absent
Yunis	Yunis	PROPN	_	1	1.000	form_absent
ZAGABRIA	Zagabria	PROPN	_	1	1.000	form_absent
Zabriskie	Zabriskie	PROPN	_	1	1.000	form_absent
Zahwa	Zahwa	PROPN	_	1	1.000	form_absent
Zanardi	Zanardi	PROPN	_	1	1.000	form_absent
Zanini	Zanini	PROPN	_	1	1.000	form_absent
Zapatisti	Zapatisti	PROPN	_	1	1.000	form_absent
Zappacosta	Zappacosta	PROPN	_	1	1.000	form_absent
Zar	zar	NOUN	Gender=Masc|Number=Sing	1	1.000	form_absent
Zberg	Zberg	PROPN	_	1	1.000	form_absent
Zdenek	Zdenek	PROPN	_	1	1.000	form_absent
Zdionica	Zdionica	PROPN	_	1	1.000	form_absent
Zeit	Zeit	PROPN	_	1	1.000	form_absent
Zenica	Zenica	PROPN	_	1	1.000	form_absent
Zerbetto	Zerbetto	PROPN	_	1	1.000	form_absent
Zhirinovskij	Zhirinovskij	PROPN	_	1	1.000	form_absent
Ziegler	Ziegler	PROPN	_	1	1.000	form_absent
Ziglioli	Ziglioli	PROPN	_	1	1.000	form_absent
Zilja	Zilja	PROPN	_	1	1.000	form_absent
Zimeray	Zimeray	PROPN	_	1	1.000	form_absent
Zingaretti	Zingaretti	PROPN	_	1	1.000	form_absent
Zog	Zog	PROPN	_	1	1.000	form_absent
Zogu	Zogu	PROPN	_	1	1.000	form_absent
Zoltán	Zoltán	PROPN	_	1	1.000	form_absent
Zoo	zoo	NOUN	Gender=Masc	1	1.000	form_absent
Zorzi	Zorzi	PROPN	_	1	1.000	form_absent
Zucaro	Zucaro	PROPN	_	1	1.000	form_absent
Zuccolini	Zuccolini	PROPN	_	1	1.000	form_absent
Zuwachtgeschwader	Zuwachtgeschwader	PROPN	_	1	1.000	form_absent
Zwetchkenbaum	Zwetchkenbaum	PROPN	_	1	1.000	form_absent
a.f.	a.f.	NOUN	_	1	1.000	form_absent
abachistica	abachistico	ADJ	Gender=Fem|Number=Sing	1	1.000	form_absent
abbeveratoio	abbeveratoio	NOUN	Gender=Masc|Number=Sing	1	1.000	form_absent
abolizionista	abolizionista	ADJ	Number=Sing	1	1.000	form_absent
accidentalità	accidentalità	NOUN	Gender=Fem	1	1.000	form_absent
accisa	accisa	NOUN	Gender=Fem|Number=Sing	1	1.000	form_absent
aceto	aceto	NOUN	Gender=Masc|Number=Sing	1	1.000	form_absent
acqua-tessuto	acqua-tessuto	NOUN	_	1	1.000	form_absent
acquisitivo	acquisitivo	ADJ	Gender=Masc|Number=Sing	1	1.000	form_absent
addì	addì	NOUN	Gender=Masc|Number=Sing	1	1.000	form_absent
adeguatezza	adeguatezza	NOUN	Gender=Fem|Number=Sing	1	1.000	form_absent
adipociti	adipocito	NOUN	Gender=Masc|Number=Plur	1	1.000	form_absent
adolescenziale	adolescenziale	ADJ	Gender=Fem|Number=Plur	1	1.000	form_absent
aedificandum	aedificandum	X	Foreign=Yes	1	1.000	form_absent
aereonautica	aereonautica	ADJ	Gender=Fem|Number=Sing	1	1.000	form_absent
aeronavi	aeronave	NOUN	Gender=Fem|Number=Plur	1	1.000	form_absent
aerosol	aerosol	NOUN	Gender=Masc	1	1.000	form_absent
affannosamente	affannosamente	ADV	_	1	1.000	form_absent
affondamento	affondamento	NOUN	Gender=Masc|Number=Sing	1	1.000	form_absent
affrancamento	affrancamento	NOUN	Gender=Masc|Number=Sing	1	1.000	form_absent
afrikaans	afrikaans	NOUN	Gender=Masc	1	1.000	form_absent
agopuntura	agopuntura	NOUN	Gender=Fem|Number=Sing	1	1.000	form_absent
agrochimica	agrochimica	NOUN	Gender=Fem|Number=Sing	1	1.000	form_absent
ahò	ahò	INTJ	_	1	1.000	form_absent
air	air	X	Foreign=Yes	1	1.000	form_absent
airbus	airbus	NOUN	Gender=Masc	1	1.000	form_absent
alabarda	alabarda	NOUN	Gender=Fem|Number=Sing	1	1.000	form_absent
alabarde	alabarda	NOUN	Gender=Fem|Number=Plur	1	1.000	form_absent
alabardieri	alabardiere	NOUN	Gender=Masc|Number=Plur	1	1.000	form_absent
alce	alce	NOUN	Gender=Masc|Number=Sing	1	1.000	form_absent
alcuno	alcuno	DET	Gender=Masc|Number=Sing|PronType=Ind	1	0.167	form_absent
aldeidi	aldeide	NOUN	Gender=Fem|Number=Plur	1	1.000	form_absent
alici	alice	NOUN	Gender=Fem|Number=Plur	1	1.000	form_absent
alimentatori	alimentatore	NOUN	Gender=Masc|Number=Plur	1	1.000	form_absent
allegrezza	allegrezza	NOUN	Gender=Fem|Number=Sing	1	1.000	form_absent
allorchè	allorché	SCONJ	_	1	1.000	form_absent
alluminio	alluminio	NOUN	Gender=Masc|Number=Sing	1	1.000	form_absent
allusivamente	allusivamente	ADV	_	1	1.000	form_absent
alpinismo	alpinismo	NOUN	Gender=Masc|Number=Sing	1	1.000	form_absent
altruismo	altruismo	NOUN	Gender=Masc|Number=Sing	1	1.000	form_absent
alzatina	alzatina	NOUN	Gender=Fem|Number=Sing	1	1.000	form_absent
alzatine	alzatina	NOUN	Gender=Fem|Number=Plur	1	1.000	form_absent
amateurs	amateurs	NOUN	Gender=Masc	1	1.000	form_absent
amish	amish	NOUN	Gender=Masc	1	1.000	form_absent
ammazzamenti	ammazzamento	NOUN	Gender=Masc|Number=Plur	1	1.000	form_absent
ammirevolmente	ammirevolmente	ADV	_	1	1.000	form_absent
anfotero	anfotero	ADJ	Gender=Masc|Number=Sing	1	1.000	form_absent
angiografia	angiografia	NOUN	Gender=Fem|Number=Sing	1	1.000	form_absent
anglicus	anglicus	ADJ	Gender=Masc|Number=Sing	1	1.000	form_absent
annegamenti	annegamento	NOUN	Gender=Masc|Number=Plur	1	1.000	form_absent
annunciazione	annunciazione	NOUN	Gender=Fem|Number=Sing	1	1.000	form_absent
anormalmente	anormalmente	ADV	_	1	1.000	form_absent
ansiosamente	ansiosamente	ADV	_	1	1.000	form_absent
anteguerra	anteguerra	ADJ	_	1	1.000	form_absent
anti-malaricoanti	anti-malaricoanti	ADJ	_	1	1.000	form_absent
antiberlusconiani	antiberlusconiano	ADJ	Number=Plur	1	1.000	form_absent
anticomuniste	anticomunista	ADJ	Gender=Fem|Number=Plur	1	1.000	form_absent
antifrode	antifrode	ADJ	_	1	1.000	form_absent
antigelivo	antigelivo	ADJ	Gender=Masc|Number=Sing	1	1.000	form_absent
antigitani	antigitano	ADJ	Gender=Masc|Number=Plur	1	1.000	form_absent
antigovernativa	antigovernativo	ADJ	Gender=Fem|Number=Sing	1	1.000	form_absent
antilopi	antilope	NOUN	Gender=Fem|Number=Plur	1	1.000	form_absent
anzichè	anziché	SCONJ	_	1	1.000	form_absent
appoderato	appoderato	ADJ	Gender=Masc|Number=Sing	1	1.000	form_absent
approntamento	approntamento	NOUN	Gender=Masc|Number=Sing	1	1.000	form_absent
ar.co.	ar.co.	NOUN	_	1	1.000	form_absent
arabbiano	arabbiano	VERB	Mood=Ind|Number=Plur|Person=3|Tense=Pres|VerbForm=Fin	1	1.000	form_absent
arbitrarietà	arbitrarietà	NOUN	Gender=Fem	1	1.000	form_absent
architettonicamente	architettonicamente	ADV	_	1	1.000	form_absent
ariosità	ariosità	NOUN	Gender=Fem|Number=Sing	1	1.000	form_absent
arme	arma	NOUN	Gender=Fem|Number=Plur	1	1.000	form_absent
arricciatura	arricciatura	NOUN	Gender=Fem|Number=Sing	1	1.000	form_absent
arriviste	arrivista	ADJ	Gender=Fem|Number=Plur	1	1.000	form_absent
assonometria	assonometria	NOUN	Gender=Fem|Number=Sing	1	1.000	form_absent
astista	astista	NOUN	Number=Sing	1	0.333	form_absent
attaccapanni	attaccapanni	NOUN	Gender=Masc	1	1.000	form_absent
attack	attack	NOUN	_	1	1.000	form_absent
attender	attendere	VERB	VerbForm=Inf	1	1.000	form_absent
audio	audio	NOUN	Gender=Masc	1	0.250	form_absent
austro	austro	ADJ	_	1	1.000	form_absent
autiste	autista	NOUN	Gender=Fem|Number=Plur	1	1.000	form_absent
auto-test	auto-test	NOUN	Gender=Masc	1	1.000	form_absent
autocolonne	autocolonna	NOUN	Gender=Fem|Number=Plur	1	1.000	form_absent
autografia	autografia	NOUN	Gender=Fem|Number=Sing	1	1.000	form_absent
aux	aux	ADP	_	1	0.500	form_absent
aux	aux	X	Foreign=Yes	1	0.500	form_absent
avances	avances	NOUN	_	1	1.000	form_absent
avant	avant	X	Foreign=Yes	1	1.000	form_absent
avette	avette	VERB	Mood=Ind|Number=Plur|Person=2|Tense=Pres|VerbForm=Fin	1	1.000	form_absent
avionica	avionica	NOUN	Gender=Fem|Number=Sing	1	1.000	form_absent
avocati	avocare	VERB	Gender=Masc|Number=Plur|Tense=Past|VerbForm=Part	1	1.000	form_absent
avvizzimento	avvizzimento	NOUN	Gender=Masc|Number=Sing	1	1.000	form_absent
ayinhore	ayinhore	NOUN	_	1	1.000	form_absent
azionabile	azionabile	ADJ	Number=Sing	1	1.000	form_absent
azionari	azionario	ADJ	Gender=Masc|Number=Plur	1	1.000	form_absent
azionario	azionario	ADJ	Gender=Masc|Number=Sing	1	1.000	form_absent
azteco	azteco	ADJ	Gender=Masc|Number=Sing	1	1.000	form_absent
b.r.	b.r.	NOUN	_	1	1.000	form_absent
babilonesi	babilonese	NOUN	Number=Plur	1	1.000	form_absent
back	back	X	Foreign=Yes	1	1.000	form_absent
bad	bad	NOUN	_	1	1.000	form_absent
baiane	baiano	NOUN	Gender=Fem|Number=Plur	1	1.000	form_absent
bambinata	bambinata	NOUN	Gender=Fem|Number=Sing	1	1.000	form_absent
barbares	barbares	PROPN	Foreign=Yes	1	1.000	form_absent
barilotto	barilotto	NOUN	Gender=Masc|Number=Sing	1	1.000	form_absent
barometrica	barometrico	ADJ	Gender=Fem|Number=Sing	1	1.000	form_absent
batista	batista	NOUN	Gender=Fem|Number=Sing	1	1.000	form_absent
be	Be	PROPN	_	1	1.000	form_absent
beacon	beacon	NOUN	Gender=Masc	1	1.000	form_absent
belgradese	belgradese	ADJ	Number=Sing	1	1.000	form_absent
berlingueriana	berlingueriano	ADJ	Gender=Fem|Number=Sing	1	1.000	form_absent
berlusconiana	berlusconiano	ADJ	Gender=Fem|Number=Sing	1	1.000	form_absent
best	best	ADJ	_	1	1.000	form_absent
biancoridenti	biancoridente	ADJ	Number=Plur	1	1.000	form_absent
bicottura	bicottura	NOUN	Gender=Fem|Number=Sing	1	1.000	form_absent
bifida	bifida	ADJ	Gender=Fem|Number=Sing	1	1.000	form_absent
bilanciatura	bilanciatura	NOUN	Gender=Fem|Number=Sing	1	1.000	form_absent
bill	bill	NOUN	_	1	1.000	form_absent
bimestre	bimestre	NOUN	Gender=Masc|Number=Sing	1	1.000	form_absent
bipenne	bipenne	NOUN	Gender=Fem|Number=Sing	1	1.000	form_absent
bituminose	bituminoso	ADJ	Gender=Fem|Number=Plur	1	1.000	form_absent
blanking	blanking	NOUN	_	1	1.000	form_absent
boulevard	boulevard	NOUN	Gender=Masc	1	1.000	form_absent
bow-window	bow-window	NOUN	_	1	1.000	form_absent
brache	braca	NOUN	Gender=Fem|Number=Plur	1	1.000	form_absent
bradipo	bradipo	NOUN	Gender=Masc|Number=Sing	1	1.000	form_absent
brianzola	brianzolo	ADJ	Gender=Fem|Number=Sing	1	1.000	form_absent
broccoli	broccolo	NOUN	Gender=Masc|Number=Plur	1	1.000	form_absent
bubbonica	bubbonico	ADJ	Gender=Fem|Number=Sing	1	1.000	form_absent
buon'	buono	ADJ	Gender=Masc|Number=Sing	1	1.000	form_absent
business	business	NOUN	Gender=Masc	1	1.000	form_absent
buzkashi	buzkashi	NOUN	Gender=Masc|Number=Plur	1	1.000	form_absent
bypass	bypass	NOUN	Gender=Masc	1	1.000	form_absent
c.f.	c.f.	X	_	1	1.000	form_absent
c.p.c.	c.p.c.	NOUN	Gender=Masc|Number=Sing	1	1.000	form_absent
c1	c1	PROPN	_	1	1.000	form_absent
ca	circa	ADP	_	1	1.000	form_absent
cagnaccia	cagnaccia	NOUN	Gender=Fem|Number=Sing	1	1.000	form_absent
camelidi	camelidi	NOUN	Gender=Masc|Number=Plur	1	1.000	form_absent
cancelliera	cancelliera	NOUN	Gender=Fem|Number=Sing	1	1.000	form_absent
candomblè	candomblè	NOUN	Gender=Masc|Number=Sing	1	1.000	form_absent
cannabis	cannabis	NOUN	Gender=Fem|Number=Sing	1	1.000	form_absent
cannella	cannella	NOUN	Gender=Fem|Number=Sing	1	1.000	form_absent
cantra	cantra	NOUN	Gender=Fem|Number=Sing	1	1.000	form_absent
capisaldi	caposaldo	NOUN	Gender=Masc|Number=Plur	1	1.000	form_absent
capitonnè	capitonnè	NOUN	_	1	1.000	form_absent
capocantiere	capocantiere	NOUN	Gender=Masc|Number=Sing	1	1.000	form_absent
capoccia	capoccia	NOUN	Gender=Fem|Number=Sing	1	1.000	form_absent
capoequipaggio	capoequipaggio	NOUN	Gender=Masc|Number=Sing	1	1.000	form_absent
capolinea	capolinea	NOUN	Gender=Masc|Number=Sing	1	1.000	form_absent
capolino	capolino	NOUN	Gender=Masc|Number=Sing	1	1.000	form_absent
capoposto	capoposto	NOUN	Gender=Masc|Number=Sing	1	1.000	form_absent
capote	capote	NOUN	Gender=Fem	1	1.000	form_absent
capre	capra	NOUN	Gender=Fem|Number=Plur	1	1.000	form_absent
caraibica	caraibica	ADJ	Gender=Fem|Number=Sing	1	1.000	form_absent
caraibici	caraibico	ADJ	Gender=Masc|Number=Plur	1	1.000	form_absent
cardiopalmo	cardiopalmo	NOUN	Gender=Masc|Number=Sing	1	1.000	form_absent
carponi	carponi	ADV	_	1	1.000	form_absent
carrettiere	carrettiere	NOUN	Gender=Masc|Number=Sing	1	1.000	form_absent
carrier	carrier	NOUN	Gender=Masc	1	1.000	form_absent
carrillon	carrillon	NOUN	Gender=Masc|Number=Sing	1	1.000	form_absent
casaccio	casaccio	NOUN	Gender=Masc|Number=Sing	1	1.000	form_absent
casseruole	casseruola	NOUN	Gender=Fem|Number=Plur	1	1.000	form_absent
cassettini	cassettino	NOUN	Gender=Masc|Number=Plur	1	1.000	form_absent
castrista	castrista	ADJ	Number=Sing	1	1.000	form_absent
cataletto	cataletto	NOUN	Gender=Masc|Number=Sing	1	1.000	form_absent
catchy	catchy	ADJ	_	1	1.000	form_absent
categoriale	categoriale	ADJ	Number=Sing	1	1.000	form_absent
cattività	cattività	NOUN	Gender=Fem	1	1.000	form_absent
caverna	caverna	NOUN	Gender=Fem|Number=Sing	1	1.000	form_absent
cedibilità	cedibilità	NOUN	Gender=Fem	1	1.000	form_absent
cedui	ceduo	ADJ	Gender=Masc|Number=Plur	1	1.000	form_absent
celiato	celiare	VERB	Gender=Masc|Number=Sing|Tense=Past|VerbForm=Part	1	1.000	form_absent
cenotafio	cenotafio	NOUN	Gender=Masc|Number=Sing	1	1.000	form_absent
centimentri	centimentri	NOUN	Gender=Masc|Number=Plur	1	1.000	form_absent
cfg	cfg	NOUN	Gender=Fem	1	1.000	form_absent
ch'	perché	SCONJ	_	1	1.000	form_absent
champignon	champignon	NOUN	_	1	1.000	form_absent
channel	channel	NOUN	Gender=Masc	1	1.000	form_absent
cheratina	cheratina	NOUN	Gender=Fem|Number=Sing	1	1.000	form_absent
chilogrammi	chilogrammo	NOUN	Gender=Masc|Number=Plur	1	1.000	form_absent
chiodini	chiodino	NOUN	Gender=Masc|Number=Plur	1	1.000	form_absent
chè	poiché	SCONJ	_	1	1.000	form_absent
cialtronaggine	cialtronaggine	NOUN	Gender=Fem|Number=Sing	1	1.000	form_absent
cicloergometro	cicloergometro	NOUN	Gender=Masc|Number=Sing	1	1.000	form_absent
ciecamente	ciecamente	ADV	_	1	1.000	form_absent
cimasa	cimasa	NOUN	Gender=Fem|Number=Sing	1	1.000	form_absent
cinquantottenne	cinquantottenne	ADJ	Number=Sing	1	1.000	form_absent
cinquant’	cinquanta	NUM	NumType=Card	1	1.000	form_absent
cisterna	cisterna	NOUN	Gender=Fem|Number=Sing	1	1.000	form_absent
clinic	clinic	NOUN	Gender=Masc|Number=Sing	1	1.000	form_absent
clitoride	clitoride	NOUN	Gender=Fem|Number=Sing	1	1.000	form_absent
clorofilla	clorofilla	NOUN	Gender=Fem|Number=Sing	1	1.000	form_absent
closing	closing	NOUN	_	1	0.500	form_absent
closing	closing	NOUN	Gender=Masc	1	0.500	form_absent
clutter	clutter	NOUN	Gender=Masc	1	1.000	form_absent
co	co	ADJ	Gender=Masc|Number=Sing	1	1.000	form_absent
coast	coast	NOUN	_	1	1.000	form_absent
coattivamente	coattivamente	ADV	_	1	1.000	form_absent
cobalto	cobalto	NOUN	Gender=Masc|Number=Sing	1	1.000	form_absent
coca	coca	NOUN	Gender=Fem|Number=Sing	1	1.000	form_absent
coenfiteuti	coenfiteuta	NOUN	Gender=Masc|Number=Plur	1	1.000	form_absent
coeredi	coeredi	NOUN	Gender=Masc|Number=Plur	1	1.000	form_absent
cofinanziamento	cofinanziamento	NOUN	Gender=Masc|Number=Sing	1	1.000	form_absent
coibenza	coibenza	NOUN	Gender=Fem|Number=Sing	1	1.000	form_absent
col.	col.	NOUN	_	1	0.500	form_absent
col.	colonnello	NOUN	Gender=Masc|Number=Sing	1	0.500	form_absent
colatoi	colatoio	NOUN	Gender=Masc|Number=Plur	1	1.000	form_absent
colature	colatura	NOUN	Gender=Fem|Number=Plur	1	1.000	form_absent
colloidale	colloidale	ADJ	Number=Sing	1	1.000	form_absent
colombaia	colombaia	NOUN	Gender=Fem|Number=Sing	1	1.000	form_absent
coltivatrice	coltivatore	ADJ	Gender=Fem|Number=Sing	1	1.000	form_absent
comboniani	comboniano	ADJ	Gender=Masc|Number=Plur	1	1.000	form_absent
commerciabilità	commerciabilità	NOUN	Gender=Fem	1	1.000	form_absent
commissivo	commissivo	ADJ	Gender=Masc|Number=Sing	1	1.000	form_absent
commodoro	commodoro	NOUN	Gender=Masc|Number=Sing	1	1.000	form_absent
compartecipe	compartecipe	ADJ	Gender=Fem|Number=Plur	1	1.000	form_absent
complaints	complaints	NOUN	_	1	1.000	form_absent
complessione	complessione	NOUN	Gender=Fem|Number=Sing	1	1.000	form_absent
computazionale	computazionale	ADJ	Number=Sing	1	1.000	form_absent
concertmaster	concertmaster	NOUN	Gender=Masc	1	1.000	form_absent
conciatore	conciatore	NOUN	Gender=Masc|Number=Sing	1	1.000	form_absent
concorsuale	concorsuale	ADJ	Number=Sing	1	1.000	form_absent
condebitori	condebitori	NOUN	Gender=Masc|Number=Plur	1	1.000	form_absent
conduttivi	conduttivo	ADJ	Gender=Masc|Number=Plur	1	1.000	form_absent
confermativo	confermativo	ADJ	Gender=Masc|Number=Sing	1	1.000	form_absent
configurazionalità	configurazionalità	NOUN	Gender=Fem	1	1.000	form_absent
confort	confort	NOUN	_	1	1.000	form_absent
congruente	congruente	ADJ	Number=Sing	1	1.000	form_absent
conifera	conifera	NOUN	Gender=Fem|Number=Sing	1	1.000	form_absent
conigliera	conigliera	NOUN	Gender=Fem|Number=Sing	1	1.000	form_absent
connetter	connettere	VERB	VerbForm=Inf	1	1.000	form_absent
consequenziale	consequenziale	ADJ	Gender=Masc|Number=Sing	1	0.500	form_absent
consequenziale	consequenziale	ADJ	Number=Sing	1	0.500	form_absent
conservifici	conservifici	NOUN	Gender=Masc|Number=Plur	1	1.000	form_absent
conservificio	conservificio	NOUN	Gender=Masc|Number=Sing	1	1.000	form_absent
consorziali	consorziale	ADJ	Number=Plur	1	1.000	form_absent
contraffatti	contraffatto	ADJ	Gender=Masc|Number=Plur	1	1.000	form_absent
contraffatto	contraffare	VERB	Gender=Masc|Number=Sing|Tense=Past|VerbForm=Part	1	1.000	form_absent
convolvoli	convolvolo	NOUN	Gender=Masc|Number=Plur	1	1.000	form_absent
cool	cool	ADJ	_	1	1.000	form_absent
copiatura	copiatura	NOUN	Gender=Fem|Number=Sing	1	1.000	form_absent
copiosamente	copiosamente	ADV	_	1	1.000	form_absent
coronarografia	coronarografia	NOUN	Gender=Fem|Number=Sing	1	1.000	form_absent
corpuscolate	corpuscolato	ADJ	Gender=Fem|Number=Plur	1	1.000	form_absent
corruttiva	corruttiva	ADJ	Gender=Fem|Number=Sing	1	1.000	form_absent
coscienziosità	coscienziosità	NOUN	Gender=Fem	1	1.000	form_absent
counselor	counselor	NOUN	_	1	1.000	form_absent
counter	counter	ADJ	_	1	1.000	form_absent
court	court	X	Foreign=Yes	1	1.000	form_absent
courtisanes	courtisanes	NOUN	_	1	1.000	form_absent
credit	credit	NOUN	_	1	1.000	form_absent
crepuscolari	crepuscolare	ADJ	Number=Plur	1	1.000	form_absent
croquet	croquet	NOUN	Gender=Masc	1	1.000	form_absent
cross	cross	NOUN	Gender=Masc	1	1.000	form_absent
crostini	crostino	NOUN	Gender=Masc|Number=Plur	1	1.000	form_absent
cubbaita	cubbaita	NOUN	Gender=Fem|Number=Sing	1	1.000	form_absent
cullina	cullina	NOUN	Gender=Fem|Number=Sing	1	1.000	form_absent
cultural	cultural	ADJ	_	1	0.500	form_absent
cultural	cultural	X	Number=Sing	1	0.500	form_absent
cup	cup	NOUN	Gender=Fem	1	1.000	form_absent
d	d	X	_	1	0.200	form_absent
d.o.c.	d.o.c.	NOUN	_	1	1.000	form_absent
dans	dans	X	Foreign=Yes	1	0.500	form_absent
dans	dans	ADP	_	1	0.500	form_absent
deathsters	deathster	NOUN	Number=Plur	1	1.000	form_absent
debitorio	debitorio	ADJ	Gender=Masc|Number=Sing	1	1.000	form_absent
decalcificazione	decalcificazione	NOUN	Gender=Fem|Number=Sing	1	1.000	form_absent
decasillabo	decasillabo	ADJ	Gender=Masc|Number=Sing	1	1.000	form_absent
decatleta	decatleta	NOUN	Gender=Masc|Number=Sing	1	1.000	form_absent
decoy	decoy	NOUN	_	1	1.000	form_absent
default	default	NOUN	Gender=Masc	1	1.000	form_absent
deluxe	deluxe	NOUN	_	1	1.000	form_absent
demarcatura	demarcatura	NOUN	Gender=Fem|Number=Sing	1	1.000	form_absent
demistificatorie	demistificatorio	ADJ	Gender=Fem|Number=Plur	1	1.000	form_absent
denervato	denervare	VERB	Gender=Masc|Number=Sing|Tense=Past|VerbForm=Part	1	0.500	form_absent
denervato	denervato	ADJ	Gender=Masc|Number=Sing	1	0.500	form_absent
denudazioni	denudazione	NOUN	Gender=Fem|Number=Plur	1	1.000	form_absent
depilatoria	depilatorio	ADJ	Gender=Fem|Number=Sing	1	1.000	form_absent
des	des	X	Foreign=Yes	1	0.200	form_absent
des	di	ADP	_	1	0.200	form_absent
descoverta	descoverta	NOUN	Gender=Fem|Number=Sing	1	1.000	form_absent
desencanto	desencanto	NOUN	_	1	1.000	form_absent
dessert	dessert	NOUN	Gender=Masc	1	1.000	form_absent
detection	detection	NOUN	_	1	0.500	form_absent
detection	detection	NOUN	Gender=Fem	1	0.500	form_absent
deterministica	deterministico	ADJ	Gender=Fem|Number=Sing	1	1.000	form_absent
deterministico	deterministico	ADJ	Gender=Masc|Number=Sing	1	1.000	form_absent
detezione	detezione	NOUN	Gender=Fem|Number=Sing	1	1.000	form_absent
die	die	X	Foreign=Yes	1	1.000	form_absent
diefenbachiana	diefenbachiano	ADJ	Gender=Fem|Number=Sing	1	1.000	form_absent
difatti	difatti	CCONJ	_	1	1.000	form_absent
digesto	digesto	NOUN	Gender=Masc|Number=Sing	1	1.000	form_absent
dinnanzi	dinnanzi	ADV	ExtPos=ADP	1	1.000	form_absent
diossido	diossido	ADJ	Gender=Masc|Number=Sing	1	1.000	form_absent
disabilitazione	disabilitazione	NOUN	Gender=Fem|Number=Sing	1	1.000	form_absent
discepolato	discepolato	NOUN	Gender=Masc|Number=Sing	1	1.000	form_absent
discrezionalmente	discrezionalmente	ADV	_	1	1.000	form_absent
disordinatamente	disordinatamente	ADV	_	1	1.000	form_absent
dispor	disporre	VERB	VerbForm=Inf	1	1.000	form_absent
disruptive	disruptive	ADJ	Gender=Fem|Number=Plur	1	1.000	form_absent
distrar	distrarre	VERB	VerbForm=Inf	1	1.000	form_absent
dittatorello	dittatorello	NOUN	Gender=Masc|Number=Sing	1	1.000	form_absent
dittico	dittico	NOUN	Gender=Masc|Number=Sing	1	1.000	form_absent
documentarismo	documentarismo	NOUN	Gender=Masc|Number=Sing	1	1.000	form_absent
dolciumi	dolciume	NOUN	Gender=Masc|Number=Plur	1	1.000	form_absent
dopogara	dopogara	NOUN	Gender=Masc|Number=Sing	1	1.000	form_absent
dotale	dotale	ADJ	Number=Sing	1	1.000	form_absent
dovunque	dovunque	SCONJ	_	1	1.000	form_absent
draft	draft	NOUN	_	1	1.000	form_absent
drammatughi	drammatughi	NOUN	Gender=Masc|Number=Plur	1	1.000	form_absent
drink	drink	NOUN	Gender=Masc	1	1.000	form_absent
du	du	ADP	_	1	0.500	form_absent
du	du	ADP	Gender=Masc|Number=Sing	1	0.500	form_absent
duecentoventidue	duecentoventidue	NUM	NumType=Card	1	1.000	form_absent
e'	essere	AUX	Mood=Ind|Number=Sing|Person=3|Tense=Pres|VerbForm=Fin	1	1.000	form_absent
easing	easing	NOUN	_	1	1.000	form_absent
ebanisteria	ebanisteria	NOUN	Gender=Fem|Number=Sing	1	1.000	form_absent
ebollizione	ebollizione	NOUN	Gender=Fem|Number=Sing	1	1.000	form_absent
eccetto	eccetto	ADP	_	1	0.500	form_absent
eccetto	eccetto	ADV	ExtPos=SCONJ	1	0.500	form_absent
ecologismo	ecologismo	NOUN	Gender=Masc|Number=Sing	1	1.000	form_absent
econucleari	econucleare	ADJ	Number=Plur	1	1.000	form_absent
editing	editing	NOUN	Gender=Masc	1	1.000	form_absent
education	education	NOUN	_	1	1.000	form_absent
effettistica	effettistica	NOUN	Gender=Fem|Number=Sing	1	1.000	form_absent
effettività	effettività	NOUN	Gender=Fem	1	1.000	form_absent
effluenti	effluente	NOUN	Gender=Masc|Number=Plur	1	1.000	form_absent
ei	egli	PRON	Gender=Masc|Number=Sing|Person=3|PronType=Prs	1	1.000	form_absent
elettrificazione	elettrificazione	NOUN	Gender=Fem|Number=Sing	1	1.000	form_absent
elettronicamente	elettronicamente	ADV	_	1	1.000	form_absent
ella	ella	PRON	Gender=Fem|Number=Sing|Person=3|PronType=Prs	1	1.000	form_absent
employés	employés	NOUN	Number=Plur	1	1.000	form_absent
en	en	X	Foreign=Yes	1	1.000	form_absent
endocrinologo	endocrinologo	NOUN	Gender=Masc|Number=Sing	1	1.000	form_absent
enjambement	enjambement	NOUN	_	1	1.000	form_absent
enni	enni	X	_	1	1.000	form_absent
entrofuoribordo	entrofuoribordo	ADJ	_	1	1.000	form_absent
equinozio	equinozio	NOUN	Gender=Masc|Number=Sing	1	1.000	form_absent
equitativa	equitativo	ADJ	Gender=Fem|Number=Sing	1	1.000	form_absent
escort	escort	NOUN	_	1	1.000	form_absent
esfiltrazione	esfiltrazione	NOUN	Gender=Fem|Number=Sing	1	1.000	form_absent
esfoliante	esfoliante	ADJ	Number=Sing	1	1.000	form_absent
esiger	esigere	VERB	VerbForm=Inf	1	1.000	form_absent
esisitito	esisitito	ADJ	Gender=Masc|Number=Sing	1	1.000	form_absent
espletamento	espletamento	NOUN	Gender=Masc|Number=Sing	1	1.000	form_absent
esplosività	esplosività	NOUN	Gender=Fem	1	1.000	form_absent
espor	esporre	VERB	VerbForm=Inf	1	1.000	form_absent
est	est	X	Foreign=Yes	1	0.125	form_absent
est	est	NOUN	Gender=Masc	1	0.125	form_absent
estrar	estrarre	VERB	VerbForm=Inf	1	1.000	form_absent
estrinsecità	estrinsecità	NOUN	Gender=Fem	1	1.000	form_absent
etene	etene	NOUN	Gender=Masc|Number=Sing	1	1.000	form_absent
eucaliptus	eucaliptus	X	Foreign=Yes	1	1.000	form_absent
evizione	evizione	NOUN	Gender=Fem|Number=Sing	1	1.000	form_absent
evolver	evolvere	VERB	VerbForm=Inf	1	1.000	form_absent
ex-chitarrista	ex-chitarrista	NOUN	Gender=Masc|Number=Sing	1	1.000	form_absent
exfoliant	exfoliant	ADJ	_	1	1.000	form_absent
expertise	expertise	NOUN	Gender=Fem	1	1.000	form_absent
expo	expo	NOUN	Gender=Masc|Number=Sing	1	1.000	form_absent
extravergine	extravergine	ADJ	Number=Sing	1	1.000	form_absent
fast	fast	NOUN	_	1	0.333	form_absent
fatiscenti	fatiscente	ADJ	Number=Plur	1	1.000	form_absent
fazenda	fazenda	NOUN	Gender=Fem	1	1.000	form_absent
federe	federa	NOUN	Gender=Fem|Number=Plur	1	1.000	form_absent
fiammature	fiammatura	NOUN	Gender=Fem|Number=Plur	1	1.000	form_absent
fibbie	fibbia	NOUN	Gender=Fem|Number=Plur	1	1.000	form_absent
filomonarchiche	filomonarchiche	ADJ	Gender=Fem|Number=Plur	1	1.000	form_absent
filosofe	filosofo	NOUN	Gender=Fem|Number=Plur	1	1.000	form_absent
finanziarizzazione	finanziarizzazione	NOUN	Gender=Fem|Number=Sing	1	1.000	form_absent
finitimi	finitimo	ADJ	Gender=Masc|Number=Plur	1	1.000	form_absent
fisiologicamente	fisiologicamente	ADV	_	1	1.000	form_absent
flagranza	flagranza	NOUN	Gender=Fem|Number=Sing	1	1.000	form_absent
flatulente	flatulente	ADJ	Number=Sing	1	1.000	form_absent
fog	fog	NOUN	_	1	1.000	form_absent
fogliari	fogliare	ADJ	Number=Plur	1	1.000	form_absent
folico	folico	ADJ	Gender=Masc|Number=Sing	1	1.000	form_absent
folkloristica	folkloristica	ADJ	Gender=Fem|Number=Sing	1	1.000	form_absent
folkloristico	folkloristico	ADJ	Gender=Masc|Number=Sing	1	1.000	form_absent
fonografo	fonografo	NOUN	Gender=Masc|Number=Sing	1	1.000	form_absent
forward	forward	NOUN	_	1	1.000	form_absent
fotochimiche	fotochimico	ADJ	Gender=Fem|Number=Plur	1	1.000	form_absent
france	france	NOUN	_	1	1.000	form_absent
frangiflutti	frangiflutti	ADJ	_	1	1.000	form_absent
française	française	ADJ	Number=Sing	1	1.000	form_absent
frassino	frassino	NOUN	Gender=Masc|Number=Sing	1	1.000	form_absent
frattali	frattali	NOUN	Gender=Masc|Number=Plur	1	1.000	form_absent
freddo.Molti	freddo.Molti	X	_	1	1.000	form_absent
freneticamente	freneticamente	ADV	_	1	1.000	form_absent
frequency-hopping	frequency-hopping	NOUN	Gender=Masc	1	1.000	form_absent
frettolosamente	frettolosamente	ADV	_	1	1.000	form_absent
from	from	ADP	_	1	1.000	form_absent
fruitrici	fruitore	ADJ	Gender=Fem|Number=Plur	1	1.000	form_absent
fubbia	fubbia	NOUN	Gender=Fem|Number=Sing	1	1.000	form_absent
fund	fund	NOUN	_	1	1.000	form_absent
fundi	fundi	X	Foreign=Yes	1	1.000	form_absent
fundo	fundo	X	Foreign=Yes	1	1.000	form_absent
funtore	funtore	NOUN	Gender=Masc|Number=Sing	1	1.000	form_absent
furor	furore	NOUN	Gender=Masc|Number=Sing	1	1.000	form_absent
g	g	NOUN	_	1	0.500	form_absent
g	g	X	_	1	0.500	form_absent
gaelico	gaelico	NOUN	Gender=Masc|Number=Sing	1	1.000	form_absent
gandhianamente	gandhianamente	ADV	_	1	1.000	form_absent
gargarismi	gargarismo	NOUN	Gender=Masc|Number=Plur	1	1.000	form_absent
gassate	gassato	ADJ	Gender=Fem|Number=Plur	1	1.000	form_absent
generosus	generosus	ADJ	_	1	1.000	form_absent
genitivo	genitivo	NOUN	Gender=Masc|Number=Sing	1	1.000	form_absent
gentil	gentile	ADJ	Number=Sing	1	1.000	form_absent
ghiandolare	ghiandolare	ADJ	Number=Sing	1	1.000	form_absent
giacobite	giacobite	ADJ	Gender=Fem|Number=Plur	1	1.000	form_absent
giambici	giambici	ADJ	Gender=Masc|Number=Plur	1	1.000	form_absent
giambo	giambo	NOUN	Gender=Masc|Number=Sing	1	1.000	form_absent
gigabyte	gigabyte	NOUN	Gender=Masc|Number=Sing	1	1.000	form_absent
ginnatrice	ginnatrice	NOUN	Gender=Fem|Number=Sing	1	1.000	form_absent
giovamento	giovamento	NOUN	Gender=Masc|Number=Sing	1	1.000	form_absent
giraffa	giraffa	NOUN	Gender=Fem|Number=Sing	1	1.000	form_absent
giudizialmente	giudizialmente	ADV	_	1	1.000	form_absent
glie	gli	PRON	Clitic=Yes|Number=Sing|Person=3|PronType=Prs	1	0.100	form_absent
godrà	godere	VERB	Mood=Ind|Number=Sing|Person=3|Tense=Fut|VerbForm=Fin	1	1.000	form_absent
golden	golden	NOUN	Gender=Masc	1	1.000	form_absent
gomene	gomena	NOUN	Gender=Fem|Number=Plur	1	1.000	form_absent
goveno	goveno	NOUN	Gender=Masc|Number=Sing	1	1.000	form_absent
governance	governance	ADJ	Gender=Fem|Number=Plur	1	0.250	form_absent
grafo	grafo	NOUN	Gender=Masc|Number=Sing	1	1.000	form_absent
granturco	granturco	NOUN	Gender=Masc|Number=Sing	1	1.000	form_absent
gres	gres	NOUN	Gender=Masc	1	1.000	form_absent
gronde	gronda	NOUN	Gender=Fem|Number=Plur	1	1.000	form_absent
grossezza	grossezza	NOUN	Gender=Fem|Number=Sing	1	1.000	form_absent
group	group	NOUN	Number=Sing	1	1.000	form_absent
growl	growl	NOUN	Gender=Masc	1	1.000	form_absent
gràmole	gràmole	ADJ	Gender=Fem|Number=Plur	1	1.000	form_absent
grès	grès	NOUN	Gender=Masc|Number=Sing	1	1.000	form_absent
guanciale	guanciale	NOUN	Gender=Masc|Number=Sing	1	1.000	form_absent
guantaio	guantaio	NOUN	Gender=Masc|Number=Sing	1	1.000	form_absent
guardalinee	guardalinee	NOUN	Gender=Masc	1	1.000	form_absent
guarisici	guarire	VERB	Mood=Ind|Number=Sing|Person=2|Tense=Pres|VerbForm=Fin	1	1.000	form_absent
guidance	guidance	NOUN	_	1	1.000	form_absent
happy	happy	X	Foreign=Yes	1	1.000	form_absent
heavy	heavy	ADJ	_	1	1.000	form_absent
hedge	hedge	ADJ	Gender=Fem|Number=Plur	1	1.000	form_absent
hi	hi	NOUN	Gender=Masc|Number=Plur	1	1.000	form_absent
hiragana	hiragana	NOUN	_	1	1.000	form_absent
hitters	hitters	NOUN	Gender=Masc	1	1.000	form_absent
hockey	hockey	NOUN	Gender=Masc	1	1.000	form_absent
hopping	hopping	NOUN	_	1	1.000	form_absent
hot	hot	ADJ	_	1	1.000	form_absent
hs	hs	NOUN	_	1	1.000	form_absent
http	http	NOUN	_	1	1.000	form_absent
http://europa.eu.int/comm/secretariat@general/sgb/state@aids	http://europa.eu.int/comm/secretariat@general/sgb/state@aids	SYM	_	1	1.000	form_absent
http://www.linkiesta.it/Locatelli-lombardia-Nicoli-regione	http://www.linkiesta.it/Locatelli-lombardia-Nicoli-regione	SYM	_	1	1.000	form_absent
hurts	hurts	X	Foreign=Yes	1	1.000	form_absent
hutu	hutu	ADJ	_	1	1.000	form_absent
hye	hye	PROPN	Gender=Fem|Number=Plur	1	1.000	form_absent
i1	il	DET	Definite=Def|Gender=Masc|Number=Sing|PronType=Art	1	1.000	form_absent
identificativo	identificativo	ADJ	Gender=Masc|Number=Sing	1	1.000	form_absent
idolatrata	idolatrare	ADJ	Gender=Fem|Number=Sing	1	1.000	form_absent
igroscopicità	igroscopicità	NOUN	Gender=Fem	1	1.000	form_absent
illusionistiche	illusionistico	ADJ	Gender=Fem|Number=Plur	1	1.000	form_absent
illusoriamente	illusoriamente	ADV	_	1	1.000	form_absent
impastatrice	impastatore	NOUN	Gender=Fem|Number=Sing	1	1.000	form_absent
impercettibilmente	impercettibilmente	ADV	_	1	1.000	form_absent
impiallacciature	impiallacciatura	NOUN	Gender=Fem|Number=Plur	1	1.000	form_absent
impiantistico	impiantistico	ADJ	Gender=Masc|Number=Sing	1	1.000	form_absent
impietosamente	impietosamente	ADV	_	1	1.000	form_absent
impor	imporre	VERB	VerbForm=Inf	1	1.000	form_absent
import-export	import-export	NOUN	Gender=Masc	1	1.000	form_absent
impregnazione	impregnazione	NOUN	Gender=Fem|Number=Sing	1	1.000	form_absent
improcrastinabili	improcrastinabile	ADJ	Number=Plur	1	1.000	form_absent
inalveamento	inalveamento	NOUN	Gender=Masc|Number=Sing	1	1.000	form_absent
inamena	inameno	ADJ	Gender=Fem|Number=Sing	1	1.000	form_absent
inassorbente	inassorbente	ADJ	Number=Sing	1	1.000	form_absent
inassorbenti	inassorbente	ADJ	Number=Plur	1	1.000	form_absent
incerottato	incerottato	ADJ	Gender=Masc|Number=Sing	1	1.000	form_absent
incirca	incirca	ADV	_	1	1.000	form_absent
inconclusa	inconcluso	ADJ	Gender=Fem|Number=Sing	1	1.000	form_absent
inconsciamente	inconsciamente	ADV	_	1	1.000	form_absent
incrementale	incrementale	ADJ	Number=Sing	1	1.000	form_absent
indaco	indaco	NOUN	_	1	1.000	form_absent
indegnità	indegnità	NOUN	Gender=Fem	1	1.000	form_absent
indisponibile	indisponibile	ADJ	Number=Sing	1	1.000	form_absent
indisponibili	indisponibile	ADJ	Number=Plur	1	1.000	form_absent
indocianina	indocianina	ADJ	Gender=Fem|Number=Sing	1	1.000	form_absent
inedia	inedia	NOUN	Gender=Fem|Number=Sing	1	1.000	form_absent
infielder	infielder	NOUN	_	1	1.000	form_absent
infissione	infissione	NOUN	Gender=Fem|Number=Sing	1	1.000	form_absent
ingegneristiche	ingegneristico	ADJ	Gender=Fem|Number=Plur	1	1.000	form_absent
inghiotte	inghiottire	VERB	Mood=Ind|Number=Sing|Person=3|Tense=Pres|VerbForm=Fin	1	1.000	form_absent
ingiallimento	ingiallimento	NOUN	Gender=Masc|Number=Sing	1	1.000	form_absent
ingiustificatamente	ingiustificatamente	ADV	_	1	1.000	form_absent
ingrossamento	ingrossamento	NOUN	Gender=Masc|Number=Sing	1	1.000	form_absent
ink	ink	NOUN	Gender=Masc	1	0.500	form_absent
ink	ink	NOUN	_	1	0.500	form_absent
insensibilmente	insensibilmente	ADV	_	1	1.000	form_absent
insolazione	insolazione	NOUN	Gender=Fem|Number=Sing	1	1.000	form_absent
insospettato	insospettato	ADJ	Gender=Masc|Number=Sing	1	1.000	form_absent
instestataria	instestataria	ADJ	Gender=Fem|Number=Sing	1	1.000	form_absent
integristi	integrista	NOUN	Gender=Masc|Number=Plur	1	1.000	form_absent
interception	interception	NOUN	_	1	1.000	form_absent
interclusione	interclusione	NOUN	Gender=Fem|Number=Sing	1	1.000	form_absent
intercluso	intercluso	ADJ	Gender=Masc|Number=Sing	1	1.000	form_absent
intergenerazionali	intergenerazionali	NOUN	Gender=Masc|Number=Plur	1	1.000	form_absent
intrallazzoni	intrallazzone	ADJ	Gender=Masc|Number=Plur	1	1.000	form_absent
intrauterina	intrauterina	ADJ	Gender=Fem|Number=Sing	1	1.000	form_absent
intravista	intravisto	ADJ	Gender=Fem|Number=Sing	1	1.000	form_absent
inumani	inumano	ADJ	Gender=Masc|Number=Plur	1	1.000	form_absent
inumanità	inumanità	NOUN	Gender=Fem	1	1.000	form_absent
invasions	invasions	PROPN	_	1	1.000	form_absent
iodo	iodo	ADJ	_	1	1.000	form_absent
ionosferici	ionosferico	ADJ	Gender=Masc|Number=Plur	1	1.000	form_absent
ipercapitalista	ipercapitalista	ADJ	Gender=Fem|Number=Sing	1	1.000	form_absent
ipernazionalista	ipernazionalista	ADJ	Number=Sing	1	1.000	form_absent
ipotermia	ipotermia	NOUN	Gender=Fem|Number=Sing	1	1.000	form_absent
irrealizzato	irrealizzato	ADJ	Gender=Masc|Number=Sing	1	1.000	form_absent
irreperibilità	irreperibilità	NOUN	Gender=Fem	1	1.000	form_absent
is	is	VERB	Mood=Ind|Number=Sing|Person=3|Tense=Pres|VerbForm=Fin	1	1.000	form_absent
ischemici	ischemico	ADJ	Gender=Masc|Number=Plur	1	1.000	form_absent
jammers	jammer	NOUN	Number=Plur	1	1.000	form_absent
kain	kain	NOUN	_	1	1.000	form_absent
kana	kana	PROPN	_	1	1.000	form_absent
kanji	kanji	NOUN	_	1	1.000	form_absent
karate	karate	NOUN	Gender=Masc	1	1.000	form_absent
kebab	kebab	NOUN	_	1	1.000	form_absent
king-size	king-size	ADJ	Number=Sing	1	1.000	form_absent
knows	knows	PROPN	Foreign=Yes	1	1.000	form_absent
komeinista	komeinista	ADJ	_	1	1.000	form_absent
laetrile	laetrile	NOUN	Gender=Masc|Number=Sing	1	1.000	form_absent
laid	laid	ADJ	_	1	1.000	form_absent
lanternone	lanternone	NOUN	Gender=Masc|Number=Sing	1	1.000	form_absent
lanute	lanuto	ADJ	Gender=Fem|Number=Plur	1	1.000	form_absent
latenza	latenza	NOUN	Gender=Fem|Number=Sing	1	1.000	form_absent
latere	latere	X	Foreign=Yes	1	1.000	form_absent
lavagnetta	lavagnetta	NOUN	Gender=Fem|Number=Sing	1	1.000	form_absent
lavandaio	lavandaio	NOUN	Gender=Masc|Number=Sing	1	1.000	form_absent
lavorabilità	lavorabilità	NOUN	Gender=Fem	1	1.000	form_absent
leggìo	leggìo	NOUN	Gender=Masc|Number=Sing	1	1.000	form_absent
legnosa	legnoso	ADJ	Gender=Fem|Number=Sing	1	1.000	form_absent
legnosi	legnoso	ADJ	Gender=Masc|Number=Plur	1	1.000	form_absent
les	le	DET	Definite=Def|Number=Plur|PronType=Art	1	1.000	form_absent
lettre	lettre	X	Foreign=Yes	1	1.000	form_absent
liaisons	liaisons	NOUN	_	1	1.000	form_absent
life	life	NOUN	_	1	0.500	form_absent
life	life	X	Foreign=Yes	1	0.500	form_absent
like	like	X	Foreign=Yes	1	1.000	form_absent
linearizzare	linearizzare	VERB	VerbForm=Inf	1	1.000	form_absent
linearizzato	linearizzato	ADJ	Gender=Masc|Number=Sing	1	1.000	form_absent
linfodrenaggio	linfodrenaggio	NOUN	Gender=Masc|Number=Sing	1	1.000	form_absent
linoleum	linoleum	NOUN	Gender=Masc	1	1.000	form_absent
lipizzano	lipizzano	NOUN	Gender=Masc|Number=Sing	1	1.000	form_absent
liposolubili	liposolubili	ADJ	Gender=Masc|Number=Plur	1	1.000	form_absent
liricità	liricità	NOUN	Gender=Fem	1	1.000	form_absent
lituana	lituano	NOUN	Gender=Fem|Number=Sing	1	1.000	form_absent
longa	longa	X	Foreign=Yes	1	1.000	form_absent
lontan	lontano	ADV	_	1	1.000	form_absent
losanga	losanga	NOUN	Gender=Fem|Number=Sing	1	1.000	form_absent
love	love	X	Foreign=Yes	1	1.000	form_absent
lu	il	DET	Definite=Def|Gender=Masc|Number=Sing|PronType=Art	1	1.000	form_absent
lucerna	lucerna	NOUN	Gender=Fem|Number=Sing	1	1.000	form_absent
lunghista	lunghista	NOUN	Number=Sing	1	1.000	form_absent
luogotenenziale	luogotenenziale	ADJ	Number=Sing	1	1.000	form_absent
lupacchiotta	lupacchiotto	NOUN	Gender=Fem|Number=Sing	1	1.000	form_absent
m	m	X	_	1	0.500	form_absent
m	metro	NOUN	Gender=Masc	1	0.500	form_absent
maciullatura	maciullatura	NOUN	Gender=Fem|Number=Sing	1	1.000	form_absent
made	made	X	Foreign=Yes	1	1.000	form_absent
maggese	maggese	NOUN	Gender=Masc|Number=Sing	1	1.000	form_absent
magnitudo	magnitudo	NOUN	Gender=Fem|Number=Sing	1	1.000	form_absent
maliq	maliq	NOUN	_	1	1.000	form_absent
mammarie	mammario	ADJ	Gender=Fem|Number=Plur	1	1.000	form_absent
manciù	manciù	NOUN	Gender=Masc|Number=Plur	1	1.000	form_absent
mandorlo	mandorlo	NOUN	Gender=Masc|Number=Sing	1	1.000	form_absent
manga	manga	NOUN	Gender=Masc	1	1.000	form_absent
manicomiale	manicomiale	ADJ	Number=Sing	1	1.000	form_absent
manus	manus	X	Foreign=Yes	1	1.000	form_absent
map	map	X	Foreign=Yes	1	1.000	form_absent
marcianisani	marcianisani	ADJ	Gender=Masc|Number=Plur	1	1.000	form_absent
margarina	margarina	NOUN	Gender=Fem|Number=Sing	1	1.000	form_absent
marmista	marmista	NOUN	Number=Sing	1	1.000	form_absent
marroncino	marroncino	NOUN	Gender=Masc|Number=Sing	1	1.000	form_absent
martinitt	martinitt	NOUN	Gender=Masc	1	1.000	form_absent
mass	mass	X	Foreign=Yes	1	0.500	form_absent
mass	mass	NOUN	_	1	0.500	form_absent
massaro	massaro	NOUN	Gender=Masc|Number=Sing	1	1.000	form_absent
mauriziano	mauriziano	ADJ	Gender=Masc|Number=Sing	1	1.000	form_absent
maximo	maximo	ADJ	_	1	1.000	form_absent
mc	metrocubo	NOUN	Gender=Masc|Number=Sing	1	1.000	form_absent
meal	meal	NOUN	_	1	1.000	form_absent
measure	measure	NOUN	_	1	1.000	form_absent
megabyte	megabyte	NOUN	Gender=Masc|Number=Plur	1	1.000	form_absent
membra	membra	NOUN	Gender=Fem|Number=Plur	1	1.000	form_absent
men	meno	ADV	_	1	1.000	form_absent
mendace	mendace	ADJ	Number=Sing	1	1.000	form_absent
merceologie	merceologia	NOUN	Gender=Fem|Number=Plur	1	1.000	form_absent
mesozoico	mesozoico	ADJ	Gender=Masc|Number=Sing	1	1.000	form_absent
messaggistica	messaggistica	NOUN	Gender=Fem|Number=Sing	1	1.000	form_absent
meteo	meteo	NOUN	Gender=Masc|Number=Sing	1	1.000	form_absent
mezz'	mezzo	ADJ	Number=Sing	1	1.000	form_absent
mice	mice	NOUN	Number=Plur	1	1.000	form_absent
michelangiolesche	michelangiolesco	ADJ	Gender=Fem|Number=Plur	1	1.000	form_absent
micofobia	micofobia	ADJ	Gender=Fem|Number=Sing	1	1.000	form_absent
micologi	micologo	NOUN	Gender=Masc|Number=Plur	1	1.000	form_absent
micologiche	micologico	ADJ	Gender=Fem|Number=Plur	1	1.000	form_absent
microcavità	microcavità	NOUN	Gender=Fem	1	1.000	form_absent
microfotografia	microfotografia	NOUN	Gender=Fem|Number=Sing	1	1.000	form_absent
microsatellite	microsatellite	NOUN	Gender=Masc|Number=Sing	1	1.000	form_absent
midollino	midollino	NOUN	Gender=Masc|Number=Sing	1	1.000	form_absent
miliare	miliare	ADJ	Number=Sing	1	1.000	form_absent
minimalizzazione	minimalizzazione	NOUN	Gender=Fem|Number=Sing	1	1.000	form_absent
ministro-presidente	ministro-presidente	NOUN	Gender=Masc|Number=Sing	1	1.000	form_absent
minituta	minituta	NOUN	Gender=Fem|Number=Sing	1	1.000	form_absent
minuziosamente	minuziosamente	ADV	_	1	1.000	form_absent
miocardite	miocardite	NOUN	Gender=Fem|Number=Sing	1	1.000	form_absent
miseramente	miseramente	ADV	_	1	1.000	form_absent
misteriosamente	misteriosamente	ADV	_	1	1.000	form_absent
miséres	miséres	NOUN	_	1	1.000	form_absent
mitopoiesi	mitopoiesi	NOUN	Gender=Fem|Number=Sing	1	1.000	form_absent
mixano	mixare	VERB	Mood=Ind|Number=Plur|Person=3|Tense=Pres|VerbForm=Fin	1	1.000	form_absent
mixer	mixer	X	Foreign=Yes|Gender=Masc	1	1.000	form_absent
mld	miliardo	NOUN	Gender=Masc	1	1.000	form_absent
mmHG	mmHG	PROPN	_	1	1.000	form_absent
modificabilità	modificabilità	NOUN	Gender=Fem	1	1.000	form_absent
modularità	modularità	NOUN	Gender=Fem	1	1.000	form_absent
monile	monile	NOUN	Gender=Masc|Number=Sing	1	1.000	form_absent
montagnetta	montagnetta	NOUN	Gender=Fem|Number=Sing	1	1.000	form_absent
moon	moon	X	Foreign=Yes	1	1.000	form_absent
moralia	moralia	X	Foreign=Yes	1	1.000	form_absent
morfemi	morfema	NOUN	Gender=Masc|Number=Plur	1	1.000	form_absent
morrà	morire	VERB	Mood=Ind|Number=Sing|Person=3|Tense=Fut|VerbForm=Fin	1	1.000	form_absent
mortuaria	mortuario	ADJ	Gender=Fem|Number=Sing	1	1.000	form_absent
mozzatesta	mozzatesta	ADJ	Number=Plur	1	1.000	form_absent
mozzetta	mozzetta	NOUN	Gender=Fem|Number=Sing	1	1.000	form_absent
multifunzionali	multifunzionali	ADJ	Gender=Masc|Number=Plur	1	1.000	form_absent
multiplexar	multiplexare	VERB	VerbForm=Inf	1	1.000	form_absent
multiplexate	multiplexato	ADJ	Gender=Fem|Number=Plur	1	1.000	form_absent
multiplexing	multiplexing	NOUN	Gender=Masc	1	1.000	form_absent
multirazziali	multirazziali	ADJ	Number=Plur	1	1.000	form_absent
multizonale	multizonale	ADJ	Number=Sing	1	1.000	form_absent
mundi	Mundi	X	Foreign=Yes	1	1.000	form_absent
muralisti	muralista	NOUN	Number=Plur	1	1.000	form_absent
muscolarmente	muscolarmente	ADV	_	1	1.000	form_absent
my	my	X	Foreign=Yes	1	1.000	form_absent
naturismo	naturismo	NOUN	Gender=Masc|Number=Sing	1	1.000	form_absent
ndr	ndr	NOUN	Gender=Fem|Number=Sing	1	0.167	form_absent
ndrangheta	ndrangheta	NOUN	Gender=Fem|Number=Sing	1	1.000	form_absent
negatoria	negatorio	ADJ	Gender=Fem|Number=Sing	1	1.000	form_absent
neo-assessore	neo-assessore	NOUN	Gender=Masc|Number=Sing	1	1.000	form_absent
neofemminismo	neofemminismo	NOUN	Gender=Masc|Number=Sing	1	1.000	form_absent
neomiliardario	neomiliardario	NOUN	Gender=Masc|Number=Sing	1	1.000	form_absent
neurale	neurale	NOUN	Gender=Fem|Number=Plur	1	1.000	form_absent
nitro	nitro	NOUN	Gender=Masc|Number=Sing	1	1.000	form_absent
nm	nm	NOUN	_	1	1.000	form_absent
nn.	numero	NOUN	Gender=Masc|Number=Plur	1	1.000	form_absent
nobil	nobil	ADJ	Gender=Masc|Number=Sing	1	1.000	form_absent
nobiliari	nobiliare	ADJ	Number=Plur	1	1.000	form_absent
noce	noce	NOUN	Gender=Masc|Number=Sing	1	1.000	form_absent
noci	noce	NOUN	Gender=Fem|Number=Plur	1	1.000	form_absent
normazione	normazione	NOUN	Gender=Fem|Number=Sing	1	1.000	form_absent
nouvelles	nouvelles	X	Foreign=Yes	1	1.000	form_absent
nudismo	nudismo	NOUN	Gender=Masc|Number=Sing	1	1.000	form_absent
nullius	nullius	X	Foreign=Yes	1	1.000	form_absent
nuper	nuper	NOUN	_	1	1.000	form_absent
nus	nus	X	Foreign=Yes	1	1.000	form_absent
nuvolona	nuvolona	NOUN	Gender=Fem|Number=Sing	1	1.000	form_absent
obliquamente	obliquamente	ADV	_	1	1.000	form_absent
oceanografo	oceanografo	NOUN	Gender=Masc|Number=Sing	1	1.000	form_absent
officiel	officiel	ADJ	Gender=Masc|Number=Sing	1	1.000	form_absent
omicida	omicida	ADJ	Number=Sing	1	0.500	form_absent
omicida	omicida	NOUN	Number=Sing	1	0.500	form_absent
omissivo	omissivo	ADJ	Gender=Masc|Number=Sing	1	1.000	form_absent
ongakukan	ongakukan	PROPN	_	1	1.000	form_absent
onor	onore	NOUN	Gender=Masc|Number=Sing	1	1.000	form_absent
ontano	ontano	NOUN	Gender=Masc|Number=Sing	1	1.000	form_absent
oratoriana	oratoriana	ADJ	Gender=Fem|Number=Sing	1	1.000	form_absent
ordinatamente	ordinatamente	ADV	_	1	1.000	form_absent
organ	organ	NOUN	Gender=Masc	1	1.000	form_absent
orifiamma	orifiamma	NOUN	Gender=Fem|Number=Sing	1	1.000	form_absent
ortofrutta	ortofrutta	NOUN	Gender=Fem|Number=Sing	1	1.000	form_absent
ossalico	ossalico	ADJ	Gender=Masc|Number=Sing	1	1.000	form_absent
ossidazione	ossidazione	NOUN	Gender=Fem|Number=Sing	1	1.000	form_absent
ossigenazione	ossigenazione	NOUN	Gender=Fem|Number=Sing	1	1.000	form_absent
otaku	otaku	PROPN	_	1	1.000	form_absent
ottagono	ottagono	NOUN	Gender=Masc|Number=Sing	1	1.000	form_absent
ottemperanza	ottemperanza	NOUN	Gender=Fem|Number=Sing	1	1.000	form_absent
ottenimento	ottenimento	NOUN	Gender=Masc|Number=Sing	1	1.000	form_absent
ottimizzazione	ottimizzazione	NOUN	Gender=Fem|Number=Sing	1	1.000	form_absent
ottobe	ottobe	NOUN	Gender=Masc|Number=Sing	1	1.000	form_absent
over	over	ADP	_	1	1.000	form_absent
ovoli	ovolo	NOUN	Gender=Masc|Number=Plur	1	1.000	form_absent
oziosamente	oziosamente	ADV	_	1	1.000	form_absent
ozonosfera	ozonosfera	NOUN	Gender=Fem|Number=Sing	1	1.000	form_absent
p	p	X	_	1	1.000	form_absent
p1	p1	PROPN	_	1	1.000	form_absent
paleontologico	paleontologico	ADJ	Gender=Masc|Number=Sing	1	1.000	form_absent
paletnologico	paletnologico	ADJ	Gender=Masc|Number=Sing	1	1.000	form_absent
paline	palina	NOUN	Gender=Fem|Number=Plur	1	1.000	form_absent
pallonaro	pallonaro	ADJ	Gender=Masc|Number=Sing	1	1.000	form_absent
pamphlettista	pamphlettista	NOUN	Number=Sing	1	1.000	form_absent
panteista	panteista	ADJ	Number=Sing	1	1.000	form_absent
panteistico	panteistico	ADJ	Gender=Masc|Number=Sing	1	1.000	form_absent
parachute	parachute	NOUN	Number=Sing	1	1.000	form_absent
paraculi	paraculo	NOUN	Gender=Masc|Number=Plur	1	1.000	form_absent
pars	pars	X	Foreign=Yes	1	1.000	form_absent
part	part	NOUN	Number=Sing	1	1.000	form_absent
passa-parola	passa-parola	NOUN	Gender=Masc	1	1.000	form_absent
passaverdure	passaverdure	NOUN	Gender=Masc|Number=Sing	1	1.000	form_absent
patronimico	patronimico	NOUN	Gender=Masc|Number=Sing	1	1.000	form_absent
paulista	paulista	ADJ	Number=Sing	1	1.000	form_absent
pavillon	pavillon	X	Foreign=Yes	1	1.000	form_absent
pazientemente	pazientemente	ADV	_	1	1.000	form_absent
peace-keeping	peace-keeping	NOUN	Gender=Masc	1	1.000	form_absent
peculiare	peculiare	ADJ	Number=Sing	1	1.000	form_absent
pedagoga	pedagogo	NOUN	Gender=Fem|Number=Sing	1	1.000	form_absent
pedigree	pedigree	NOUN	Gender=Masc	1	1.000	form_absent
peletti	peletto	NOUN	Gender=Masc|Number=Plur	1	1.000	form_absent
peluzzi	peluzzo	NOUN	Gender=Masc|Number=Plur	1	1.000	form_absent
pendant	pendant	NOUN	Gender=Masc	1	1.000	form_absent
pentametro	pentametro	NOUN	Gender=Masc|Number=Sing	1	1.000	form_absent
people	people	X	Foreign=Yes	1	1.000	form_absent
percento	percento	NOUN	Gender=Masc	1	0.333	form_absent
perdette	perdere	VERB	Mood=Ind|Number=Sing|Person=3|Tense=Past|VerbForm=Fin	1	1.000	form_absent
perdifiato	perdifiato	NOUN	Gender=Masc|Number=Sing	1	1.000	form_absent
perdipiù	perdipiù	ADV	_	1	1.000	form_absent
perdu	perdu	ADJ	Gender=Masc|Number=Sing	1	1.000	form_absent
perfin	perfin	ADV	_	1	1.000	form_absent
performanti	performante	ADJ	Number=Plur	1	1.000	form_absent
perniente	perniente	ADV	PronType=Neg	1	1.000	form_absent
perossiacetilnitrati	perossiacetilnitrato	NOUN	Gender=Masc|Number=Plur	1	1.000	form_absent
perossiacetilnitrato	perossiacetilnitrato	NOUN	Gender=Masc|Number=Sing	1	1.000	form_absent
perossibenzoilnitrato	perossibenzoilnitrato	NOUN	Gender=Masc|Number=Sing	1	1.000	form_absent
perpetuità	perpetuità	NOUN	Gender=Fem	1	1.000	form_absent
peschiera	peschiera	NOUN	Gender=Fem|Number=Sing	1	1.000	form_absent
peschiere	peschiera	NOUN	Gender=Fem|Number=Plur	1	1.000	form_absent
petitorio	petitorio	ADJ	Gender=Masc|Number=Sing	1	1.000	form_absent
piacce	piacce	VERB	Mood=Ind|Number=Sing|Person=3|Tense=Pres|VerbForm=Fin	1	1.000	form_absent
piazzaforte	piazzaforte	NOUN	Gender=Fem|Number=Sing	1	1.000	form_absent
pieds	pieds	X	Foreign=Yes	1	1.000	form_absent
pierfrancescane	pierfrancescano	ADJ	Gender=Fem|Number=Plur	1	1.000	form_absent
pingendi	pingendi	X	Foreign=Yes	1	1.000	form_absent
pioppi	pioppo	NOUN	Gender=Masc|Number=Plur	1	1.000	form_absent
pipì	pipì	NOUN	Gender=Fem	1	0.333	form_absent
pistoleros	pistoleros	NOUN	_	1	1.000	form_absent
plan	plan	NOUN	_	1	1.000	form_absent
plans	plans	NOUN	Number=Plur	1	1.000	form_absent
player	player	NOUN	_	1	1.000	form_absent
plein	plein	X	Foreign=Yes	1	1.000	form_absent
pluridisciplinare	pluridisciplinare	ADJ	Number=Sing	1	1.000	form_absent
pluridisciplinarietà	pluridisciplinarietà	NOUN	Gender=Fem	1	1.000	form_absent
poggiapiedi	poggiapiedi	NOUN	Gender=Masc|Number=Plur	1	1.000	form_absent
polignanese	polignanese	ADJ	Number=Sing	1	1.000	form_absent
poligonale	poligonale	ADJ	Number=Sing	1	1.000	form_absent
poncho	poncho	NOUN	Gender=Masc	1	1.000	form_absent
pong	pong	NOUN	_	1	1.000	form_absent
pontificie	pontificio	ADJ	Gender=Fem|Number=Plur	1	1.000	form_absent
pony	pony	NOUN	Gender=Masc|Number=Plur	1	1.000	form_absent
populi	populi	X	Foreign=Yes	1	1.000	form_absent
por	porre	VERB	Mood=Ind|Number=Sing|Person=1|Tense=Past|VerbForm=Fin	1	1.000	form_absent
portabilità	portabilità	NOUN	Gender=Fem	1	1.000	form_absent
portacolori	portacolori	NOUN	_	1	1.000	form_absent
portmanteau	portmanteau	NOUN	Gender=Masc	1	1.000	form_absent
posatore	posatore	NOUN	Gender=Masc|Number=Sing	1	1.000	form_absent
potestativo	potestativo	ADJ	Gender=Masc|Number=Sing	1	1.000	form_absent
precipitatagli	precipitare	VERB	Gender=Fem|Number=Sing|Tense=Past|VerbForm=Part	1	1.000	form_absent
precipitosamente	precipitosamente	ADV	_	1	1.000	form_absent
prediale	prediale	ADJ	Number=Sing	1	1.000	form_absent
predicatoria	predicatorio	ADJ	Gender=Fem|Number=Sing	1	1.000	form_absent
prefigger	prefiggere	VERB	VerbForm=Inf	1	1.000	form_absent
prefinito	prefinire	VERB	Gender=Masc|Number=Sing|Tense=Past|VerbForm=Part	1	1.000	form_absent
prehessiano	prehessiano	ADJ	Gender=Masc|Number=Sing	1	1.000	form_absent
premarzo	premarzo	NOUN	Gender=Masc|Number=Sing	1	1.000	form_absent
preorbitale	preorbitale	ADJ	Number=Sing	1	1.000	form_absent
prequarantottesco	prequarantottesco	ADJ	Gender=Masc|Number=Sing	1	1.000	form_absent
prescientemente	prescientemente	ADV	_	1	1.000	form_absent
preside	preside	NOUN	Number=Sing	1	1.000	form_absent
pressochè	pressoché	ADV	_	1	1.000	form_absent
primis	primis	X	Foreign=Yes	1	1.000	form_absent
primitività	primitività	NOUN	Gender=Fem	1	1.000	form_absent
principî	principio	NOUN	Gender=Masc|Number=Plur	1	1.000	form_absent
privée	privée	ADJ	Gender=Fem|Number=Plur	1	1.000	form_absent
pro-capite	pro-capite	ADJ	_	1	1.000	form_absent
processor	processor	NOUN	_	1	1.000	form_absent
produr	produrre	VERB	VerbForm=Inf	1	1.000	form_absent
progamma	progamma	NOUN	Gender=Fem|Number=Sing	1	1.000	form_absent
promovendo	promuovere	VERB	VerbForm=Ger	1	1.000	form_absent
proponibilità	proponibilità	NOUN	Gender=Fem	1	1.000	form_absent
proseliti	proselite	NOUN	Number=Plur	1	1.000	form_absent
prospectiva	prospectiva	X	Foreign=Yes	1	1.000	form_absent
provvederà	provvedere	VERB	Mood=Ind|Number=Sing|Person=3|Tense=Fut|VerbForm=Fin	1	1.000	form_absent
provvidenzialmente	provvidenzialmente	ADV	_	1	1.000	form_absent
pruriginosa	pruriginoso	ADJ	Gender=Fem|Number=Sing	1	1.000	form_absent
pseudo	pseudo	ADJ	_	1	1.000	form_absent
psico	psico	ADV	_	1	1.000	form_absent
pudicamente	pudicamente	ADV	_	1	1.000	form_absent
pulse	pulse	NOUN	_	1	1.000	form_absent
puntigliosamente	puntigliosamente	ADV	_	1	1.000	form_absent
putrescente	putrescente	ADJ	Number=Sing	1	1.000	form_absent
q	q	X	_	1	1.000	form_absent
quadricromia	quadricromia	NOUN	Gender=Fem|Number=Sing	1	1.000	form_absent
quadrilobato	quadrilobato	ADJ	Gender=Masc|Number=Sing	1	1.000	form_absent
quadrivio	quadrivio	NOUN	Gender=Masc|Number=Sing	1	1.000	form_absent
qualcheduno	qualcheduno	PRON	Gender=Masc|Number=Sing|PronType=Ind	1	1.000	form_absent
quant'	quanto	ADV	_	1	1.000	form_absent
quartos	quartos	NOUN	_	1	1.000	form_absent
quasar	quasar	NOUN	Gender=Fem	1	1.000	form_absent
quo	quo	X	Foreign=Yes	1	1.000	form_absent
r	r	X	_	1	1.000	form_absent
r.d.	r.d.	NOUN	Gender=Masc|Number=Sing	1	1.000	form_absent
rabbiosamente	rabbiosamente	ADV	_	1	1.000	form_absent
rabbits	rabbit	NOUN	Number=Plur	1	1.000	form_absent
radiofrequenza	radiofrequenza	NOUN	Gender=Fem|Number=Sing	1	1.000	form_absent
radiomobili	radiomobile	NOUN	Gender=Fem|Number=Plur	1	1.000	form_absent
raggiera	raggiera	NOUN	Gender=Fem|Number=Sing	1	1.000	form_absent
ranging	ranging	NOUN	Gender=Masc	1	1.000	form_absent
rassodamento	rassodamento	NOUN	Gender=Masc|Number=Sing	1	1.000	form_absent
ratealmente	ratealmente	ADV	_	1	1.000	form_absent
recherche	recherche	NOUN	Gender=Fem|Number=Sing	1	1.000	form_absent
recuperatore	recuperatore	NOUN	Gender=Masc|Number=Sing	1	1.000	form_absent
reflectors	reflector	NOUN	Number=Plur	1	1.000	form_absent
refrigerio	refrigerio	NOUN	Gender=Masc|Number=Sing	1	1.000	form_absent
regalìa	regalìa	NOUN	Gender=Fem|Number=Sing	1	1.000	form_absent
reintrodotto	reintrodurre	VERB	Gender=Masc|Number=Sing|Tense=Past|VerbForm=Part	1	1.000	form_absent
religion	religion	X	Foreign=Yes	1	1.000	form_absent
remezon	remezon	NOUN	Gender=Masc|Number=Sing	1	1.000	form_absent
renminbi	renminbi	NOUN	Gender=Masc|Number=Plur	1	1.000	form_absent
repetition	repetition	NOUN	_	1	1.000	form_absent
reprimibili	reprimibile	ADJ	Number=Plur	1	1.000	form_absent
reps	reps	NOUN	Gender=Masc	1	1.000	form_absent
res	res	X	Foreign=Yes	1	1.000	form_absent
resilienza	resilienza	NOUN	Gender=Fem|Number=Sing	1	1.000	form_absent
responder	responder	NOUN	_	1	1.000	form_absent
responsabilmente	responsabilmente	ADV	_	1	1.000	form_absent
rettificazioni	rettificazione	NOUN	Gender=Fem|Number=Plur	1	1.000	form_absent
rezza	rezza	X	_	1	1.000	form_absent
rhum	rhum	NOUN	Gender=Masc	1	1.000	form_absent
ribilanciata	ribilanciata	ADJ	Gender=Fem|Number=Sing	1	1.000	form_absent
ricandidano	ricandidano	VERB	Mood=Ind|Number=Plur|Person=3|Tense=Pres|VerbForm=Fin	1	1.000	form_absent
ricetrasmettitore	ricetrasmettitore	NOUN	Gender=Masc|Number=Sing	1	1.000	form_absent
ricircolo	ricircolo	NOUN	Gender=Masc|Number=Sing	1	1.000	form_absent
ridebutta	ridebuttare	VERB	Mood=Ind|Number=Sing|Person=3|Tense=Pres|VerbForm=Fin	1	1.000	form_absent
ridur	ridurre	VERB	VerbForm=Inf	1	1.000	form_absent
riedificazioni	riedificazione	NOUN	Gender=Fem|Number=Plur	1	1.000	form_absent
rietichettature	rietichettatura	NOUN	Gender=Fem|Number=Plur	1	1.000	form_absent
rifilmizzare	rifilmizzare	VERB	VerbForm=Inf	1	1.000	form_absent
rifà	rifare	VERB	Mood=Ind|Number=Sing|Person=3|Tense=Pres|VerbForm=Fin	1	1.000	form_absent
rilasciamenti	rilasciamento	NOUN	Gender=Masc|Number=Plur	1	1.000	form_absent
rimessione	rimessione	NOUN	Gender=Fem|Number=Sing	1	1.000	form_absent
rinnovazione	rinnovazione	NOUN	Gender=Fem|Number=Sing	1	1.000	form_absent
rinominato	rinominare	VERB	Gender=Masc|Number=Sing|Tense=Past|VerbForm=Part	1	1.000	form_absent
rinsaldamento	rinsaldamento	NOUN	Gender=Masc|Number=Sing	1	1.000	form_absent
ripetè	ripetere	VERB	Mood=Ind|Number=Sing|Person=3|Tense=Past|VerbForm=Fin	1	1.000	form_absent
ripiantare	ripiantare	VERB	VerbForm=Inf	1	1.000	form_absent
riprodur	riprodurre	VERB	VerbForm=Inf	1	1.000	form_absent
riservatamente	riservatamente	ADV	_	1	1.000	form_absent
risiedè	risiedere	VERB	Mood=Ind|Number=Sing|Person=3|Tense=Past|VerbForm=Fin	1	1.000	form_absent
risolutivamente	risolutivamente	ADV	_	1	1.000	form_absent
risolutore	risolutore	ADJ	Gender=Masc|Number=Sing	1	1.000	form_absent
risponder	rispondere	VERB	VerbForm=Inf	1	1.000	form_absent
ritmicamente	ritmicamente	ADV	_	1	1.000	form_absent
ritrasmissione	ritrasmissione	NOUN	Gender=Fem|Number=Sing	1	1.000	form_absent
rittratti	rittratti	NOUN	Gender=Masc|Number=Plur	1	1.000	form_absent
ritualmente	ritualmente	ADV	_	1	1.000	form_absent
riversamento	riversamento	NOUN	Gender=Masc|Number=Sing	1	1.000	form_absent
rivi	rivo	NOUN	Gender=Masc|Number=Plur	1	1.000	form_absent
rivo	rivo	NOUN	Gender=Masc|Number=Sing	1	1.000	form_absent
road	road	NOUN	Gender=Fem	1	0.500	form_absent
road	road	X	Foreign=Yes	1	0.500	form_absent
robinie	robinia	NOUN	Gender=Fem|Number=Plur	1	1.000	form_absent
roccato	roccato	VERB	Gender=Masc|Number=Sing|Tense=Past|VerbForm=Part	1	1.000	form_absent
roll	roll	NOUN	Gender=Masc	1	1.000	form_absent
rosmarino	rosmarino	NOUN	Gender=Masc|Number=Sing	1	1.000	form_absent
rossoverde	rossoverde	ADJ	_	1	1.000	form_absent
rotolamento	rotolamento	NOUN	Gender=Masc|Number=Sing	1	1.000	form_absent
rum	rum	NOUN	Gender=Masc	1	1.000	form_absent
run	run	NOUN	Gender=Masc	1	0.333	form_absent
république	république	NOUN	Gender=Fem|Number=Sing	1	1.000	form_absent
s.a.s	s.a.s	NOUN	Number=Sing	1	1.000	form_absent
sadomasochistiche	sadomasochistico	ADJ	Gender=Fem|Number=Plur	1	1.000	form_absent
sahariana	sahariana	ADJ	Gender=Fem|Number=Sing	1	1.000	form_absent
salicilico	salicilico	ADJ	Gender=Masc|Number=Sing	1	1.000	form_absent
salubrità	salubrità	NOUN	Gender=Fem	1	1.000	form_absent
salvia	salvia	NOUN	Gender=Fem|Number=Sing	1	1.000	form_absent
sammaritana	sammaritana	ADJ	Gender=Fem|Number=Sing	1	1.000	form_absent
sapern	sapere	VERB	VerbForm=Inf	1	1.000	form_absent
sarin	sarin	NOUN	Gender=Masc	1	1.000	form_absent
saveriani	saveriano	ADJ	Gender=Masc|Number=Plur	1	1.000	form_absent
scarabocchiatore	scarabocchiatore	NOUN	Gender=Masc|Number=Sing	1	1.000	form_absent
scartamento	scartamento	NOUN	Gender=Masc|Number=Sing	1	1.000	form_absent
scentifica	scentifica	ADJ	Gender=Fem|Number=Sing	1	1.000	form_absent
schematicamente	schematicamente	ADV	_	1	1.000	form_absent
scheme	scheme	NOUN	Gender=Masc	1	1.000	form_absent
schiacciasassi	schiacciasassi	ADJ	_	1	1.000	form_absent
schiacciatrice	schiacciatore	NOUN	Gender=Fem|Number=Sing	1	1.000	form_absent
scorza	scorza	NOUN	Gender=Fem|Number=Sing	1	1.000	form_absent
scoscendimenti	scoscendimento	NOUN	Gender=Masc|Number=Plur	1	1.000	form_absent
scotolatura	scotolatura	NOUN	Gender=Fem|Number=Sing	1	1.000	form_absent
scream	scream	NOUN	Gender=Masc	1	1.000	form_absent
scrubbing	scrubbing	NOUN	Gender=Masc|Number=Sing	1	1.000	form_absent
sdemanializzazione	sdemanializzazione	NOUN	Gender=Fem|Number=Sing	1	1.000	form_absent
sebacee	sebaceo	ADJ	Gender=Fem|Number=Plur	1	1.000	form_absent
seccamente	seccamente	ADV	_	1	1.000	form_absent
secretaires	secretaire	NOUN	Number=Plur	1	1.000	form_absent
seder	sedere	VERB	VerbForm=Inf	1	1.000	form_absent
seduttivo	seduttivo	ADJ	Gender=Masc|Number=Sing	1	1.000	form_absent
seicentodiciotto	seicentodiciotto	NUM	NumType=Card	1	1.000	form_absent
seicentotrenta	seicentotrenta	NUM	NumType=Card	1	1.000	form_absent
sein	sein	NOUN	Gender=Masc|Number=Sing	1	1.000	form_absent
sembiante	sembiante	NOUN	Number=Sing	1	1.000	form_absent
semenzai	semenzaio	NOUN	Gender=Masc|Number=Plur	1	1.000	form_absent
sensuosità	sensuosità	NOUN	Gender=Fem	1	1.000	form_absent
serramenti	serramento	NOUN	Gender=Masc|Number=Plur	1	1.000	form_absent
servants	servants	NOUN	Gender=Masc|Number=Plur	1	1.000	form_absent
servitu'	servitù	NOUN	Gender=Fem	1	1.000	form_absent
sesamo	sesamo	NOUN	Gender=Masc|Number=Sing	1	1.000	form_absent
sfasciafamiglie	sfasciafamiglie	NOUN	Gender=Fem|Number=Plur	1	1.000	form_absent
sfavorevolmente	sfavorevolmente	ADV	_	1	1.000	form_absent
sfinge	sfinge	NOUN	Gender=Fem|Number=Sing	1	1.000	form_absent
sgomita	sgomitare	VERB	Mood=Ind|Number=Sing|Person=3|Tense=Pres|VerbForm=Fin	1	1.000	form_absent
sguizzeri	sguizzero	NOUN	Gender=Masc|Number=Plur	1	1.000	form_absent
shaker	shaker	NOUN	Gender=Masc	1	1.000	form_absent
shakespeariana	shakespeariana	ADJ	Gender=Fem|Number=Sing	1	1.000	form_absent
show-rooms	show-rooms	NOUN	Gender=Fem	1	1.000	form_absent
sicchè	sicché	ADV	_	1	1.000	form_absent
similmente	similmente	ADV	_	1	1.000	form_absent
sincronizzazione	sincronizzazione	NOUN	Gender=Fem|Number=Sing	1	1.000	form_absent
sintagmi	sintagma	NOUN	Gender=Masc|Number=Plur	1	1.000	form_absent
slide	slide	NOUN	Gender=Fem|Number=Sing	1	1.000	form_absent
smaltatura	smaltatura	NOUN	Gender=Fem|Number=Sing	1	1.000	form_absent
smeraldi	smeraldo	NOUN	Gender=Masc|Number=Plur	1	1.000	form_absent
smoke	smoke	NOUN	_	1	1.000	form_absent
sms	sms	NOUN	_	1	1.000	form_absent
softball	softball	NOUN	Gender=Masc	1	1.000	form_absent
solidamente	solido	ADV	_	1	1.000	form_absent
solidarista	solidarista	ADJ	Number=Sing	1	1.000	form_absent
solonica	solonico	ADJ	Gender=Fem|Number=Sing	1	1.000	form_absent
sontuosamente	sontuosamente	ADV	_	1	1.000	form_absent
soon	soon	X	Foreign=Yes	1	1.000	form_absent
sopraedificata	sopraedificato	ADJ	Gender=Fem|Number=Sing	1	1.000	form_absent
sopraedificazione	sopraedificazione	NOUN	Gender=Fem|Number=Sing	1	1.000	form_absent
sorprender	sorprendere	VERB	VerbForm=Inf	1	1.000	form_absent
sorrenamento	sorrenamento	NOUN	Gender=Masc|Number=Sing	1	1.000	form_absent
sorrentina	sorrentino	ADJ	Gender=Fem|Number=Sing	1	1.000	form_absent
sostegnoo	sostegnoo	NOUN	Gender=Masc|Number=Sing	1	1.000	form_absent
sottoalberi	sottoalbero	NOUN	Gender=Masc|Number=Plur	1	1.000	form_absent
sottopeso	sottopeso	ADJ	_	1	1.000	form_absent
sottoprogetto	sottoprogetto	NOUN	Gender=Masc|Number=Sing	1	1.000	form_absent
sottostruttura	sottostruttura	NOUN	Gender=Fem|Number=Sing	1	1.000	form_absent
souvenir	souvenir	NOUN	Gender=Masc	1	1.000	form_absent
sovrannumero	sovrannumero	NOUN	Gender=Masc|Number=Sing	1	1.000	form_absent
sovrappor	sovrapporre	VERB	VerbForm=Inf	1	1.000	form_absent
sovrasuolo	sovrasuolo	NOUN	Gender=Masc|Number=Sing	1	1.000	form_absent
spendacciona	spendaccione	ADJ	Gender=Fem|Number=Sing	1	1.000	form_absent
spinetta	spinetta	NOUN	Gender=Fem|Number=Sing	1	1.000	form_absent
sporula	sporula	NOUN	Gender=Fem|Number=Sing	1	1.000	form_absent
sporulato	sporulato	VERB	Gender=Masc|Number=Sing|Tense=Past|VerbForm=Part	1	1.000	form_absent
spugnature	spugnatura	NOUN	Gender=Fem|Number=Plur	1	1.000	form_absent
sputacchiere	sputacchiera	NOUN	Gender=Fem|Number=Plur	1	1.000	form_absent
squame	squama	NOUN	Gender=Fem|Number=Plur	1	1.000	form_absent
squawk	squawk	NOUN	Gender=Masc	1	1.000	form_absent
stagnamento	stagnamento	NOUN	Gender=Masc|Number=Sing	1	1.000	form_absent
stallatico	stallatico	NOUN	Gender=Masc|Number=Sing	1	1.000	form_absent
stand-by	stand-by	NOUN	Gender=Masc	1	1.000	form_absent
standby	standby	NOUN	_	1	1.000	form_absent
statu	statu	X	Foreign=Yes	1	1.000	form_absent
stigliatura	stigliatura	NOUN	Gender=Fem|Number=Sing	1	1.000	form_absent
stiratura	stiratura	NOUN	Gender=Fem|Number=Sing	1	1.000	form_absent
stomi	stoma	NOUN	Gender=Masc|Number=Plur	1	1.000	form_absent
stone	stone	NOUN	Gender=Masc|Number=Sing	1	1.000	form_absent
stoppie	stoppia	NOUN	Gender=Fem|Number=Plur	1	1.000	form_absent
strenua	strenuo	ADJ	Gender=Fem|Number=Sing	1	1.000	form_absent
subatomico	subatomico	ADJ	Gender=Masc|Number=Sing	1	1.000	form_absent
subenfiteusi	subenfiteusi	NOUN	Gender=Fem	1	1.000	form_absent
subiettiva	subiettivo	ADJ	Gender=Fem|Number=Sing	1	1.000	form_absent
subiettività	subiettività	NOUN	Gender=Fem	1	1.000	form_absent
sublicenza	sublicenza	NOUN	Gender=Fem|Number=Sing	1	1.000	form_absent
suborbitali	suborbitale	ADJ	Number=Plur	1	1.000	form_absent
subìto	subìre	VERB	Gender=Masc|Number=Sing|Tense=Past|VerbForm=Part	1	1.000	form_absent
succeduta	succedere	VERB	Gender=Fem|Number=Sing|Tense=Past|VerbForm=Part	1	1.000	form_absent
suffisso	suffisso	NOUN	Gender=Masc|Number=Sing	1	1.000	form_absent
suor	suora	NOUN	Gender=Fem|Number=Plur	1	1.000	form_absent
super-consulente	super-consulente	NOUN	Number=Sing	1	1.000	form_absent
supervisionare	supervisionare	VERB	VerbForm=Inf	1	1.000	form_absent
supplementare	supplementare	ADJ	Number=Sing	1	1.000	form_absent
supplementazione	supplementazione	NOUN	Gender=Fem|Number=Sing	1	1.000	form_absent
surgelatore	surgelatore	NOUN	Gender=Masc|Number=Sing	1	1.000	form_absent
surrogazione	surrogazione	NOUN	Gender=Fem|Number=Sing	1	1.000	form_absent
svevi	svevo	ADJ	Gender=Masc|Number=Plur	1	1.000	form_absent
svezzamento	svezzamento	NOUN	Gender=Masc|Number=Sing	1	1.000	form_absent
sviluppatori	sviluppatore	NOUN	Gender=Masc|Number=Plur	1	1.000	form_absent
sweep	sweep	ADJ	_	1	1.000	form_absent
synching	synching	NOUN	_	1	1.000	form_absent
taccagne	taccagno	ADJ	Gender=Fem|Number=Plur	1	1.000	form_absent
tagliacarte	tagliacarte	NOUN	Gender=Masc	1	1.000	form_absent
talk	talk	X	Foreign=Yes	1	0.250	form_absent
taluni	taluno	PRON	Gender=Masc|Number=Plur|PronType=Ind	1	0.167	form_absent
tamponature	tamponatura	NOUN	Gender=Fem|Number=Plur	1	1.000	form_absent
tangentizia	tangentizia	ADJ	Gender=Fem|Number=Sing	1	1.000	form_absent
taoismo	taoismo	NOUN	Gender=Masc|Number=Sing	1	1.000	form_absent
tardogotica	tardogotico	ADJ	Gender=Fem|Number=Sing	1	1.000	form_absent
taroccate	taroccate	ADJ	Gender=Fem|Number=Plur	1	1.000	form_absent
tastoni	tastoni	NOUN	Gender=Masc|Number=Plur	1	1.000	form_absent
teatriali	teatriali	ADJ	Gender=Masc|Number=Plur	1	1.000	form_absent
tech	tech	NOUN	_	1	1.000	form_absent
technologies	technologies	NOUN	_	1	1.000	form_absent
tecnocratico	tecnocratico	ADJ	Gender=Masc|Number=Sing	1	1.000	form_absent
tegamino	tegamino	NOUN	Gender=Masc|Number=Sing	1	1.000	form_absent
teleferiche	teleferica	ADJ	Gender=Fem|Number=Plur	1	1.000	form_absent
telerilevamento	telerilevamento	NOUN	Gender=Masc|Number=Sing	1	1.000	form_absent
temer	temere	VERB	VerbForm=Inf	1	1.000	form_absent
tempore	tempore	NOUN	Gender=Masc|Number=Sing	1	1.000	form_absent
temps	temps	NOUN	Gender=Masc|Number=Sing	1	1.000	form_absent
ten	ten	NOUN	_	1	1.000	form_absent
tensostruttura	tensostruttura	NOUN	Gender=Fem|Number=Sing	1	1.000	form_absent
teodolite	teodolite	NOUN	Gender=Masc|Number=Sing	1	1.000	form_absent
teosofia	teosofia	NOUN	Gender=Fem|Number=Sing	1	1.000	form_absent
teosofo	teosofo	ADJ	Gender=Masc|Number=Sing	1	1.000	form_absent
tereftalato	tereftalato	ADJ	Gender=Masc|Number=Sing	1	1.000	form_absent
termocoibenza	termocoibenza	NOUN	Gender=Fem|Number=Sing	1	1.000	form_absent
termofissaggio	termofissaggio	NOUN	Gender=Masc|Number=Sing	1	1.000	form_absent
termoplasticità	termoplasticità	NOUN	Gender=Fem	1	1.000	form_absent
termoprotetto	termoprotetto	ADJ	Gender=Masc|Number=Sing	1	1.000	form_absent
termosfera	termosfera	NOUN	Gender=Fem|Number=Sing	1	1.000	form_absent
terreiros	terreiro	NOUN	Gender=Masc|Number=Plur	1	1.000	form_absent
terrero	terrero	NOUN	Gender=Masc|Number=Sing	1	1.000	form_absent
terrirori	terrirori	NOUN	Gender=Masc|Number=Plur	1	1.000	form_absent
testardamente	testardamente	ADV	_	1	1.000	form_absent
tilenolo	tilenolo	NOUN	Gender=Masc|Number=Sing	1	1.000	form_absent
time	time	NOUN	Number=Sing	1	1.000	form_absent
tipizzazione	tipizzazione	NOUN	Gender=Fem|Number=Sing	1	1.000	form_absent
tiroide	tiroide	NOUN	Gender=Fem|Number=Sing	1	1.000	form_absent
titoina	titoino	ADJ	Gender=Fem|Number=Sing	1	1.000	form_absent
titoisti	titoista	ADJ	Gender=Masc|Number=Plur	1	1.000	form_absent
tofu	tofu	NOUN	Gender=Masc|Number=Sing	1	1.000	form_absent
too	too	X	Foreign=Yes	1	1.000	form_absent
topicalizzate	topicalizzate	ADJ	Gender=Fem|Number=Plur	1	1.000	form_absent
torba	torba	NOUN	Gender=Fem|Number=Sing	1	1.000	form_absent
tosatura	tosatura	NOUN	Gender=Fem|Number=Sing	1	1.000	form_absent
toscanina	toscanino	NOUN	Gender=Fem|Number=Sing	1	1.000	form_absent
tout	tout	X	Foreign=Yes	1	1.000	form_absent
tozzetti	tozzetto	NOUN	Gender=Masc|Number=Plur	1	1.000	form_absent
tozzetto	tozzetto	NOUN	Gender=Masc|Number=Sing	1	1.000	form_absent
tracciamento	tracciamento	NOUN	Gender=Masc|Number=Sing	1	1.000	form_absent
tracciatura	tracciatura	NOUN	Gender=Fem|Number=Sing	1	1.000	form_absent
tradur	tradurre	VERB	VerbForm=Inf	1	1.000	form_absent
transposizione	transposizione	NOUN	Gender=Fem|Number=Sing	1	1.000	form_absent
trasformativo	trasformativo	ADJ	Gender=Masc|Number=Sing	1	1.000	form_absent
trecentoquindici	trecentoquindici	NUM	NumType=Card	1	1.000	form_absent
tricoteuses	tricoteuse	NOUN	Gender=Fem|Number=Plur	1	1.000	form_absent
triplettes	triplettes	X	Foreign=Yes	1	1.000	form_absent
tronetto	tronetto	NOUN	Gender=Masc|Number=Sing	1	1.000	form_absent
troposferico	troposferico	ADJ	Gender=Masc|Number=Sing	1	1.000	form_absent
tutt'	tutto	ADV	_	1	0.143	form_absent
tutt'	tutto	DET	PronType=Tot	1	0.143	form_absent
tutt'	tutto	PRON	Number=Sing|PronType=Ind	1	0.143	form_absent
tuttocampo	tuttocampo	NOUN	Gender=Masc|Number=Sing	1	1.000	form_absent
tutt’	tutto	DET	Number=Sing|PronType=Ind	1	1.000	form_absent
tweet	tweet	NOUN	Gender=Masc	1	1.000	form_absent
twitta	twitta	VERB	Mood=Ind|Number=Sing|Person=3|Tense=Pres|VerbForm=Fin	1	1.000	form_absent
u	u	ADP	_	1	1.000	form_absent
ultra-trasparenti	ultra-trasparente	ADJ	Gender=Fem|Number=Plur	1	1.000	form_absent
ultramiliardari	ultramiliardario	NOUN	Gender=Masc|Number=Plur	1	1.000	form_absent
ultraperiferiche	ultraperiferiche	ADJ	Gender=Fem|Number=Plur	1	1.000	form_absent
umorale	umorale	ADJ	Number=Sing	1	1.000	form_absent
uncinetto	uncinetto	NOUN	Gender=Masc|Number=Sing	1	1.000	form_absent
underperformance	underperformance	NOUN	Gender=Fem|Number=Plur	1	1.000	form_absent
uopo	uopo	NOUN	Gender=Masc|Number=Sing	1	1.000	form_absent
uranio	uranio	NOUN	Gender=Masc|Number=Sing	1	1.000	form_absent
usitatissimum	usitatissimum	ADJ	Degree=Abs|Gender=Masc|Number=Sing	1	1.000	form_absent
v	quinto	ADJ	NumType=Ord|Number=Sing	1	0.500	form_absent
v	v	ADJ	NumType=Ord|Number=Sing	1	0.500	form_absent
vacances	vacances	X	Foreign=Yes	1	1.000	form_absent
vacanzastudio	vacanzastudio	NOUN	Gender=Fem|Number=Sing	1	1.000	form_absent
vaccari	vaccaro	NOUN	Gender=Masc|Number=Plur	1	1.000	form_absent
vagues	vagues	X	Foreign=Yes	1	1.000	form_absent
vaniglia	vaniglia	NOUN	Gender=Fem|Number=Sing	1	1.000	form_absent
veal	veal	NOUN	_	1	1.000	form_absent
vecchierella	vecchierello	NOUN	Gender=Fem|Number=Sing	1	1.000	form_absent
velenoso.	velenoso.	ADJ	Gender=Masc|Number=Sing	1	1.000	form_absent
velocizzare	velocizzare	VERB	VerbForm=Inf	1	1.000	form_absent
ventinovenne	ventinovenne	NOUN	Number=Sing	1	1.000	form_absent
ventiquattr'	ventiquattro	NUM	NumType=Card	1	1.000	form_absent
vent’	venti	NUM	NumType=Card	1	1.000	form_absent
veruna	veruno	DET	Gender=Fem|Number=Sing|PronType=Ind	1	1.000	form_absent
vetroresina	vetroresina	NOUN	Gender=Fem	1	1.000	form_absent
viagra	viagra	NOUN	Gender=Fem|Number=Sing	1	1.000	form_absent
vicendevole	vicendevole	ADJ	Number=Sing	1	1.000	form_absent
vien	venire	VERB	Mood=Ind|Number=Sing|Person=3|Tense=Pres|VerbForm=Fin	1	0.500	form_absent
vien	venire	AUX	Mood=Ind|Number=Sing|Person=3|Tense=Pres|VerbForm=Fin	1	0.500	form_absent
vietrese	vietrese	ADJ	Gender=Fem|Number=Sing	1	0.333	form_absent
vimini	vimine	NOUN	Gender=Masc|Number=Plur	1	1.000	form_absent
viottole	viottola	NOUN	Gender=Fem|Number=Plur	1	1.000	form_absent
visceralmente	visceralmente	ADV	_	1	1.000	form_absent
visibilio	visibilio	NOUN	Gender=Masc|Number=Sing	1	1.000	form_absent
vocals	vocal	NOUN	Number=Plur	1	1.000	form_absent
waiting	waiting	X	Foreign=Yes	1	1.000	form_absent
webcast	webcast	NOUN	_	1	1.000	form_absent
wondering	wondering	NOUN	_	1	1.000	form_absent
word	word	NOUN	_	1	1.000	form_absent
wrestling	wrestling	NOUN	Gender=Masc	1	1.000	form_absent
www.amnesty.it	www.amnesty.it	SYM	_	1	1.000	form_absent
www.centrodonmilani.org	www.centrodonmilani.org	SYM	_	1	1.000	form_absent
www.dueparole.it	www.dueparole.it	SYM	_	1	1.000	form_absent
www.legadelcane.org	www.legadelcane.org	SYM	_	1	1.000	form_absent
x	x	SYM	_	1	1.000	form_absent
xantogenato	xantogenato	NOUN	Gender=Masc|Number=Sing	1	1.000	form_absent
xvi	sedicesimo	ADJ	NumType=Ord|Number=Sing	1	1.000	form_absent
y	y	CCONJ	_	1	1.000	form_absent
yakuza	yakuza	NOUN	Gender=Fem|Number=Sing	1	1.000	form_absent
yama	yama	X	Foreign=Yes	1	1.000	form_absent
yamate	yamate	NOUN	_	1	1.000	form_absent
yeux	yeux	X	Foreign=Yes	1	1.000	form_absent
yogurth	yogurth	NOUN	Gender=Masc|Number=Sing	1	1.000	form_absent
you	you	X	Foreign=Yes	1	1.000	form_absent
youth	youth	NOUN	_	1	1.000	form_absent
zairoti	zairota	ADJ	Number=Plur	1	1.000	form_absent
zigote	zigote	NOUN	Gender=Masc|Number=Sing	1	1.000	form_absent
zinnia	zinnia	NOUN	Gender=Fem|Number=Sing	1	1.000	form_absent
°	_	X	_	1	0.200	form_absent
À	À	ADP	_	1	1.000	form_absent
Èmile	Èmile	PROPN	_	1	1.000	form_absent
Écran	Écran	PROPN	_	1	1.000	form_absent
Émile	Émile	PROPN	_	1	1.000	form_absent
″	″	PUNCT	_	1	1.000	form_absent
の	の	PROPN	_	1	1.000	form_absent
ノ	ノ	PROPN	_	1	1.000	form_absent
山手	山手	PROPN	_	1	1.000	form_absent
山手線	山手線	PROPN	_	1	1.000	form_absent
豊島線	豊島線	PROPN	_	1	1.000	form_absent
